Servicing hardware INT=0x68
     0: v=68 e=0000 i=0 cpl=0 IP=0038:000000001f595248 pc=000000001f595248 SP=0030:000000001febdc68 env->regs[R_EAX]=000000000000fffe
RAX=000000000000fffe RBX=00000000000186a0 RCX=0000000000000000 RDX=0000000000000021
RSI=0000000000000000 RDI=000000000000fffe RBP=000000001fed48a0 RSP=000000001febdc68
R8 =0000000000000000 R9 =000000001f5956e0 R10=000000001fed50a8 R11=000000001f8e6d98
R12=0000000000000000 R13=000000001f85bab0 R14=000000001fed2b18 R15=000000001f624d18
RIP=000000001f595248 RFL=00000246 [---Z-P-] CPL=0 II=0 A20=1 SMM=0 HLT=0
ES =0030 0000000000000000 ffffffff 00cf9300 DPL=0 DS   [-WA]
CS =0038 0000000000000000 ffffffff 00af9a00 DPL=0 CS64 [-R-]
SS =0030 0000000000000000 ffffffff 00cf9300 DPL=0 DS   [-WA]
DS =0030 0000000000000000 ffffffff 00cf9300 DPL=0 DS   [-WA]
FS =0030 0000000000000000 ffffffff 00cf9300 DPL=0 DS   [-WA]
GS =0030 0000000000000000 ffffffff 00cf9300 DPL=0 DS   [-WA]
LDT=0000 0000000000000000 0000ffff 00008200 DPL=0 LDT
TR =0000 0000000000000000 0000ffff 00008b00 DPL=0 TSS64-busy
GDT=     000000001f9eea98 00000047
IDT=     000000001f586018 00000fff
CR0=80010033 CR2=0000000000000000 CR3=000000001fc01000 CR4=00000660
DR0=0000000000000000 DR1=0000000000000000 DR2=0000000000000000 DR3=0000000000000000 
DR6=00000000ffff0ff0 DR7=0000000000000400
CCS=000000000000000f CCD=0000000000000000 CCO=LOGICB
EFER=0000000000000d00
Servicing hardware INT=0x68
     1: v=68 e=0000 i=0 cpl=0 IP=0038:000000001f5a4d4c pc=000000001f5a4d4c SP=0030:000000001febd350 env->regs[R_EAX]=0000000000000010
RAX=0000000000000010 RBX=00000008c3e00000 RCX=0000000000000010 RDX=0000000000000018
RSI=0000000000000008 RDI=0000000000000006 RBP=0000000000000006 RSP=000000001febd350
R8 =0000000000000018 R9 =000000001f581eb7 R10=0000000000000118 R11=000000001f581b24
R12=0000000000000023 R13=000000001febd478 R14=000000001fc260f0 R15=0000000000000000
RIP=000000001f5a4d4c RFL=00000206 [-----P-] CPL=0 II=0 A20=1 SMM=0 HLT=0
ES =0030 0000000000000000 ffffffff 00cf9300 DPL=0 DS   [-WA]
CS =0038 0000000000000000 ffffffff 00af9a00 DPL=0 CS64 [-R-]
SS =0030 0000000000000000 ffffffff 00cf9300 DPL=0 DS   [-WA]
DS =0030 0000000000000000 ffffffff 00cf9300 DPL=0 DS   [-WA]
FS =0030 0000000000000000 ffffffff 00cf9300 DPL=0 DS   [-WA]
GS =0030 0000000000000000 ffffffff 00cf9300 DPL=0 DS   [-WA]
LDT=0000 0000000000000000 0000ffff 00008200 DPL=0 LDT
TR =0000 0000000000000000 0000ffff 00008b00 DPL=0 TSS64-busy
GDT=     000000001f9eea98 00000047
IDT=     000000001f586018 00000fff
CR0=80000033 CR2=0000000000000000 CR3=000000001fc01000 CR4=00000668
DR0=0000000000000000 DR1=0000000000000000 DR2=0000000000000000 DR3=0000000000000000 
DR6=00000000ffff0ff0 DR7=0000000000000400
CCS=0000000000000004 CCD=000000001febd348 CCO=EFLAGS
EFER=0000000000000d00
Servicing hardware INT=0x68
     2: v=68 e=0000 i=0 cpl=0 IP=0038:000000001f5a4d4c pc=000000001f5a4d4c SP=0030:000000001febd350 env->regs[R_EAX]=0000000000000010
RAX=0000000000000010 RBX=0000000b74e00000 RCX=0000000000000010 RDX=0000000000000018
RSI=0000000000000008 RDI=0000000000000006 RBP=0000000000000006 RSP=000000001febd350
R8 =0000000000000018 R9 =000000001f581eb7 R10=0000000000000118 R11=000000001f581b24
R12=000000000000002d R13=000000001febd478 R14=000000001fc30d30 R15=0000000000000000
RIP=000000001f5a4d4c RFL=00000206 [-----P-] CPL=0 II=0 A20=1 SMM=0 HLT=0
ES =0030 0000000000000000 ffffffff 00cf9300 DPL=0 DS   [-WA]
CS =0038 0000000000000000 ffffffff 00af9a00 DPL=0 CS64 [-R-]
SS =0030 0000000000000000 ffffffff 00cf9300 DPL=0 DS   [-WA]
DS =0030 0000000000000000 ffffffff 00cf9300 DPL=0 DS   [-WA]
FS =0030 0000000000000000 ffffffff 00cf9300 DPL=0 DS   [-WA]
GS =0030 0000000000000000 ffffffff 00cf9300 DPL=0 DS   [-WA]
LDT=0000 0000000000000000 0000ffff 00008200 DPL=0 LDT
TR =0000 0000000000000000 0000ffff 00008b00 DPL=0 TSS64-busy
GDT=     000000001f9eea98 00000047
IDT=     000000001f586018 00000fff
CR0=80000033 CR2=0000000000000000 CR3=000000001fc01000 CR4=00000668
DR0=0000000000000000 DR1=0000000000000000 DR2=0000000000000000 DR3=0000000000000000 
DR6=00000000ffff0ff0 DR7=0000000000000400
CCS=0000000000000004 CCD=000000001febd348 CCO=EFLAGS
EFER=0000000000000d00
Servicing hardware INT=0x68
     3: v=68 e=0000 i=0 cpl=0 IP=0038:000000001febf998 pc=000000001febf998 SP=0030:000000001febd348 env->regs[R_EAX]=000000001febf998
RAX=000000001febf998 RBX=0000000e35a00000 RCX=0000000000000010 RDX=000000001f8ea8e8
RSI=000000001f8ea8e8 RDI=0000000000000000 RBP=0000000000000006 RSP=000000001febd348
R8 =0000000000000018 R9 =000000001f581eb7 R10=0000000000000118 R11=000000001f581b24
R12=000000001f8eaa00 R13=000000001f5a9c18 R14=000000001fc3bd60 R15=0000000000000000
RIP=000000001febf998 RFL=00000206 [-----P-] CPL=0 II=0 A20=1 SMM=0 HLT=0
ES =0030 0000000000000000 ffffffff 00cf9300 DPL=0 DS   [-WA]
CS =0038 0000000000000000 ffffffff 00af9a00 DPL=0 CS64 [-R-]
SS =0030 0000000000000000 ffffffff 00cf9300 DPL=0 DS   [-WA]
DS =0030 0000000000000000 ffffffff 00cf9300 DPL=0 DS   [-WA]
FS =0030 0000000000000000 ffffffff 00cf9300 DPL=0 DS   [-WA]
GS =0030 0000000000000000 ffffffff 00cf9300 DPL=0 DS   [-WA]
LDT=0000 0000000000000000 0000ffff 00008200 DPL=0 LDT
TR =0000 0000000000000000 0000ffff 00008b00 DPL=0 TSS64-busy
GDT=     000000001f9eea98 00000047
IDT=     000000001f586018 00000fff
CR0=80000033 CR2=0000000000000000 CR3=000000001fc01000 CR4=00000668
DR0=0000000000000000 DR1=0000000000000000 DR2=0000000000000000 DR3=0000000000000000 
DR6=00000000ffff0ff0 DR7=0000000000000400
CCS=0000000000000004 CCD=000000001febd350 CCO=EFLAGS
EFER=0000000000000d00
Servicing hardware INT=0x68
     4: v=68 e=0000 i=0 cpl=0 IP=0038:000000001f02f64f pc=000000001f02f64f SP=0030:000000001febdc20 env->regs[R_EAX]=0000000000000000
RAX=0000000000000000 RBX=00000000554d4551 RCX=000000000000b040 RDX=0000000000000cf8
RSI=000000001f54f498 RDI=000000001f54f498 RBP=000000001fed48a0 RSP=000000001febdc20
R8 =0000000000000cf8 R9 =0000000000000246 R10=0000000000000000 R11=000000001f8e6d98
R12=000000001f9ee018 R13=000000001f54f718 R14=000000001fed2b18 R15=000000001f624d18
RIP=000000001f02f64f RFL=00000206 [-----P-] CPL=0 II=0 A20=1 SMM=0 HLT=0
ES =0030 0000000000000000 ffffffff 00cf9300 DPL=0 DS   [-WA]
CS =0038 0000000000000000 ffffffff 00af9a00 DPL=0 CS64 [-R-]
SS =0030 0000000000000000 ffffffff 00cf9300 DPL=0 DS   [-WA]
DS =0030 0000000000000000 ffffffff 00cf9300 DPL=0 DS   [-WA]
FS =0030 0000000000000000 ffffffff 00cf9300 DPL=0 DS   [-WA]
GS =0030 0000000000000000 ffffffff 00cf9300 DPL=0 DS   [-WA]
LDT=0000 0000000000000000 0000ffff 00008200 DPL=0 LDT
TR =0000 0000000000000000 0000ffff 00008b00 DPL=0 TSS64-busy
GDT=     000000001f9eea98 00000047
IDT=     000000001f586018 00000fff
CR0=80010033 CR2=0000000000000000 CR3=000000001fc01000 CR4=00000668
DR0=0000000000000000 DR1=0000000000000000 DR2=0000000000000000 DR3=0000000000000000 
DR6=00000000ffff0ff0 DR7=0000000000000400
CCS=0000000000000004 CCD=0000000000000200 CCO=EFLAGS
EFER=0000000000000d00
Servicing hardware INT=0x68
     5: v=68 e=0000 i=0 cpl=0 IP=0038:000000001fed1f3a pc=000000001fed1f3a SP=0030:000000001febd8f0 env->regs[R_EAX]=00000000000000af
RAX=00000000000000af RBX=0000000000042028 RCX=0000000000020001 RDX=000000001ed70018
RSI=000000001ed70000 RDI=000000001ed92017 RBP=000000001fed5080 RSP=000000001febd8f0
R8 =00000000000000af R9 =0000000000043000 R10=00000000000000f8 R11=000000009bd350d3
R12=000000001ed70018 R13=0000000000000000 R14=0000000000000043 R15=000000001ed70000
RIP=000000001fed1f3a RFL=00010206 [-----P-] CPL=0 II=0 A20=1 SMM=0 HLT=0
ES =0030 0000000000000000 ffffffff 00cf9300 DPL=0 DS   [-WA]
CS =0038 0000000000000000 ffffffff 00af9a00 DPL=0 CS64 [-R-]
SS =0030 0000000000000000 ffffffff 00cf9300 DPL=0 DS   [-WA]
DS =0030 0000000000000000 ffffffff 00cf9300 DPL=0 DS   [-WA]
FS =0030 0000000000000000 ffffffff 00cf9300 DPL=0 DS   [-WA]
GS =0030 0000000000000000 ffffffff 00cf9300 DPL=0 DS   [-WA]
LDT=0000 0000000000000000 0000ffff 00008200 DPL=0 LDT
TR =0000 0000000000000000 0000ffff 00008b00 DPL=0 TSS64-busy
GDT=     000000001f9eea98 00000047
IDT=     000000001f586018 00000fff
CR0=80010033 CR2=0000000000000000 CR3=000000001fc01000 CR4=00000668
DR0=0000000000000000 DR1=0000000000000000 DR2=0000000000000000 DR3=0000000000000000 
DR6=00000000ffff0ff0 DR7=0000000000000400
CCS=0000000000000004 CCD=0000000000042000 CCO=EFLAGS
EFER=0000000000000d00
Servicing hardware INT=0x68
     6: v=68 e=0000 i=0 cpl=0 IP=0038:000000001fa6350c pc=000000001fa6350c SP=0030:000000001febdc68 env->regs[R_EAX]=0000000000000006
RAX=0000000000000006 RBX=0000000000000002 RCX=000000000000001e RDX=0000000000000007
RSI=000000001febdcb0 RDI=000000001e0707ea RBP=000000001febdcb0 RSP=000000001febdc68
R8 =8000000000000002 R9 =000000000000001e R10=000000001fa645a0 R11=000000000000000c
R12=000000001f9ee018 R13=000000001f55ef98 R14=000000001fed2b18 R15=000000001f624d18
RIP=000000001fa6350c RFL=00000293 [--S-A-C] CPL=0 II=0 A20=1 SMM=0 HLT=0
ES =0030 0000000000000000 ffffffff 00cf9300 DPL=0 DS   [-WA]
CS =0038 0000000000000000 ffffffff 00af9a00 DPL=0 CS64 [-R-]
SS =0030 0000000000000000 ffffffff 00cf9300 DPL=0 DS   [-WA]
DS =0030 0000000000000000 ffffffff 00cf9300 DPL=0 DS   [-WA]
FS =0030 0000000000000000 ffffffff 00cf9300 DPL=0 DS   [-WA]
GS =0030 0000000000000000 ffffffff 00cf9300 DPL=0 DS   [-WA]
LDT=0000 0000000000000000 0000ffff 00008200 DPL=0 LDT
TR =0000 0000000000000000 0000ffff 00008b00 DPL=0 TSS64-busy
GDT=     000000001f9eea98 00000047
IDT=     000000001f586018 00000fff
CR0=80010033 CR2=0000000000000000 CR3=000000001fc01000 CR4=00000668
DR0=0000000000000000 DR1=0000000000000000 DR2=0000000000000000 DR3=0000000000000000 
DR6=00000000ffff0ff0 DR7=0000000000000400
CCS=0000000000000091 CCD=ffffffffc4653601 CCO=EFLAGS
EFER=0000000000000d00
Servicing hardware INT=0x68
     7: v=68 e=0000 i=0 cpl=0 IP=0038:000000001edb1a10 pc=000000001edb1a10 SP=0030:000000001febdc18 env->regs[R_EAX]=000000001ede702c
RAX=000000001ede702c RBX=00000000000006e6 RCX=000000001ede702c RDX=000000001edb22c4
RSI=000000001edee698 RDI=000000001edb29b0 RBP=000000001febdca0 RSP=000000001febdc18
R8 =00000000000006e6 R9 =000000001fed2530 R10=000000001fed50b8 R11=000000001f8e6d98
R12=000000001ede7018 R13=000000001ede7712 R14=000000001fed2b18 R15=000000001f624d18
RIP=000000001edb1a10 RFL=00000202 [-------] CPL=0 II=0 A20=1 SMM=0 HLT=0
ES =0030 0000000000000000 ffffffff 00cf9300 DPL=0 DS   [-WA]
CS =0038 0000000000000000 ffffffff 00af9a00 DPL=0 CS64 [-R-]
SS =0030 0000000000000000 ffffffff 00cf9300 DPL=0 DS   [-WA]
DS =0030 0000000000000000 ffffffff 00cf9300 DPL=0 DS   [-WA]
FS =0030 0000000000000000 ffffffff 00cf9300 DPL=0 DS   [-WA]
GS =0030 0000000000000000 ffffffff 00cf9300 DPL=0 DS   [-WA]
LDT=0000 0000000000000000 0000ffff 00008200 DPL=0 LDT
TR =0000 0000000000000000 0000ffff 00008b00 DPL=0 TSS64-busy
GDT=     000000001f9eea98 00000047
IDT=     000000001f586018 00000fff
CR0=80010033 CR2=0000000000000000 CR3=000000001fc01000 CR4=00000668
DR0=0000000000000000 DR1=0000000000000000 DR2=0000000000000000 DR3=0000000000000000 
DR6=00000000ffff0ff0 DR7=0000000000000400
CCS=0000000000000000 CCD=00000000000006e6 CCO=EFLAGS
EFER=0000000000000d00
Servicing hardware INT=0x68
     8: v=68 e=0000 i=0 cpl=0 IP=0038:000000001fed1f3c pc=000000001fed1f3c SP=0030:000000001febd9b0 env->regs[R_EAX]=00000000000000af
RAX=00000000000000af RBX=0000000000001fff RCX=0000000000000000 RDX=000000001edbc000
RSI=000000001fbffc08 RDI=000000001edbe000 RBP=0000000000000002 RSP=000000001febd9b0
R8 =00000000000000af R9 =0000000000000000 R10=000000000000001c R11=000000001f8e6d98
R12=0000000000000001 R13=000000001edbe000 R14=0000000000000007 R15=000000001edbc000
RIP=000000001fed1f3c RFL=00000206 [-----P-] CPL=0 II=0 A20=1 SMM=0 HLT=0
ES =0030 0000000000000000 ffffffff 00cf9300 DPL=0 DS   [-WA]
CS =0038 0000000000000000 ffffffff 00af9a00 DPL=0 CS64 [-R-]
SS =0030 0000000000000000 ffffffff 00cf9300 DPL=0 DS   [-WA]
DS =0030 0000000000000000 ffffffff 00cf9300 DPL=0 DS   [-WA]
FS =0030 0000000000000000 ffffffff 00cf9300 DPL=0 DS   [-WA]
GS =0030 0000000000000000 ffffffff 00cf9300 DPL=0 DS   [-WA]
LDT=0000 0000000000000000 0000ffff 00008200 DPL=0 LDT
TR =0000 0000000000000000 0000ffff 00008b00 DPL=0 TSS64-busy
GDT=     000000001f9eea98 00000047
IDT=     000000001f586018 00000fff
CR0=80010033 CR2=0000000000000000 CR3=000000001fc01000 CR4=00000668
DR0=0000000000000000 DR1=0000000000000000 DR2=0000000000000000 DR3=0000000000000000 
DR6=00000000ffff0ff0 DR7=0000000000000400
CCS=0000000000000004 CCD=0000000000002000 CCO=EFLAGS
EFER=0000000000000d00
Servicing hardware INT=0x68
     9: v=68 e=0000 i=0 cpl=0 IP=0038:000000001febec41 pc=000000001febec41 SP=0030:000000001febdbd0 env->regs[R_EAX]=0000000000000000
RAX=0000000000000000 RBX=0000000000000063 RCX=000000001edbce18 RDX=000000001fed3a50
RSI=000000001edd7630 RDI=000000001edbce18 RBP=000000001febdc90 RSP=000000001febdbd0
R8 =000000001febdc98 R9 =000000001febdc90 R10=000000001fed50a8 R11=000000001f8e6d98
R12=000000001febdc98 R13=800000000000000e R14=000000001edd7630 R15=0000000000000010
RIP=000000001febec41 RFL=00000246 [---Z-P-] CPL=0 II=0 A20=1 SMM=0 HLT=0
ES =0030 0000000000000000 ffffffff 00cf9300 DPL=0 DS   [-WA]
CS =0038 0000000000000000 ffffffff 00af9a00 DPL=0 CS64 [-R-]
SS =0030 0000000000000000 ffffffff 00cf9300 DPL=0 DS   [-WA]
DS =0030 0000000000000000 ffffffff 00cf9300 DPL=0 DS   [-WA]
FS =0030 0000000000000000 ffffffff 00cf9300 DPL=0 DS   [-WA]
GS =0030 0000000000000000 ffffffff 00cf9300 DPL=0 DS   [-WA]
LDT=0000 0000000000000000 0000ffff 00008200 DPL=0 LDT
TR =0000 0000000000000000 0000ffff 00008b00 DPL=0 TSS64-busy
GDT=     000000001f9eea98 00000047
IDT=     000000001f586018 00000fff
CR0=80010033 CR2=0000000000000000 CR3=000000001fc01000 CR4=00000668
DR0=0000000000000000 DR1=0000000000000000 DR2=0000000000000000 DR3=0000000000000000 
DR6=00000000ffff0ff0 DR7=0000000000000400
CCS=0000000000000044 CCD=0000000000000000 CCO=EFLAGS
EFER=0000000000000d00
Servicing hardware INT=0x68
    10: v=68 e=0000 i=0 cpl=0 IP=0038:000000001fed1f3c pc=000000001fed1f3c SP=0030:000000001febd9b0 env->regs[R_EAX]=00000000000000af
RAX=00000000000000af RBX=0000000000005fff RCX=0000000000000000 RDX=000000001ecda000
RSI=000000001fbffc08 RDI=000000001ece0000 RBP=0000000000000006 RSP=000000001febd9b0
R8 =00000000000000af R9 =0000000000000000 R10=000000000000001c R11=000000001f8e6d98
R12=0000000000000001 R13=000000001ece0000 R14=0000000000000007 R15=000000001ecda000
RIP=000000001fed1f3c RFL=00000206 [-----P-] CPL=0 II=0 A20=1 SMM=0 HLT=0
ES =0030 0000000000000000 ffffffff 00cf9300 DPL=0 DS   [-WA]
CS =0038 0000000000000000 ffffffff 00af9a00 DPL=0 CS64 [-R-]
SS =0030 0000000000000000 ffffffff 00cf9300 DPL=0 DS   [-WA]
DS =0030 0000000000000000 ffffffff 00cf9300 DPL=0 DS   [-WA]
FS =0030 0000000000000000 ffffffff 00cf9300 DPL=0 DS   [-WA]
GS =0030 0000000000000000 ffffffff 00cf9300 DPL=0 DS   [-WA]
LDT=0000 0000000000000000 0000ffff 00008200 DPL=0 LDT
TR =0000 0000000000000000 0000ffff 00008b00 DPL=0 TSS64-busy
GDT=     000000001f9eea98 00000047
IDT=     000000001f586018 00000fff
CR0=80010033 CR2=0000000000000000 CR3=000000001fc01000 CR4=00000668
DR0=0000000000000000 DR1=0000000000000000 DR2=0000000000000000 DR3=0000000000000000 
DR6=00000000ffff0ff0 DR7=0000000000000400
CCS=0000000000000004 CCD=0000000000006000 CCO=EFLAGS
EFER=0000000000000d00
Servicing hardware INT=0x68
    11: v=68 e=0000 i=0 cpl=0 IP=0038:000000001feccee7 pc=000000001feccee7 SP=0030:000000001febd988 env->regs[R_EAX]=0000000006000800
RAX=0000000006000800 RBX=000000001f5a3798 RCX=000000001f5a37b0 RDX=000000001ec48c10
RSI=0000000000000001 RDI=000000001ec48c10 RBP=000000001f5a37a0 RSP=000000001febd988
R8 =0000000000000000 R9 =000000001f8eef98 R10=000000001fed50a8 R11=000000001f8e6d98
R12=000000001ec48c10 R13=0000000000000001 R14=000000001fed3900 R15=8000000000000014
RIP=000000001feccee7 RFL=00000206 [-----P-] CPL=0 II=0 A20=1 SMM=0 HLT=0
ES =0030 0000000000000000 ffffffff 00cf9300 DPL=0 DS   [-WA]
CS =0038 0000000000000000 ffffffff 00af9a00 DPL=0 CS64 [-R-]
SS =0030 0000000000000000 ffffffff 00cf9300 DPL=0 DS   [-WA]
DS =0030 0000000000000000 ffffffff 00cf9300 DPL=0 DS   [-WA]
FS =0030 0000000000000000 ffffffff 00cf9300 DPL=0 DS   [-WA]
GS =0030 0000000000000000 ffffffff 00cf9300 DPL=0 DS   [-WA]
LDT=0000 0000000000000000 0000ffff 00008200 DPL=0 LDT
TR =0000 0000000000000000 0000ffff 00008b00 DPL=0 TSS64-busy
GDT=     000000001f9eea98 00000047
IDT=     000000001f586018 00000fff
CR0=80010033 CR2=0000000000000000 CR3=000000001fc01000 CR4=00000668
DR0=0000000000000000 DR1=0000000000000000 DR2=0000000000000000 DR3=0000000000000000 
DR6=00000000ffff0ff0 DR7=0000000000000400
CCS=0000000000000004 CCD=000000001febd990 CCO=EFLAGS
EFER=0000000000000d00
Servicing hardware INT=0x68
    12: v=68 e=0000 i=0 cpl=0 IP=0038:000000001fed1f3c pc=000000001fed1f3c SP=0030:000000001febd810 env->regs[R_EAX]=00000000000000af
RAX=00000000000000af RBX=0000000000000fff RCX=0000000000000000 RDX=000000001ecbb000
RSI=000000001fed4b48 RDI=000000001ecbc000 RBP=0000000000000001 RSP=000000001febd810
R8 =00000000000000af R9 =000000001ecbb6ef R10=000000001ecbbe88 R11=000000001febdaaa
R12=0000000000000001 R13=000000001ecbc000 R14=0000000000000007 R15=000000001ecbb000
RIP=000000001fed1f3c RFL=00000206 [-----P-] CPL=0 II=0 A20=1 SMM=0 HLT=0
ES =0030 0000000000000000 ffffffff 00cf9300 DPL=0 DS   [-WA]
CS =0038 0000000000000000 ffffffff 00af9a00 DPL=0 CS64 [-R-]
SS =0030 0000000000000000 ffffffff 00cf9300 DPL=0 DS   [-WA]
DS =0030 0000000000000000 ffffffff 00cf9300 DPL=0 DS   [-WA]
FS =0030 0000000000000000 ffffffff 00cf9300 DPL=0 DS   [-WA]
GS =0030 0000000000000000 ffffffff 00cf9300 DPL=0 DS   [-WA]
LDT=0000 0000000000000000 0000ffff 00008200 DPL=0 LDT
TR =0000 0000000000000000 0000ffff 00008b00 DPL=0 TSS64-busy
GDT=     000000001f9eea98 00000047
IDT=     000000001f586018 00000fff
CR0=80010033 CR2=0000000000000000 CR3=000000001fc01000 CR4=00000668
DR0=0000000000000000 DR1=0000000000000000 DR2=0000000000000000 DR3=0000000000000000 
DR6=00000000ffff0ff0 DR7=0000000000000400
CCS=0000000000000004 CCD=0000000000001000 CCO=EFLAGS
EFER=0000000000000d00
Servicing hardware INT=0x68
    13: v=68 e=0000 i=0 cpl=0 IP=0038:000000001fed1f3c pc=000000001fed1f3c SP=0030:000000001febd830 env->regs[R_EAX]=00000000000000af
RAX=00000000000000af RBX=0000000000002fff RCX=0000000000000000 RDX=000000001ec8d000
RSI=000000001fbffc08 RDI=000000001ec90000 RBP=0000000000000003 RSP=000000001febd830
R8 =00000000000000af R9 =000000001febdc5d R10=000000001ecbaf98 R11=000000001ec462dc
R12=0000000000000001 R13=000000001ec90000 R14=0000000000000007 R15=000000001ec8d000
RIP=000000001fed1f3c RFL=00000206 [-----P-] CPL=0 II=0 A20=1 SMM=0 HLT=0
ES =0030 0000000000000000 ffffffff 00cf9300 DPL=0 DS   [-WA]
CS =0038 0000000000000000 ffffffff 00af9a00 DPL=0 CS64 [-R-]
SS =0030 0000000000000000 ffffffff 00cf9300 DPL=0 DS   [-WA]
DS =0030 0000000000000000 ffffffff 00cf9300 DPL=0 DS   [-WA]
FS =0030 0000000000000000 ffffffff 00cf9300 DPL=0 DS   [-WA]
GS =0030 0000000000000000 ffffffff 00cf9300 DPL=0 DS   [-WA]
LDT=0000 0000000000000000 0000ffff 00008200 DPL=0 LDT
TR =0000 0000000000000000 0000ffff 00008b00 DPL=0 TSS64-busy
GDT=     000000001f9eea98 00000047
IDT=     000000001f586018 00000fff
CR0=80010033 CR2=0000000000000000 CR3=000000001fc01000 CR4=00000668
DR0=0000000000000000 DR1=0000000000000000 DR2=0000000000000000 DR3=0000000000000000 
DR6=00000000ffff0ff0 DR7=0000000000000400
CCS=0000000000000004 CCD=0000000000003000 CCO=EFLAGS
EFER=0000000000000d00
Servicing hardware INT=0x68
    14: v=68 e=0000 i=0 cpl=0 IP=0038:000000001fed1f3c pc=000000001fed1f3c SP=0030:000000001febd8b0 env->regs[R_EAX]=00000000000000af
RAX=00000000000000af RBX=000000001ecba018 RCX=0000000000000000 RDX=000000001ecba000
RSI=0000000000000000 RDI=000000001ecbb768 RBP=000000001ecba000 RSP=000000001febd8b0
R8 =00000000000000af R9 =000000001ecbb754 R10=000000001ecbd918 R11=000000001ec462dc
R12=000000001fed5080 R13=0000000000000008 R14=0000000000000000 R15=0000000000001768
RIP=000000001fed1f3c RFL=00000202 [-------] CPL=0 II=0 A20=1 SMM=0 HLT=0
ES =0030 0000000000000000 ffffffff 00cf9300 DPL=0 DS   [-WA]
CS =0038 0000000000000000 ffffffff 00af9a00 DPL=0 CS64 [-R-]
SS =0030 0000000000000000 ffffffff 00cf9300 DPL=0 DS   [-WA]
DS =0030 0000000000000000 ffffffff 00cf9300 DPL=0 DS   [-WA]
FS =0030 0000000000000000 ffffffff 00cf9300 DPL=0 DS   [-WA]
GS =0030 0000000000000000 ffffffff 00cf9300 DPL=0 DS   [-WA]
LDT=0000 0000000000000000 0000ffff 00008200 DPL=0 LDT
TR =0000 0000000000000000 0000ffff 00008b00 DPL=0 TSS64-busy
GDT=     000000001f9eea98 00000047
IDT=     000000001f586018 00000fff
CR0=80010033 CR2=0000000000000000 CR3=000000001fc01000 CR4=00000668
DR0=0000000000000000 DR1=0000000000000000 DR2=0000000000000000 DR3=0000000000000000 
DR6=00000000ffff0ff0 DR7=0000000000000400
CCS=0000000000000000 CCD=0000000000001768 CCO=EFLAGS
EFER=0000000000000d00
Servicing hardware INT=0x68
    15: v=68 e=0000 i=0 cpl=0 IP=0038:000000001f543013 pc=000000001f543013 SP=0030:000000001febd9f8 env->regs[R_EAX]=000000001f54dbc8
RAX=000000001f54dbc8 RBX=000000001febdae8 RCX=000000001febda18 RDX=000000001ecbdb18
RSI=000000001ecbde98 RDI=000000001f54dbc0 RBP=000000001ecbde98 RSP=000000001febd9f8
R8 =0000000000000000 R9 =0000000000000000 R10=000000001ecbd918 R11=000000000000a6b3
R12=000000001ecbdf38 R13=000000001febda18 R14=0000000000000000 R15=000000001f54dbc0
RIP=000000001f543013 RFL=00000246 [---Z-P-] CPL=0 II=0 A20=1 SMM=0 HLT=0
ES =0030 0000000000000000 ffffffff 00cf9300 DPL=0 DS   [-WA]
CS =0038 0000000000000000 ffffffff 00af9a00 DPL=0 CS64 [-R-]
SS =0030 0000000000000000 ffffffff 00cf9300 DPL=0 DS   [-WA]
DS =0030 0000000000000000 ffffffff 00cf9300 DPL=0 DS   [-WA]
FS =0030 0000000000000000 ffffffff 00cf9300 DPL=0 DS   [-WA]
GS =0030 0000000000000000 ffffffff 00cf9300 DPL=0 DS   [-WA]
LDT=0000 0000000000000000 0000ffff 00008200 DPL=0 LDT
TR =0000 0000000000000000 0000ffff 00008b00 DPL=0 TSS64-busy
GDT=     000000001f9eea98 00000047
IDT=     000000001f586018 00000fff
CR0=80010033 CR2=0000000000000000 CR3=000000001fc01000 CR4=00000668
DR0=0000000000000000 DR1=0000000000000000 DR2=0000000000000000 DR3=0000000000000000 
DR6=00000000ffff0ff0 DR7=0000000000000400
CCS=0000000000000044 CCD=0000000000000000 CCO=EFLAGS
EFER=0000000000000d00
Servicing hardware INT=0x68
    16: v=68 e=0000 i=0 cpl=0 IP=0038:000000001ec2c282 pc=000000001ec2c282 SP=0030:000000001febd9f8 env->regs[R_EAX]=8000000000000003
RAX=8000000000000003 RBX=000000001ec88898 RCX=000000001ec2fe80 RDX=000000001ec88898
RSI=0000000000000000 RDI=000000001ec88001 RBP=0000000000000001 RSP=000000001febd9f8
R8 =0000000000000000 R9 =000000001edc3800 R10=000000000000000a R11=000000000000000a
R12=0000000000000000 R13=000000001ec8e098 R14=0000000000000013 R15=000000001ec2fe80
RIP=000000001ec2c282 RFL=00000202 [-------] CPL=0 II=0 A20=1 SMM=0 HLT=0
ES =0030 0000000000000000 ffffffff 00cf9300 DPL=0 DS   [-WA]
CS =0038 0000000000000000 ffffffff 00af9a00 DPL=0 CS64 [-R-]
SS =0030 0000000000000000 ffffffff 00cf9300 DPL=0 DS   [-WA]
DS =0030 0000000000000000 ffffffff 00cf9300 DPL=0 DS   [-WA]
FS =0030 0000000000000000 ffffffff 00cf9300 DPL=0 DS   [-WA]
GS =0030 0000000000000000 ffffffff 00cf9300 DPL=0 DS   [-WA]
LDT=0000 0000000000000000 0000ffff 00008200 DPL=0 LDT
TR =0000 0000000000000000 0000ffff 00008b00 DPL=0 TSS64-busy
GDT=     000000001f9eea98 00000047
IDT=     000000001f586018 00000fff
CR0=80010033 CR2=0000000000000000 CR3=000000001fc01000 CR4=00000668
DR0=0000000000000000 DR1=0000000000000000 DR2=0000000000000000 DR3=0000000000000000 
DR6=00000000ffff0ff0 DR7=0000000000000400
CCS=0000000000000000 CCD=000000001ec2fe80 CCO=EFLAGS
EFER=0000000000000d00
Servicing hardware INT=0x68
    17: v=68 e=0000 i=0 cpl=0 IP=0038:000000001ed2e501 pc=000000001ed2e501 SP=0030:000000001febd570 env->regs[R_EAX]=000000001ec8d418
RAX=000000001ec8d418 RBX=000000001ec8d018 RCX=0000000000000000 RDX=0000000000000000
RSI=000000001febd6d0 RDI=000000001ec8d018 RBP=0000000000000000 RSP=000000001febd570
R8 =00000000000000af R9 =000000001fed2530 R10=000000001fed50e8 R11=0000000000000000
R12=000000001febd6d0 R13=000000001ec8d418 R14=0000000000000000 R15=000000001ed33900
RIP=000000001ed2e501 RFL=00000206 [-----P-] CPL=0 II=0 A20=1 SMM=0 HLT=0
ES =0030 0000000000000000 ffffffff 00cf9300 DPL=0 DS   [-WA]
CS =0038 0000000000000000 ffffffff 00af9a00 DPL=0 CS64 [-R-]
SS =0030 0000000000000000 ffffffff 00cf9300 DPL=0 DS   [-WA]
DS =0030 0000000000000000 ffffffff 00cf9300 DPL=0 DS   [-WA]
FS =0030 0000000000000000 ffffffff 00cf9300 DPL=0 DS   [-WA]
GS =0030 0000000000000000 ffffffff 00cf9300 DPL=0 DS   [-WA]
LDT=0000 0000000000000000 0000ffff 00008200 DPL=0 LDT
TR =0000 0000000000000000 0000ffff 00008b00 DPL=0 TSS64-busy
GDT=     000000001f9eea98 00000047
IDT=     000000001f586018 00000fff
CR0=80010033 CR2=0000000000000000 CR3=000000001fc01000 CR4=00000668
DR0=0000000000000000 DR1=0000000000000000 DR2=0000000000000000 DR3=0000000000000000 
DR6=00000000ffff0ff0 DR7=0000000000000400
CCS=0000000000000004 CCD=000000001ec8d418 CCO=EFLAGS
EFER=0000000000000d00
Servicing hardware INT=0x68
    18: v=68 e=0000 i=0 cpl=0 IP=0038:000000001f535fe6 pc=000000001f535fe6 SP=0030:000000001febd4f8 env->regs[R_EAX]=0000000000000001
RAX=0000000000000001 RBX=000000001febd6d0 RCX=0000000000000001 RDX=0000000000000cf8
RSI=000000001febd6cf RDI=0000000000000002 RBP=0000000000000002 RSP=000000001febd4f8
R8 =0000000000000001 R9 =0000000000000cf8 R10=0000000080000000 R11=0000000000000000
R12=0000000000000001 R13=0000000000008006 R14=0000000000000002 R15=0000000000000000
RIP=000000001f535fe6 RFL=00000202 [-------] CPL=0 II=0 A20=1 SMM=0 HLT=0
ES =0030 0000000000000000 ffffffff 00cf9300 DPL=0 DS   [-WA]
CS =0038 0000000000000000 ffffffff 00af9a00 DPL=0 CS64 [-R-]
SS =0030 0000000000000000 ffffffff 00cf9300 DPL=0 DS   [-WA]
DS =0030 0000000000000000 ffffffff 00cf9300 DPL=0 DS   [-WA]
FS =0030 0000000000000000 ffffffff 00cf9300 DPL=0 DS   [-WA]
GS =0030 0000000000000000 ffffffff 00cf9300 DPL=0 DS   [-WA]
LDT=0000 0000000000000000 0000ffff 00008200 DPL=0 LDT
TR =0000 0000000000000000 0000ffff 00008b00 DPL=0 TSS64-busy
GDT=     000000001f9eea98 00000047
IDT=     000000001f586018 00000fff
CR0=80010033 CR2=0000000000000000 CR3=000000001fc01000 CR4=00000668
DR0=0000000000000000 DR1=0000000000000000 DR2=0000000000000000 DR3=0000000000000000 
DR6=00000000ffff0ff0 DR7=0000000000000400
CCS=0000000000000000 CCD=0000000000000001 CCO=LOGICB
EFER=0000000000000d00
Servicing hardware INT=0x68
    19: v=68 e=0000 i=0 cpl=0 IP=0038:000000001f55bc14 pc=000000001f55bc14 SP=0030:000000001febd758 env->regs[R_EAX]=0000000000000000
RAX=0000000000000000 RBX=0000000000000000 RCX=000000001f563320 RDX=000000001fbde000
RSI=000000001ec55198 RDI=ffffffffe0442000 RBP=000000001ec8e718 RSP=000000001febd758
R8 =0000000000000040 R9 =000000001ec6f298 R10=000000001ec6fd18 R11=0000000000000cf8
R12=000000001ec6ff98 R13=000000001ec6fd98 R14=000000001ec6f298 R15=0000000000020000
RIP=000000001f55bc14 RFL=00000283 [--S---C] CPL=0 II=0 A20=1 SMM=0 HLT=0
ES =0030 0000000000000000 ffffffff 00cf9300 DPL=0 DS   [-WA]
CS =0038 0000000000000000 ffffffff 00af9a00 DPL=0 CS64 [-R-]
SS =0030 0000000000000000 ffffffff 00cf9300 DPL=0 DS   [-WA]
DS =0030 0000000000000000 ffffffff 00cf9300 DPL=0 DS   [-WA]
FS =0030 0000000000000000 ffffffff 00cf9300 DPL=0 DS   [-WA]
GS =0030 0000000000000000 ffffffff 00cf9300 DPL=0 DS   [-WA]
LDT=0000 0000000000000000 0000ffff 00008200 DPL=0 LDT
TR =0000 0000000000000000 0000ffff 00008b00 DPL=0 TSS64-busy
GDT=     000000001f9eea98 00000047
IDT=     000000001f586018 00000fff
CR0=80010033 CR2=0000000000000000 CR3=000000001fc01000 CR4=00000668
DR0=0000000000000000 DR1=0000000000000000 DR2=0000000000000000 DR3=0000000000000000 
DR6=00000000ffff0ff0 DR7=0000000000000400
CCS=0000000000000081 CCD=ffffffffffffff80 CCO=EFLAGS
EFER=0000000000000d00
Servicing hardware INT=0x68
    20: v=68 e=0000 i=0 cpl=0 IP=0038:000000001f59db20 pc=000000001f59db20 SP=0030:000000001febd770 env->regs[R_EAX]=000000001ede3901
RAX=000000001ede3901 RBX=000000001ec6fb18 RCX=0000000000000000 RDX=0000000000000000
RSI=000000001ec6fb18 RDI=000000001febd7c8 RBP=000000000000004e RSP=000000001febd770
R8 =0000000000000002 R9 =0000000000000001 R10=0000000000000000 R11=000000001febd68a
R12=000000001febd7c8 R13=000000001ec6fbb6 R14=000000001ec6fb18 R15=000000001f59f8ae
RIP=000000001f59db20 RFL=00000202 [-------] CPL=0 II=0 A20=1 SMM=0 HLT=0
ES =0030 0000000000000000 ffffffff 00cf9300 DPL=0 DS   [-WA]
CS =0038 0000000000000000 ffffffff 00af9a00 DPL=0 CS64 [-R-]
SS =0030 0000000000000000 ffffffff 00cf9300 DPL=0 DS   [-WA]
DS =0030 0000000000000000 ffffffff 00cf9300 DPL=0 DS   [-WA]
FS =0030 0000000000000000 ffffffff 00cf9300 DPL=0 DS   [-WA]
GS =0030 0000000000000000 ffffffff 00cf9300 DPL=0 DS   [-WA]
LDT=0000 0000000000000000 0000ffff 00008200 DPL=0 LDT
TR =0000 0000000000000000 0000ffff 00008b00 DPL=0 TSS64-busy
GDT=     000000001f9eea98 00000047
IDT=     000000001f586018 00000fff
CR0=80010033 CR2=0000000000000000 CR3=000000001fc01000 CR4=00000668
DR0=0000000000000000 DR1=0000000000000000 DR2=0000000000000000 DR3=0000000000000000 
DR6=00000000ffff0ff0 DR7=0000000000000400
CCS=0000000000000000 CCD=000000001ede3901 CCO=EFLAGS
EFER=0000000000000d00
Servicing hardware INT=0x68
    21: v=68 e=0000 i=0 cpl=0 IP=0038:000000001f593426 pc=000000001f593426 SP=0030:000000001febd450 env->regs[R_EAX]=00000000000c987b
RAX=00000000000c987b RBX=00000000800d9e14 RCX=0000000000000004 RDX=0000000000000000
RSI=0000000000000004 RDI=0000000000100000 RBP=0000000000100000 RSP=000000001febd450
R8 =000000001febd59c R9 =0000000000000000 R10=00000000000fffff R11=0000000000000002
R12=000000000000000a R13=0000000080000000 R14=000000001f5a1018 R15=000000001f5a1038
RIP=000000001f593426 RFL=00000246 [---Z-P-] CPL=0 II=0 A20=1 SMM=0 HLT=0
ES =0030 0000000000000000 ffffffff 00cf9300 DPL=0 DS   [-WA]
CS =0038 0000000000000000 ffffffff 00af9a00 DPL=0 CS64 [-R-]
SS =0030 0000000000000000 ffffffff 00cf9300 DPL=0 DS   [-WA]
DS =0030 0000000000000000 ffffffff 00cf9300 DPL=0 DS   [-WA]
FS =0030 0000000000000000 ffffffff 00cf9300 DPL=0 DS   [-WA]
GS =0030 0000000000000000 ffffffff 00cf9300 DPL=0 DS   [-WA]
LDT=0000 0000000000000000 0000ffff 00008200 DPL=0 LDT
TR =0000 0000000000000000 0000ffff 00008b00 DPL=0 TSS64-busy
GDT=     000000001f9eea98 00000047
IDT=     000000001f586018 00000fff
CR0=80010033 CR2=0000000000000000 CR3=000000001fc01000 CR4=00000668
DR0=0000000000000000 DR1=0000000000000000 DR2=0000000000000000 DR3=0000000000000000 
DR6=00000000ffff0ff0 DR7=0000000000000400
CCS=0000000000000044 CCD=0000000000000000 CCO=EFLAGS
EFER=0000000000000d00
Servicing hardware INT=0x68
    22: v=68 e=0000 i=0 cpl=0 IP=0038:000000001f593434 pc=000000001f593434 SP=0030:000000001febd450 env->regs[R_EAX]=000000000003b800
RAX=000000000003b800 RBX=0000000080312000 RCX=0000000000000004 RDX=0000000000000000
RSI=0000000000000004 RDI=0000000000100000 RBP=0000000000100000 RSP=000000001febd450
R8 =000000001febd59c R9 =0000000000000000 R10=00000000000fffff R11=0000000000000002
R12=000000000000000a R13=0000000080000000 R14=000000001f5a1018 R15=000000001f5a1038
RIP=000000001f593434 RFL=00000246 [---Z-P-] CPL=0 II=0 A20=1 SMM=0 HLT=0
ES =0030 0000000000000000 ffffffff 00cf9300 DPL=0 DS   [-WA]
CS =0038 0000000000000000 ffffffff 00af9a00 DPL=0 CS64 [-R-]
SS =0030 0000000000000000 ffffffff 00cf9300 DPL=0 DS   [-WA]
DS =0030 0000000000000000 ffffffff 00cf9300 DPL=0 DS   [-WA]
FS =0030 0000000000000000 ffffffff 00cf9300 DPL=0 DS   [-WA]
GS =0030 0000000000000000 ffffffff 00cf9300 DPL=0 DS   [-WA]
LDT=0000 0000000000000000 0000ffff 00008200 DPL=0 LDT
TR =0000 0000000000000000 0000ffff 00008b00 DPL=0 TSS64-busy
GDT=     000000001f9eea98 00000047
IDT=     000000001f586018 00000fff
CR0=80010033 CR2=0000000000000000 CR3=000000001fc01000 CR4=00000668
DR0=0000000000000000 DR1=0000000000000000 DR2=0000000000000000 DR3=0000000000000000 
DR6=00000000ffff0ff0 DR7=0000000000000400
CCS=0000000000000044 CCD=0000000000000000 CCO=EFLAGS
EFER=0000000000000d00
Servicing hardware INT=0x68
    23: v=68 e=0000 i=0 cpl=0 IP=0038:000000001edbf97e pc=000000001edbf97e SP=0030:000000001febd480 env->regs[R_EAX]=00000000000001f6
RAX=00000000000001f6 RBX=000000001ec4a0a0 RCX=0000000000000000 RDX=000000001ec4a018
RSI=000000001ec4c018 RDI=0000000000000148 RBP=0000000000000088 RSP=000000001febd480
R8 =0000000000000006 R9 =000000001ec4a20d R10=0000000000000015 R11=0000000000000000
R12=000000001ec8e618 R13=000000001ec4a018 R14=000000001ec4a018 R15=000000001ec4b018
RIP=000000001edbf97e RFL=00000216 [----AP-] CPL=0 II=0 A20=1 SMM=0 HLT=0
ES =0030 0000000000000000 ffffffff 00cf9300 DPL=0 DS   [-WA]
CS =0038 0000000000000000 ffffffff 00af9a00 DPL=0 CS64 [-R-]
SS =0030 0000000000000000 ffffffff 00cf9300 DPL=0 DS   [-WA]
DS =0030 0000000000000000 ffffffff 00cf9300 DPL=0 DS   [-WA]
FS =0030 0000000000000000 ffffffff 00cf9300 DPL=0 DS   [-WA]
GS =0030 0000000000000000 ffffffff 00cf9300 DPL=0 DS   [-WA]
LDT=0000 0000000000000000 0000ffff 00008200 DPL=0 LDT
TR =0000 0000000000000000 0000ffff 00008b00 DPL=0 TSS64-busy
GDT=     000000001f9eea98 00000047
IDT=     000000001f586018 00000fff
CR0=80010033 CR2=0000000000000000 CR3=000000001fc01000 CR4=00000668
DR0=0000000000000000 DR1=0000000000000000 DR2=0000000000000000 DR3=0000000000000000 
DR6=00000000ffff0ff0 DR7=0000000000000400
CCS=0000000000000014 CCD=000000001ec4b222 CCO=EFLAGS
EFER=0000000000000d00
Servicing hardware INT=0x68
    24: v=68 e=0000 i=0 cpl=0 IP=0038:000000001ece2f3f pc=000000001ece2f3f SP=0030:000000001febd5a0 env->regs[R_EAX]=0000000000000000
RAX=0000000000000000 RBX=0000000000000000 RCX=000000001f581ce0 RDX=0000000000000000
RSI=0000000000000007 RDI=000000001ec4d398 RBP=0000000000000000 RSP=000000001febd5a0
R8 =0000000000000000 R9 =000000001febd420 R10=000000001fed5098 R11=000000001ec4d898
R12=0000000000000000 R13=000000001ec4d3a8 R14=0000000000000001 R15=000000001ec4d398
RIP=000000001ece2f3f RFL=00000246 [---Z-P-] CPL=0 II=0 A20=1 SMM=0 HLT=0
ES =0030 0000000000000000 ffffffff 00cf9300 DPL=0 DS   [-WA]
CS =0038 0000000000000000 ffffffff 00af9a00 DPL=0 CS64 [-R-]
SS =0030 0000000000000000 ffffffff 00cf9300 DPL=0 DS   [-WA]
DS =0030 0000000000000000 ffffffff 00cf9300 DPL=0 DS   [-WA]
FS =0030 0000000000000000 ffffffff 00cf9300 DPL=0 DS   [-WA]
GS =0030 0000000000000000 ffffffff 00cf9300 DPL=0 DS   [-WA]
LDT=0000 0000000000000000 0000ffff 00008200 DPL=0 LDT
TR =0000 0000000000000000 0000ffff 00008b00 DPL=0 TSS64-busy
GDT=     000000001f9eea98 00000047
IDT=     000000001f586018 00000fff
CR0=80010033 CR2=0000000000000000 CR3=000000001fc01000 CR4=00000668
DR0=0000000000000000 DR1=0000000000000000 DR2=0000000000000000 DR3=0000000000000000 
DR6=00000000ffff0ff0 DR7=0000000000000400
CCS=0000000000000044 CCD=0000000000000000 CCO=EFLAGS
EFER=0000000000000d00
Servicing hardware INT=0x68
    25: v=68 e=0000 i=0 cpl=0 IP=0038:000000001f59340e pc=000000001f59340e SP=0030:000000001febd390 env->regs[R_EAX]=0000000000000001
RAX=0000000000000001 RBX=0000000081011409 RCX=0000000000000001 RDX=0000000000000001
RSI=0000000000000001 RDI=0000000000000001 RBP=0000000000000001 RSP=000000001febd390
R8 =000000001febd4dc R9 =000000001f593730 R10=0000000000000000 R11=0000000000000000
R12=0000000000000000 R13=0000000081011409 R14=0000000000000000 R15=0000000000000007
RIP=000000001f59340e RFL=00000246 [---Z-P-] CPL=0 II=0 A20=1 SMM=0 HLT=0
ES =0030 0000000000000000 ffffffff 00cf9300 DPL=0 DS   [-WA]
CS =0038 0000000000000000 ffffffff 00af9a00 DPL=0 CS64 [-R-]
SS =0030 0000000000000000 ffffffff 00cf9300 DPL=0 DS   [-WA]
DS =0030 0000000000000000 ffffffff 00cf9300 DPL=0 DS   [-WA]
FS =0030 0000000000000000 ffffffff 00cf9300 DPL=0 DS   [-WA]
GS =0030 0000000000000000 ffffffff 00cf9300 DPL=0 DS   [-WA]
LDT=0000 0000000000000000 0000ffff 00008200 DPL=0 LDT
TR =0000 0000000000000000 0000ffff 00008b00 DPL=0 TSS64-busy
GDT=     000000001f9eea98 00000047
IDT=     000000001f586018 00000fff
CR0=80010033 CR2=0000000000000000 CR3=000000001fc01000 CR4=00000668
DR0=0000000000000000 DR1=0000000000000000 DR2=0000000000000000 DR3=0000000000000000 
DR6=00000000ffff0ff0 DR7=0000000000000400
CCS=0000000000000044 CCD=0000000000000000 CCO=EFLAGS
EFER=0000000000000d00
Servicing hardware INT=0x68
    26: v=68 e=0000 i=0 cpl=0 IP=0038:000000001f593420 pc=000000001f593420 SP=0030:000000001febd3e0 env->regs[R_EAX]=000000000007b4ef
RAX=000000000007b4ef RBX=0000000080212c44 RCX=0000000000000004 RDX=0000000000000000
RSI=0000000000000004 RDI=0000000000100000 RBP=0000000000100000 RSP=000000001febd3e0
R8 =000000001febd52c R9 =0000000000000000 R10=00000000000fffff R11=0000000000000002
R12=000000000000000a R13=0000000080000000 R14=000000001f5a1038 R15=000000001f5a1038
RIP=000000001f593420 RFL=00000202 [-------] CPL=0 II=0 A20=1 SMM=0 HLT=0
ES =0030 0000000000000000 ffffffff 00cf9300 DPL=0 DS   [-WA]
CS =0038 0000000000000000 ffffffff 00af9a00 DPL=0 CS64 [-R-]
SS =0030 0000000000000000 ffffffff 00cf9300 DPL=0 DS   [-WA]
DS =0030 0000000000000000 ffffffff 00cf9300 DPL=0 DS   [-WA]
FS =0030 0000000000000000 ffffffff 00cf9300 DPL=0 DS   [-WA]
GS =0030 0000000000000000 ffffffff 00cf9300 DPL=0 DS   [-WA]
LDT=0000 0000000000000000 0000ffff 00008200 DPL=0 LDT
TR =0000 0000000000000000 0000ffff 00008b00 DPL=0 TSS64-busy
GDT=     000000001f9eea98 00000047
IDT=     000000001f586018 00000fff
CR0=80010033 CR2=0000000000000000 CR3=000000001fc01000 CR4=00000668
DR0=0000000000000000 DR1=0000000000000000 DR2=0000000000000000 DR3=0000000000000000 
DR6=00000000ffff0ff0 DR7=0000000000000400
CCS=0000000000000000 CCD=0000000000000001 CCO=EFLAGS
EFER=0000000000000d00
Servicing hardware INT=0x68
    27: v=68 e=0000 i=0 cpl=0 IP=0038:000000001f593420 pc=000000001f593420 SP=0030:000000001febd3e0 env->regs[R_EAX]=0000000000036814
RAX=0000000000036814 RBX=0000000080325fb0 RCX=0000000000000004 RDX=0000000000000000
RSI=0000000000000004 RDI=0000000000100000 RBP=0000000000100000 RSP=000000001febd3e0
R8 =000000001febd52c R9 =0000000000000000 R10=00000000000fffff R11=0000000000000002
R12=000000000000000a R13=0000000080000000 R14=000000001f5a1038 R15=000000001f5a1038
RIP=000000001f593420 RFL=00000202 [-------] CPL=0 II=0 A20=1 SMM=0 HLT=0
ES =0030 0000000000000000 ffffffff 00cf9300 DPL=0 DS   [-WA]
CS =0038 0000000000000000 ffffffff 00af9a00 DPL=0 CS64 [-R-]
SS =0030 0000000000000000 ffffffff 00cf9300 DPL=0 DS   [-WA]
DS =0030 0000000000000000 ffffffff 00cf9300 DPL=0 DS   [-WA]
FS =0030 0000000000000000 ffffffff 00cf9300 DPL=0 DS   [-WA]
GS =0030 0000000000000000 ffffffff 00cf9300 DPL=0 DS   [-WA]
LDT=0000 0000000000000000 0000ffff 00008200 DPL=0 LDT
TR =0000 0000000000000000 0000ffff 00008b00 DPL=0 TSS64-busy
GDT=     000000001f9eea98 00000047
IDT=     000000001f586018 00000fff
CR0=80010033 CR2=0000000000000000 CR3=000000001fc01000 CR4=00000668
DR0=0000000000000000 DR1=0000000000000000 DR2=0000000000000000 DR3=0000000000000000 
DR6=00000000ffff0ff0 DR7=0000000000000400
CCS=0000000000000000 CCD=0000000000000001 CCO=EFLAGS
EFER=0000000000000d00
Servicing hardware INT=0x68
    28: v=68 e=0000 i=0 cpl=0 IP=0038:000000001eceb918 pc=000000001eceb918 SP=0030:000000001febd6e8 env->regs[R_EAX]=00000000002e8859
RAX=00000000002e8859 RBX=000000001eceda80 RCX=00000000002e88c3 RDX=000000000000006a
RSI=000000000000087e RDI=000000001ebfa018 RBP=0000000000000000 RSP=000000001febd6e8
R8 =000000001febd76f R9 =0000000000002000 R10=000000000000000c R11=000000000000000a
R12=000000001ebfa018 R13=0000000000000000 R14=000000000000001d R15=000000001eceda80
RIP=000000001eceb918 RFL=00000206 [-----P-] CPL=0 II=0 A20=1 SMM=0 HLT=0
ES =0030 0000000000000000 ffffffff 00cf9300 DPL=0 DS   [-WA]
CS =0038 0000000000000000 ffffffff 00af9a00 DPL=0 CS64 [-R-]
SS =0030 0000000000000000 ffffffff 00cf9300 DPL=0 DS   [-WA]
DS =0030 0000000000000000 ffffffff 00cf9300 DPL=0 DS   [-WA]
FS =0030 0000000000000000 ffffffff 00cf9300 DPL=0 DS   [-WA]
GS =0030 0000000000000000 ffffffff 00cf9300 DPL=0 DS   [-WA]
LDT=0000 0000000000000000 0000ffff 00008200 DPL=0 LDT
TR =0000 0000000000000000 0000ffff 00008b00 DPL=0 TSS64-busy
GDT=     000000001f9eea98 00000047
IDT=     000000001f586018 00000fff
CR0=80010033 CR2=0000000000000000 CR3=000000001fc01000 CR4=00000668
DR0=0000000000000000 DR1=0000000000000000 DR2=0000000000000000 DR3=0000000000000000 
DR6=00000000ffff0ff0 DR7=0000000000000400
CCS=0000000000000004 CCD=000000000000006a CCO=EFLAGS
EFER=0000000000000d00
Servicing hardware INT=0x68
    29: v=68 e=0000 i=0 cpl=0 IP=0038:000000001eceb918 pc=000000001eceb918 SP=0030:000000001febd6e8 env->regs[R_EAX]=00000000002f13b7
RAX=00000000002f13b7 RBX=000000001eceda80 RCX=00000000002f1422 RDX=000000000000006b
RSI=0000000000000753 RDI=000000001ebfa018 RBP=0000000000000000 RSP=000000001febd6e8
R8 =000000001febd76f R9 =0000000000002000 R10=000000000000000c R11=000000000000000a
R12=000000001ebfa018 R13=0000000000000000 R14=000000000000001d R15=000000001eceda80
RIP=000000001eceb918 RFL=00000202 [-------] CPL=0 II=0 A20=1 SMM=0 HLT=0
ES =0030 0000000000000000 ffffffff 00cf9300 DPL=0 DS   [-WA]
CS =0038 0000000000000000 ffffffff 00af9a00 DPL=0 CS64 [-R-]
SS =0030 0000000000000000 ffffffff 00cf9300 DPL=0 DS   [-WA]
DS =0030 0000000000000000 ffffffff 00cf9300 DPL=0 DS   [-WA]
FS =0030 0000000000000000 ffffffff 00cf9300 DPL=0 DS   [-WA]
GS =0030 0000000000000000 ffffffff 00cf9300 DPL=0 DS   [-WA]
LDT=0000 0000000000000000 0000ffff 00008200 DPL=0 LDT
TR =0000 0000000000000000 0000ffff 00008b00 DPL=0 TSS64-busy
GDT=     000000001f9eea98 00000047
IDT=     000000001f586018 00000fff
CR0=80010033 CR2=0000000000000000 CR3=000000001fc01000 CR4=00000668
DR0=0000000000000000 DR1=0000000000000000 DR2=0000000000000000 DR3=0000000000000000 
DR6=00000000ffff0ff0 DR7=0000000000000400
CCS=0000000000000000 CCD=000000000000006b CCO=EFLAGS
EFER=0000000000000d00
Servicing hardware INT=0x68
    30: v=68 e=0000 i=0 cpl=0 IP=0038:000000001eceb918 pc=000000001eceb918 SP=0030:000000001febd6e8 env->regs[R_EAX]=00000000002f9f88
RAX=00000000002f9f88 RBX=000000001eceda80 RCX=00000000002f9ff3 RDX=000000000000006b
RSI=0000000000000610 RDI=000000001ebfa018 RBP=0000000000000000 RSP=000000001febd6e8
R8 =000000001febd76f R9 =0000000000002000 R10=000000000000000c R11=000000000000000a
R12=000000001ebfa018 R13=0000000000000000 R14=000000000000001d R15=000000001eceda80
RIP=000000001eceb918 RFL=00000202 [-------] CPL=0 II=0 A20=1 SMM=0 HLT=0
ES =0030 0000000000000000 ffffffff 00cf9300 DPL=0 DS   [-WA]
CS =0038 0000000000000000 ffffffff 00af9a00 DPL=0 CS64 [-R-]
SS =0030 0000000000000000 ffffffff 00cf9300 DPL=0 DS   [-WA]
DS =0030 0000000000000000 ffffffff 00cf9300 DPL=0 DS   [-WA]
FS =0030 0000000000000000 ffffffff 00cf9300 DPL=0 DS   [-WA]
GS =0030 0000000000000000 ffffffff 00cf9300 DPL=0 DS   [-WA]
LDT=0000 0000000000000000 0000ffff 00008200 DPL=0 LDT
TR =0000 0000000000000000 0000ffff 00008b00 DPL=0 TSS64-busy
GDT=     000000001f9eea98 00000047
IDT=     000000001f586018 00000fff
CR0=80010033 CR2=0000000000000000 CR3=000000001fc01000 CR4=00000668
DR0=0000000000000000 DR1=0000000000000000 DR2=0000000000000000 DR3=0000000000000000 
DR6=00000000ffff0ff0 DR7=0000000000000400
CCS=0000000000000000 CCD=000000000000006b CCO=EFLAGS
EFER=0000000000000d00
Servicing hardware INT=0x68
    31: v=68 e=0000 i=0 cpl=0 IP=0038:000000001eceb918 pc=000000001eceb918 SP=0030:000000001febd6e8 env->regs[R_EAX]=0000000000302bce
RAX=0000000000302bce RBX=000000001eceda80 RCX=0000000000302c39 RDX=000000000000006b
RSI=00000000000004ca RDI=000000001ebfa018 RBP=0000000000000000 RSP=000000001febd6e8
R8 =000000001febd76f R9 =0000000000002000 R10=000000000000000c R11=000000000000000a
R12=000000001ebfa018 R13=0000000000000000 R14=000000000000001d R15=000000001eceda80
RIP=000000001eceb918 RFL=00000202 [-------] CPL=0 II=0 A20=1 SMM=0 HLT=0
ES =0030 0000000000000000 ffffffff 00cf9300 DPL=0 DS   [-WA]
CS =0038 0000000000000000 ffffffff 00af9a00 DPL=0 CS64 [-R-]
SS =0030 0000000000000000 ffffffff 00cf9300 DPL=0 DS   [-WA]
DS =0030 0000000000000000 ffffffff 00cf9300 DPL=0 DS   [-WA]
FS =0030 0000000000000000 ffffffff 00cf9300 DPL=0 DS   [-WA]
GS =0030 0000000000000000 ffffffff 00cf9300 DPL=0 DS   [-WA]
LDT=0000 0000000000000000 0000ffff 00008200 DPL=0 LDT
TR =0000 0000000000000000 0000ffff 00008b00 DPL=0 TSS64-busy
GDT=     000000001f9eea98 00000047
IDT=     000000001f586018 00000fff
CR0=80010033 CR2=0000000000000000 CR3=000000001fc01000 CR4=00000668
DR0=0000000000000000 DR1=0000000000000000 DR2=0000000000000000 DR3=0000000000000000 
DR6=00000000ffff0ff0 DR7=0000000000000400
CCS=0000000000000000 CCD=000000000000006b CCO=EFLAGS
EFER=0000000000000d00
Servicing hardware INT=0x68
    32: v=68 e=0000 i=0 cpl=0 IP=0038:000000001eceb918 pc=000000001eceb918 SP=0030:000000001febd6e8 env->regs[R_EAX]=000000000030b9d9
RAX=000000000030b9d9 RBX=000000001eceda80 RCX=000000000030ba43 RDX=000000000000006a
RSI=0000000000000381 RDI=000000001ebfa018 RBP=0000000000000000 RSP=000000001febd6e8
R8 =000000001febd76f R9 =0000000000002000 R10=000000000000000c R11=000000000000000a
R12=000000001ebfa018 R13=0000000000000000 R14=000000000000001d R15=000000001eceda80
RIP=000000001eceb918 RFL=00000206 [-----P-] CPL=0 II=0 A20=1 SMM=0 HLT=0
ES =0030 0000000000000000 ffffffff 00cf9300 DPL=0 DS   [-WA]
CS =0038 0000000000000000 ffffffff 00af9a00 DPL=0 CS64 [-R-]
SS =0030 0000000000000000 ffffffff 00cf9300 DPL=0 DS   [-WA]
DS =0030 0000000000000000 ffffffff 00cf9300 DPL=0 DS   [-WA]
FS =0030 0000000000000000 ffffffff 00cf9300 DPL=0 DS   [-WA]
GS =0030 0000000000000000 ffffffff 00cf9300 DPL=0 DS   [-WA]
LDT=0000 0000000000000000 0000ffff 00008200 DPL=0 LDT
TR =0000 0000000000000000 0000ffff 00008b00 DPL=0 TSS64-busy
GDT=     000000001f9eea98 00000047
IDT=     000000001f586018 00000fff
CR0=80010033 CR2=0000000000000000 CR3=000000001fc01000 CR4=00000668
DR0=0000000000000000 DR1=0000000000000000 DR2=0000000000000000 DR3=0000000000000000 
DR6=00000000ffff0ff0 DR7=0000000000000400
CCS=0000000000000004 CCD=000000000000006a CCO=EFLAGS
EFER=0000000000000d00
Servicing hardware INT=0x68
    33: v=68 e=0000 i=0 cpl=0 IP=0038:000000001eceb918 pc=000000001eceb918 SP=0030:000000001febd6e8 env->regs[R_EAX]=00000000003142e4
RAX=00000000003142e4 RBX=000000001eceda80 RCX=00000000003142e7 RDX=0000000000000003
RSI=0000000000000244 RDI=000000001ebfa018 RBP=0000000000000000 RSP=000000001febd6e8
R8 =000000001febd76f R9 =0000000000002000 R10=000000000000000c R11=000000000000000a
R12=000000001ebfa018 R13=0000000000000000 R14=000000000000001d R15=000000001eceda80
RIP=000000001eceb918 RFL=00000206 [-----P-] CPL=0 II=0 A20=1 SMM=0 HLT=0
ES =0030 0000000000000000 ffffffff 00cf9300 DPL=0 DS   [-WA]
CS =0038 0000000000000000 ffffffff 00af9a00 DPL=0 CS64 [-R-]
SS =0030 0000000000000000 ffffffff 00cf9300 DPL=0 DS   [-WA]
DS =0030 0000000000000000 ffffffff 00cf9300 DPL=0 DS   [-WA]
FS =0030 0000000000000000 ffffffff 00cf9300 DPL=0 DS   [-WA]
GS =0030 0000000000000000 ffffffff 00cf9300 DPL=0 DS   [-WA]
LDT=0000 0000000000000000 0000ffff 00008200 DPL=0 LDT
TR =0000 0000000000000000 0000ffff 00008b00 DPL=0 TSS64-busy
GDT=     000000001f9eea98 00000047
IDT=     000000001f586018 00000fff
CR0=80010033 CR2=0000000000000000 CR3=000000001fc01000 CR4=00000668
DR0=0000000000000000 DR1=0000000000000000 DR2=0000000000000000 DR3=0000000000000000 
DR6=00000000ffff0ff0 DR7=0000000000000400
CCS=0000000000000004 CCD=0000000000000003 CCO=EFLAGS
EFER=0000000000000d00
Servicing hardware INT=0x68
    34: v=68 e=0000 i=0 cpl=0 IP=0038:000000001eceb918 pc=000000001eceb918 SP=0030:000000001febd6e8 env->regs[R_EAX]=000000000031d16e
RAX=000000000031d16e RBX=000000001eceda80 RCX=000000000031d1d9 RDX=000000000000006b
RSI=00000000000000f8 RDI=000000001ebfa018 RBP=0000000000000000 RSP=000000001febd6e8
R8 =000000001febd76f R9 =0000000000002000 R10=000000000000000c R11=000000000000000a
R12=000000001ebfa018 R13=0000000000000000 R14=000000000000001d R15=000000001eceda80
RIP=000000001eceb918 RFL=00000202 [-------] CPL=0 II=0 A20=1 SMM=0 HLT=0
ES =0030 0000000000000000 ffffffff 00cf9300 DPL=0 DS   [-WA]
CS =0038 0000000000000000 ffffffff 00af9a00 DPL=0 CS64 [-R-]
SS =0030 0000000000000000 ffffffff 00cf9300 DPL=0 DS   [-WA]
DS =0030 0000000000000000 ffffffff 00cf9300 DPL=0 DS   [-WA]
FS =0030 0000000000000000 ffffffff 00cf9300 DPL=0 DS   [-WA]
GS =0030 0000000000000000 ffffffff 00cf9300 DPL=0 DS   [-WA]
LDT=0000 0000000000000000 0000ffff 00008200 DPL=0 LDT
TR =0000 0000000000000000 0000ffff 00008b00 DPL=0 TSS64-busy
GDT=     000000001f9eea98 00000047
IDT=     000000001f586018 00000fff
CR0=80010033 CR2=0000000000000000 CR3=000000001fc01000 CR4=00000668
DR0=0000000000000000 DR1=0000000000000000 DR2=0000000000000000 DR3=0000000000000000 
DR6=00000000ffff0ff0 DR7=0000000000000400
CCS=0000000000000000 CCD=000000000000006b CCO=EFLAGS
EFER=0000000000000d00
Servicing hardware INT=0x68
    35: v=68 e=0000 i=0 cpl=0 IP=0038:000000001febe58b pc=000000001febe58b SP=0030:000000001febd748 env->regs[R_EAX]=000000001ecded20
RAX=000000001ecded20 RBX=0000000000000037 RCX=000000001ecded18 RDX=000000001fed3a50
RSI=000000001febd848 RDI=000000001ecded18 RBP=0000000000000000 RSP=000000001febd748
R8 =000000001ebfc698 R9 =0000000000000000 R10=000000001febd848 R11=000000001ec6f15d
R12=000000001ec4bf18 R13=000000001ebfc298 R14=000000001ebfc298 R15=0000000000000000
RIP=000000001febe58b RFL=00000246 [---Z-P-] CPL=0 II=0 A20=1 SMM=0 HLT=0
ES =0030 0000000000000000 ffffffff 00cf9300 DPL=0 DS   [-WA]
CS =0038 0000000000000000 ffffffff 00af9a00 DPL=0 CS64 [-R-]
SS =0030 0000000000000000 ffffffff 00cf9300 DPL=0 DS   [-WA]
DS =0030 0000000000000000 ffffffff 00cf9300 DPL=0 DS   [-WA]
FS =0030 0000000000000000 ffffffff 00cf9300 DPL=0 DS   [-WA]
GS =0030 0000000000000000 ffffffff 00cf9300 DPL=0 DS   [-WA]
LDT=0000 0000000000000000 0000ffff 00008200 DPL=0 LDT
TR =0000 0000000000000000 0000ffff 00008b00 DPL=0 TSS64-busy
GDT=     000000001f9eea98 00000047
IDT=     000000001f586018 00000fff
CR0=80010033 CR2=0000000000000000 CR3=000000001fc01000 CR4=00000668
DR0=0000000000000000 DR1=0000000000000000 DR2=0000000000000000 DR3=0000000000000000 
DR6=00000000ffff0ff0 DR7=0000000000000400
CCS=0000000000000044 CCD=0000000000000000 CCO=EFLAGS
EFER=0000000000000d00
Servicing hardware INT=0x68
    36: v=68 e=0000 i=0 cpl=0 IP=0038:000000001f56b267 pc=000000001f56b267 SP=0030:000000001febd548 env->regs[R_EAX]=000000000032e6f5
RAX=000000000032e6f5 RBX=0000000000030d40 RCX=0000000000000000 RDX=000000000000b921
RSI=0000000000000000 RDI=000000000033a016 RBP=ffffffff00000001 RSP=000000001febd548
R8 =000000001febd600 R9 =0000000000080001 R10=0000000000000000 R11=0000000000000002
R12=a000000000000002 R13=8000000000000009 R14=0000000000000000 R15=000000001ec60200
RIP=000000001f56b267 RFL=00000206 [-----P-] CPL=0 II=0 A20=1 SMM=0 HLT=0
ES =0030 0000000000000000 ffffffff 00cf9300 DPL=0 DS   [-WA]
CS =0038 0000000000000000 ffffffff 00af9a00 DPL=0 CS64 [-R-]
SS =0030 0000000000000000 ffffffff 00cf9300 DPL=0 DS   [-WA]
DS =0030 0000000000000000 ffffffff 00cf9300 DPL=0 DS   [-WA]
FS =0030 0000000000000000 ffffffff 00cf9300 DPL=0 DS   [-WA]
GS =0030 0000000000000000 ffffffff 00cf9300 DPL=0 DS   [-WA]
LDT=0000 0000000000000000 0000ffff 00008200 DPL=0 LDT
TR =0000 0000000000000000 0000ffff 00008b00 DPL=0 TSS64-busy
GDT=     000000001f9eea98 00000047
IDT=     000000001f586018 00000fff
CR0=80010033 CR2=0000000000000000 CR3=000000001fc01000 CR4=00000668
DR0=0000000000000000 DR1=0000000000000000 DR2=0000000000000000 DR3=0000000000000000 
DR6=00000000ffff0ff0 DR7=0000000000000400
CCS=0000000000000004 CCD=000000000000b921 CCO=EFLAGS
EFER=0000000000000d00
Servicing hardware INT=0x68
    37: v=68 e=0000 i=0 cpl=0 IP=0038:000000001f56b267 pc=000000001f56b267 SP=0030:000000001febd548 env->regs[R_EAX]=0000000000337242
RAX=0000000000337242 RBX=0000000000030d40 RCX=0000000000000000 RDX=0000000000002dd4
RSI=0000000000000000 RDI=000000000033a016 RBP=ffffffff00000001 RSP=000000001febd548
R8 =000000001febd600 R9 =0000000000080001 R10=0000000000000000 R11=0000000000000002
R12=a000000000000002 R13=8000000000000009 R14=0000000000000000 R15=000000001ec60200
RIP=000000001f56b267 RFL=00000206 [-----P-] CPL=0 II=0 A20=1 SMM=0 HLT=0
ES =0030 0000000000000000 ffffffff 00cf9300 DPL=0 DS   [-WA]
CS =0038 0000000000000000 ffffffff 00af9a00 DPL=0 CS64 [-R-]
SS =0030 0000000000000000 ffffffff 00cf9300 DPL=0 DS   [-WA]
DS =0030 0000000000000000 ffffffff 00cf9300 DPL=0 DS   [-WA]
FS =0030 0000000000000000 ffffffff 00cf9300 DPL=0 DS   [-WA]
GS =0030 0000000000000000 ffffffff 00cf9300 DPL=0 DS   [-WA]
LDT=0000 0000000000000000 0000ffff 00008200 DPL=0 LDT
TR =0000 0000000000000000 0000ffff 00008b00 DPL=0 TSS64-busy
GDT=     000000001f9eea98 00000047
IDT=     000000001f586018 00000fff
CR0=80010033 CR2=0000000000000000 CR3=000000001fc01000 CR4=00000668
DR0=0000000000000000 DR1=0000000000000000 DR2=0000000000000000 DR3=0000000000000000 
DR6=00000000ffff0ff0 DR7=0000000000000400
CCS=0000000000000004 CCD=0000000000002dd4 CCO=EFLAGS
EFER=0000000000000d00
Servicing hardware INT=0x68
    38: v=68 e=0000 i=0 cpl=0 IP=0038:000000001f56b267 pc=000000001f56b267 SP=0030:000000001febd3d8 env->regs[R_EAX]=000000000033fe8a
RAX=000000000033fe8a RBX=00000000000f4240 RCX=0000000000000000 RDX=0000000000056c45
RSI=0000000000000000 RDI=0000000000396acf RBP=ffffffff00000001 RSP=000000001febd3d8
R8 =0000000000000080 R9 =0000000000000000 R10=0000000000000000 R11=0000000000000002
R12=a000000000000002 R13=000000001ebe4c18 R14=000000001ebe4098 R15=0000000000000000
RIP=000000001f56b267 RFL=00000202 [-------] CPL=0 II=0 A20=1 SMM=0 HLT=0
ES =0030 0000000000000000 ffffffff 00cf9300 DPL=0 DS   [-WA]
CS =0038 0000000000000000 ffffffff 00af9a00 DPL=0 CS64 [-R-]
SS =0030 0000000000000000 ffffffff 00cf9300 DPL=0 DS   [-WA]
DS =0030 0000000000000000 ffffffff 00cf9300 DPL=0 DS   [-WA]
FS =0030 0000000000000000 ffffffff 00cf9300 DPL=0 DS   [-WA]
GS =0030 0000000000000000 ffffffff 00cf9300 DPL=0 DS   [-WA]
LDT=0000 0000000000000000 0000ffff 00008200 DPL=0 LDT
TR =0000 0000000000000000 0000ffff 00008b00 DPL=0 TSS64-busy
GDT=     000000001f9eea98 00000047
IDT=     000000001f586018 00000fff
CR0=80010033 CR2=0000000000000000 CR3=000000001fc01000 CR4=00000668
DR0=0000000000000000 DR1=0000000000000000 DR2=0000000000000000 DR3=0000000000000000 
DR6=00000000ffff0ff0 DR7=0000000000000400
CCS=0000000000000000 CCD=0000000000056c45 CCO=EFLAGS
EFER=0000000000000d00
Servicing hardware INT=0x68
    39: v=68 e=0000 i=0 cpl=0 IP=0038:000000001f56b267 pc=000000001f56b267 SP=0030:000000001febd3d8 env->regs[R_EAX]=0000000000348a70
RAX=0000000000348a70 RBX=00000000000f4240 RCX=0000000000000000 RDX=000000000004e05f
RSI=0000000000000000 RDI=0000000000396acf RBP=ffffffff00000001 RSP=000000001febd3d8
R8 =0000000000000080 R9 =0000000000000000 R10=0000000000000000 R11=0000000000000002
R12=a000000000000002 R13=000000001ebe4c18 R14=000000001ebe4098 R15=0000000000000000
RIP=000000001f56b267 RFL=00000206 [-----P-] CPL=0 II=0 A20=1 SMM=0 HLT=0
ES =0030 0000000000000000 ffffffff 00cf9300 DPL=0 DS   [-WA]
CS =0038 0000000000000000 ffffffff 00af9a00 DPL=0 CS64 [-R-]
SS =0030 0000000000000000 ffffffff 00cf9300 DPL=0 DS   [-WA]
DS =0030 0000000000000000 ffffffff 00cf9300 DPL=0 DS   [-WA]
FS =0030 0000000000000000 ffffffff 00cf9300 DPL=0 DS   [-WA]
GS =0030 0000000000000000 ffffffff 00cf9300 DPL=0 DS   [-WA]
LDT=0000 0000000000000000 0000ffff 00008200 DPL=0 LDT
TR =0000 0000000000000000 0000ffff 00008b00 DPL=0 TSS64-busy
GDT=     000000001f9eea98 00000047
IDT=     000000001f586018 00000fff
CR0=80010033 CR2=0000000000000000 CR3=000000001fc01000 CR4=00000668
DR0=0000000000000000 DR1=0000000000000000 DR2=0000000000000000 DR3=0000000000000000 
DR6=00000000ffff0ff0 DR7=0000000000000400
CCS=0000000000000004 CCD=000000000004e05f CCO=EFLAGS
EFER=0000000000000d00
Servicing hardware INT=0x68
    40: v=68 e=0000 i=0 cpl=0 IP=0038:000000001f56b267 pc=000000001f56b267 SP=0030:000000001febd3d8 env->regs[R_EAX]=000000000035163c
RAX=000000000035163c RBX=00000000000f4240 RCX=0000000000000000 RDX=0000000000045493
RSI=0000000000000000 RDI=0000000000396acf RBP=ffffffff00000001 RSP=000000001febd3d8
R8 =0000000000000080 R9 =0000000000000000 R10=0000000000000000 R11=0000000000000002
R12=a000000000000002 R13=000000001ebe4c18 R14=000000001ebe4098 R15=0000000000000000
RIP=000000001f56b267 RFL=00000206 [-----P-] CPL=0 II=0 A20=1 SMM=0 HLT=0
ES =0030 0000000000000000 ffffffff 00cf9300 DPL=0 DS   [-WA]
CS =0038 0000000000000000 ffffffff 00af9a00 DPL=0 CS64 [-R-]
SS =0030 0000000000000000 ffffffff 00cf9300 DPL=0 DS   [-WA]
DS =0030 0000000000000000 ffffffff 00cf9300 DPL=0 DS   [-WA]
FS =0030 0000000000000000 ffffffff 00cf9300 DPL=0 DS   [-WA]
GS =0030 0000000000000000 ffffffff 00cf9300 DPL=0 DS   [-WA]
LDT=0000 0000000000000000 0000ffff 00008200 DPL=0 LDT
TR =0000 0000000000000000 0000ffff 00008b00 DPL=0 TSS64-busy
GDT=     000000001f9eea98 00000047
IDT=     000000001f586018 00000fff
CR0=80010033 CR2=0000000000000000 CR3=000000001fc01000 CR4=00000668
DR0=0000000000000000 DR1=0000000000000000 DR2=0000000000000000 DR3=0000000000000000 
DR6=00000000ffff0ff0 DR7=0000000000000400
CCS=0000000000000004 CCD=0000000000045493 CCO=EFLAGS
EFER=0000000000000d00
Servicing hardware INT=0x68
    41: v=68 e=0000 i=0 cpl=0 IP=0038:000000001f56b267 pc=000000001f56b267 SP=0030:000000001febd3d8 env->regs[R_EAX]=000000000035a26d
RAX=000000000035a26d RBX=00000000000f4240 RCX=0000000000000000 RDX=000000000003c862
RSI=0000000000000000 RDI=0000000000396acf RBP=ffffffff00000001 RSP=000000001febd3d8
R8 =0000000000000080 R9 =0000000000000000 R10=0000000000000000 R11=0000000000000002
R12=a000000000000002 R13=000000001ebe4c18 R14=000000001ebe4098 R15=0000000000000000
RIP=000000001f56b267 RFL=00000202 [-------] CPL=0 II=0 A20=1 SMM=0 HLT=0
ES =0030 0000000000000000 ffffffff 00cf9300 DPL=0 DS   [-WA]
CS =0038 0000000000000000 ffffffff 00af9a00 DPL=0 CS64 [-R-]
SS =0030 0000000000000000 ffffffff 00cf9300 DPL=0 DS   [-WA]
DS =0030 0000000000000000 ffffffff 00cf9300 DPL=0 DS   [-WA]
FS =0030 0000000000000000 ffffffff 00cf9300 DPL=0 DS   [-WA]
GS =0030 0000000000000000 ffffffff 00cf9300 DPL=0 DS   [-WA]
LDT=0000 0000000000000000 0000ffff 00008200 DPL=0 LDT
TR =0000 0000000000000000 0000ffff 00008b00 DPL=0 TSS64-busy
GDT=     000000001f9eea98 00000047
IDT=     000000001f586018 00000fff
CR0=80010033 CR2=0000000000000000 CR3=000000001fc01000 CR4=00000668
DR0=0000000000000000 DR1=0000000000000000 DR2=0000000000000000 DR3=0000000000000000 
DR6=00000000ffff0ff0 DR7=0000000000000400
CCS=0000000000000000 CCD=000000000003c862 CCO=EFLAGS
EFER=0000000000000d00
Servicing hardware INT=0x68
    42: v=68 e=0000 i=0 cpl=0 IP=0038:000000001f56b267 pc=000000001f56b267 SP=0030:000000001febd3d8 env->regs[R_EAX]=0000000000362de0
RAX=0000000000362de0 RBX=00000000000f4240 RCX=0000000000000000 RDX=0000000000033cef
RSI=0000000000000000 RDI=0000000000396acf RBP=ffffffff00000001 RSP=000000001febd3d8
R8 =0000000000000080 R9 =0000000000000000 R10=0000000000000000 R11=0000000000000002
R12=a000000000000002 R13=000000001ebe4c18 R14=000000001ebe4098 R15=0000000000000000
RIP=000000001f56b267 RFL=00000202 [-------] CPL=0 II=0 A20=1 SMM=0 HLT=0
ES =0030 0000000000000000 ffffffff 00cf9300 DPL=0 DS   [-WA]
CS =0038 0000000000000000 ffffffff 00af9a00 DPL=0 CS64 [-R-]
SS =0030 0000000000000000 ffffffff 00cf9300 DPL=0 DS   [-WA]
DS =0030 0000000000000000 ffffffff 00cf9300 DPL=0 DS   [-WA]
FS =0030 0000000000000000 ffffffff 00cf9300 DPL=0 DS   [-WA]
GS =0030 0000000000000000 ffffffff 00cf9300 DPL=0 DS   [-WA]
LDT=0000 0000000000000000 0000ffff 00008200 DPL=0 LDT
TR =0000 0000000000000000 0000ffff 00008b00 DPL=0 TSS64-busy
GDT=     000000001f9eea98 00000047
IDT=     000000001f586018 00000fff
CR0=80010033 CR2=0000000000000000 CR3=000000001fc01000 CR4=00000668
DR0=0000000000000000 DR1=0000000000000000 DR2=0000000000000000 DR3=0000000000000000 
DR6=00000000ffff0ff0 DR7=0000000000000400
CCS=0000000000000000 CCD=0000000000033cef CCO=EFLAGS
EFER=0000000000000d00
Servicing hardware INT=0x68
    43: v=68 e=0000 i=0 cpl=0 IP=0038:000000001f56b267 pc=000000001f56b267 SP=0030:000000001febd3d8 env->regs[R_EAX]=000000000036b9bc
RAX=000000000036b9bc RBX=00000000000f4240 RCX=0000000000000000 RDX=000000000002b113
RSI=0000000000000000 RDI=0000000000396acf RBP=ffffffff00000001 RSP=000000001febd3d8
R8 =0000000000000080 R9 =0000000000000000 R10=0000000000000000 R11=0000000000000002
R12=a000000000000002 R13=000000001ebe4c18 R14=000000001ebe4098 R15=0000000000000000
RIP=000000001f56b267 RFL=00000202 [-------] CPL=0 II=0 A20=1 SMM=0 HLT=0
ES =0030 0000000000000000 ffffffff 00cf9300 DPL=0 DS   [-WA]
CS =0038 0000000000000000 ffffffff 00af9a00 DPL=0 CS64 [-R-]
SS =0030 0000000000000000 ffffffff 00cf9300 DPL=0 DS   [-WA]
DS =0030 0000000000000000 ffffffff 00cf9300 DPL=0 DS   [-WA]
FS =0030 0000000000000000 ffffffff 00cf9300 DPL=0 DS   [-WA]
GS =0030 0000000000000000 ffffffff 00cf9300 DPL=0 DS   [-WA]
LDT=0000 0000000000000000 0000ffff 00008200 DPL=0 LDT
TR =0000 0000000000000000 0000ffff 00008b00 DPL=0 TSS64-busy
GDT=     000000001f9eea98 00000047
IDT=     000000001f586018 00000fff
CR0=80010033 CR2=0000000000000000 CR3=000000001fc01000 CR4=00000668
DR0=0000000000000000 DR1=0000000000000000 DR2=0000000000000000 DR3=0000000000000000 
DR6=00000000ffff0ff0 DR7=0000000000000400
CCS=0000000000000000 CCD=000000000002b113 CCO=EFLAGS
EFER=0000000000000d00
Servicing hardware INT=0x68
    44: v=68 e=0000 i=0 cpl=0 IP=0038:000000001f56b267 pc=000000001f56b267 SP=0030:000000001febd3d8 env->regs[R_EAX]=0000000000374594
RAX=0000000000374594 RBX=00000000000f4240 RCX=0000000000000000 RDX=000000000002253b
RSI=0000000000000000 RDI=0000000000396acf RBP=ffffffff00000001 RSP=000000001febd3d8
R8 =0000000000000080 R9 =0000000000000000 R10=0000000000000000 R11=0000000000000002
R12=a000000000000002 R13=000000001ebe4c18 R14=000000001ebe4098 R15=0000000000000000
RIP=000000001f56b267 RFL=00000202 [-------] CPL=0 II=0 A20=1 SMM=0 HLT=0
ES =0030 0000000000000000 ffffffff 00cf9300 DPL=0 DS   [-WA]
CS =0038 0000000000000000 ffffffff 00af9a00 DPL=0 CS64 [-R-]
SS =0030 0000000000000000 ffffffff 00cf9300 DPL=0 DS   [-WA]
DS =0030 0000000000000000 ffffffff 00cf9300 DPL=0 DS   [-WA]
FS =0030 0000000000000000 ffffffff 00cf9300 DPL=0 DS   [-WA]
GS =0030 0000000000000000 ffffffff 00cf9300 DPL=0 DS   [-WA]
LDT=0000 0000000000000000 0000ffff 00008200 DPL=0 LDT
TR =0000 0000000000000000 0000ffff 00008b00 DPL=0 TSS64-busy
GDT=     000000001f9eea98 00000047
IDT=     000000001f586018 00000fff
CR0=80010033 CR2=0000000000000000 CR3=000000001fc01000 CR4=00000668
DR0=0000000000000000 DR1=0000000000000000 DR2=0000000000000000 DR3=0000000000000000 
DR6=00000000ffff0ff0 DR7=0000000000000400
CCS=0000000000000000 CCD=000000000002253b CCO=EFLAGS
EFER=0000000000000d00
Servicing hardware INT=0x68
    45: v=68 e=0000 i=0 cpl=0 IP=0038:000000001f56b267 pc=000000001f56b267 SP=0030:000000001febd3d8 env->regs[R_EAX]=000000000037d0de
RAX=000000000037d0de RBX=00000000000f4240 RCX=0000000000000000 RDX=00000000000199f1
RSI=0000000000000000 RDI=0000000000396acf RBP=ffffffff00000001 RSP=000000001febd3d8
R8 =0000000000000080 R9 =0000000000000000 R10=0000000000000000 R11=0000000000000002
R12=a000000000000002 R13=000000001ebe4c18 R14=000000001ebe4098 R15=0000000000000000
RIP=000000001f56b267 RFL=00000202 [-------] CPL=0 II=0 A20=1 SMM=0 HLT=0
ES =0030 0000000000000000 ffffffff 00cf9300 DPL=0 DS   [-WA]
CS =0038 0000000000000000 ffffffff 00af9a00 DPL=0 CS64 [-R-]
SS =0030 0000000000000000 ffffffff 00cf9300 DPL=0 DS   [-WA]
DS =0030 0000000000000000 ffffffff 00cf9300 DPL=0 DS   [-WA]
FS =0030 0000000000000000 ffffffff 00cf9300 DPL=0 DS   [-WA]
GS =0030 0000000000000000 ffffffff 00cf9300 DPL=0 DS   [-WA]
LDT=0000 0000000000000000 0000ffff 00008200 DPL=0 LDT
TR =0000 0000000000000000 0000ffff 00008b00 DPL=0 TSS64-busy
GDT=     000000001f9eea98 00000047
IDT=     000000001f586018 00000fff
CR0=80010033 CR2=0000000000000000 CR3=000000001fc01000 CR4=00000668
DR0=0000000000000000 DR1=0000000000000000 DR2=0000000000000000 DR3=0000000000000000 
DR6=00000000ffff0ff0 DR7=0000000000000400
CCS=0000000000000000 CCD=00000000000199f1 CCO=EFLAGS
EFER=0000000000000d00
Servicing hardware INT=0x68
    46: v=68 e=0000 i=0 cpl=0 IP=0038:000000001f56b267 pc=000000001f56b267 SP=0030:000000001febd3d8 env->regs[R_EAX]=0000000000385d4d
RAX=0000000000385d4d RBX=00000000000f4240 RCX=0000000000000000 RDX=0000000000010d82
RSI=0000000000000000 RDI=0000000000396acf RBP=ffffffff00000001 RSP=000000001febd3d8
R8 =0000000000000080 R9 =0000000000000000 R10=0000000000000000 R11=0000000000000002
R12=a000000000000002 R13=000000001ebe4c18 R14=000000001ebe4098 R15=0000000000000000
RIP=000000001f56b267 RFL=00000206 [-----P-] CPL=0 II=0 A20=1 SMM=0 HLT=0
ES =0030 0000000000000000 ffffffff 00cf9300 DPL=0 DS   [-WA]
CS =0038 0000000000000000 ffffffff 00af9a00 DPL=0 CS64 [-R-]
SS =0030 0000000000000000 ffffffff 00cf9300 DPL=0 DS   [-WA]
DS =0030 0000000000000000 ffffffff 00cf9300 DPL=0 DS   [-WA]
FS =0030 0000000000000000 ffffffff 00cf9300 DPL=0 DS   [-WA]
GS =0030 0000000000000000 ffffffff 00cf9300 DPL=0 DS   [-WA]
LDT=0000 0000000000000000 0000ffff 00008200 DPL=0 LDT
TR =0000 0000000000000000 0000ffff 00008b00 DPL=0 TSS64-busy
GDT=     000000001f9eea98 00000047
IDT=     000000001f586018 00000fff
CR0=80010033 CR2=0000000000000000 CR3=000000001fc01000 CR4=00000668
DR0=0000000000000000 DR1=0000000000000000 DR2=0000000000000000 DR3=0000000000000000 
DR6=00000000ffff0ff0 DR7=0000000000000400
CCS=0000000000000004 CCD=0000000000010d82 CCO=EFLAGS
EFER=0000000000000d00
Servicing hardware INT=0x68
    47: v=68 e=0000 i=0 cpl=0 IP=0038:000000001f56b267 pc=000000001f56b267 SP=0030:000000001febd3d8 env->regs[R_EAX]=000000000038e905
RAX=000000000038e905 RBX=00000000000f4240 RCX=0000000000000000 RDX=00000000000081ca
RSI=0000000000000000 RDI=0000000000396acf RBP=ffffffff00000001 RSP=000000001febd3d8
R8 =0000000000000080 R9 =0000000000000000 R10=0000000000000000 R11=0000000000000002
R12=a000000000000002 R13=000000001ebe4c18 R14=000000001ebe4098 R15=0000000000000000
RIP=000000001f56b267 RFL=00000206 [-----P-] CPL=0 II=0 A20=1 SMM=0 HLT=0
ES =0030 0000000000000000 ffffffff 00cf9300 DPL=0 DS   [-WA]
CS =0038 0000000000000000 ffffffff 00af9a00 DPL=0 CS64 [-R-]
SS =0030 0000000000000000 ffffffff 00cf9300 DPL=0 DS   [-WA]
DS =0030 0000000000000000 ffffffff 00cf9300 DPL=0 DS   [-WA]
FS =0030 0000000000000000 ffffffff 00cf9300 DPL=0 DS   [-WA]
GS =0030 0000000000000000 ffffffff 00cf9300 DPL=0 DS   [-WA]
LDT=0000 0000000000000000 0000ffff 00008200 DPL=0 LDT
TR =0000 0000000000000000 0000ffff 00008b00 DPL=0 TSS64-busy
GDT=     000000001f9eea98 00000047
IDT=     000000001f586018 00000fff
CR0=80010033 CR2=0000000000000000 CR3=000000001fc01000 CR4=00000668
DR0=0000000000000000 DR1=0000000000000000 DR2=0000000000000000 DR3=0000000000000000 
DR6=00000000ffff0ff0 DR7=0000000000000400
CCS=0000000000000004 CCD=00000000000081ca CCO=EFLAGS
EFER=0000000000000d00
Servicing hardware INT=0x68
    48: v=68 e=0000 i=0 cpl=0 IP=0038:000000001f56b267 pc=000000001f56b267 SP=0030:000000001febd398 env->regs[R_EAX]=00000000003974e7
RAX=00000000003974e7 RBX=000000000007a120 RCX=0000000000000000 RDX=000000000002b399
RSI=0000000000000000 RDI=00000000003c2880 RBP=ffffffff00000001 RSP=000000001febd398
R8 =000000001febd3a0 R9 =0000000000001101 R10=0000000000000000 R11=0000000000000002
R12=a000000000000002 R13=000000001ebf9298 R14=000000001ebe4098 R15=0000000000000000
RIP=000000001f56b267 RFL=00000206 [-----P-] CPL=0 II=0 A20=1 SMM=0 HLT=0
ES =0030 0000000000000000 ffffffff 00cf9300 DPL=0 DS   [-WA]
CS =0038 0000000000000000 ffffffff 00af9a00 DPL=0 CS64 [-R-]
SS =0030 0000000000000000 ffffffff 00cf9300 DPL=0 DS   [-WA]
DS =0030 0000000000000000 ffffffff 00cf9300 DPL=0 DS   [-WA]
FS =0030 0000000000000000 ffffffff 00cf9300 DPL=0 DS   [-WA]
GS =0030 0000000000000000 ffffffff 00cf9300 DPL=0 DS   [-WA]
LDT=0000 0000000000000000 0000ffff 00008200 DPL=0 LDT
TR =0000 0000000000000000 0000ffff 00008b00 DPL=0 TSS64-busy
GDT=     000000001f9eea98 00000047
IDT=     000000001f586018 00000fff
CR0=80010033 CR2=0000000000000000 CR3=000000001fc01000 CR4=00000668
DR0=0000000000000000 DR1=0000000000000000 DR2=0000000000000000 DR3=0000000000000000 
DR6=00000000ffff0ff0 DR7=0000000000000400
CCS=0000000000000004 CCD=000000000002b399 CCO=EFLAGS
EFER=0000000000000d00
Servicing hardware INT=0x68
    49: v=68 e=0000 i=0 cpl=0 IP=0038:000000001f56b267 pc=000000001f56b267 SP=0030:000000001febd398 env->regs[R_EAX]=00000000003a0027
RAX=00000000003a0027 RBX=000000000007a120 RCX=0000000000000000 RDX=0000000000022859
RSI=0000000000000000 RDI=00000000003c2880 RBP=ffffffff00000001 RSP=000000001febd398
R8 =000000001febd3a0 R9 =0000000000001101 R10=0000000000000000 R11=0000000000000002
R12=a000000000000002 R13=000000001ebf9298 R14=000000001ebe4098 R15=0000000000000000
RIP=000000001f56b267 RFL=00000206 [-----P-] CPL=0 II=0 A20=1 SMM=0 HLT=0
ES =0030 0000000000000000 ffffffff 00cf9300 DPL=0 DS   [-WA]
CS =0038 0000000000000000 ffffffff 00af9a00 DPL=0 CS64 [-R-]
SS =0030 0000000000000000 ffffffff 00cf9300 DPL=0 DS   [-WA]
DS =0030 0000000000000000 ffffffff 00cf9300 DPL=0 DS   [-WA]
FS =0030 0000000000000000 ffffffff 00cf9300 DPL=0 DS   [-WA]
GS =0030 0000000000000000 ffffffff 00cf9300 DPL=0 DS   [-WA]
LDT=0000 0000000000000000 0000ffff 00008200 DPL=0 LDT
TR =0000 0000000000000000 0000ffff 00008b00 DPL=0 TSS64-busy
GDT=     000000001f9eea98 00000047
IDT=     000000001f586018 00000fff
CR0=80010033 CR2=0000000000000000 CR3=000000001fc01000 CR4=00000668
DR0=0000000000000000 DR1=0000000000000000 DR2=0000000000000000 DR3=0000000000000000 
DR6=00000000ffff0ff0 DR7=0000000000000400
CCS=0000000000000004 CCD=0000000000022859 CCO=EFLAGS
EFER=0000000000000d00
Servicing hardware INT=0x68
    50: v=68 e=0000 i=0 cpl=0 IP=0038:000000001f56b267 pc=000000001f56b267 SP=0030:000000001febd398 env->regs[R_EAX]=00000000003a8c7f
RAX=00000000003a8c7f RBX=000000000007a120 RCX=0000000000000000 RDX=0000000000019c01
RSI=0000000000000000 RDI=00000000003c2880 RBP=ffffffff00000001 RSP=000000001febd398
R8 =000000001febd3a0 R9 =0000000000001101 R10=0000000000000000 R11=0000000000000002
R12=a000000000000002 R13=000000001ebf9298 R14=000000001ebe4098 R15=0000000000000000
RIP=000000001f56b267 RFL=00000202 [-------] CPL=0 II=0 A20=1 SMM=0 HLT=0
ES =0030 0000000000000000 ffffffff 00cf9300 DPL=0 DS   [-WA]
CS =0038 0000000000000000 ffffffff 00af9a00 DPL=0 CS64 [-R-]
SS =0030 0000000000000000 ffffffff 00cf9300 DPL=0 DS   [-WA]
DS =0030 0000000000000000 ffffffff 00cf9300 DPL=0 DS   [-WA]
FS =0030 0000000000000000 ffffffff 00cf9300 DPL=0 DS   [-WA]
GS =0030 0000000000000000 ffffffff 00cf9300 DPL=0 DS   [-WA]
LDT=0000 0000000000000000 0000ffff 00008200 DPL=0 LDT
TR =0000 0000000000000000 0000ffff 00008b00 DPL=0 TSS64-busy
GDT=     000000001f9eea98 00000047
IDT=     000000001f586018 00000fff
CR0=80010033 CR2=0000000000000000 CR3=000000001fc01000 CR4=00000668
DR0=0000000000000000 DR1=0000000000000000 DR2=0000000000000000 DR3=0000000000000000 
DR6=00000000ffff0ff0 DR7=0000000000000400
CCS=0000000000000000 CCD=0000000000019c01 CCO=EFLAGS
EFER=0000000000000d00
Servicing hardware INT=0x68
    51: v=68 e=0000 i=0 cpl=0 IP=0038:000000001f56b267 pc=000000001f56b267 SP=0030:000000001febd398 env->regs[R_EAX]=00000000003b1862
RAX=00000000003b1862 RBX=000000000007a120 RCX=0000000000000000 RDX=000000000001101e
RSI=0000000000000000 RDI=00000000003c2880 RBP=ffffffff00000001 RSP=000000001febd398
R8 =000000001febd3a0 R9 =0000000000001101 R10=0000000000000000 R11=0000000000000002
R12=a000000000000002 R13=000000001ebf9298 R14=000000001ebe4098 R15=0000000000000000
RIP=000000001f56b267 RFL=00000206 [-----P-] CPL=0 II=0 A20=1 SMM=0 HLT=0
ES =0030 0000000000000000 ffffffff 00cf9300 DPL=0 DS   [-WA]
CS =0038 0000000000000000 ffffffff 00af9a00 DPL=0 CS64 [-R-]
SS =0030 0000000000000000 ffffffff 00cf9300 DPL=0 DS   [-WA]
DS =0030 0000000000000000 ffffffff 00cf9300 DPL=0 DS   [-WA]
FS =0030 0000000000000000 ffffffff 00cf9300 DPL=0 DS   [-WA]
GS =0030 0000000000000000 ffffffff 00cf9300 DPL=0 DS   [-WA]
LDT=0000 0000000000000000 0000ffff 00008200 DPL=0 LDT
TR =0000 0000000000000000 0000ffff 00008b00 DPL=0 TSS64-busy
GDT=     000000001f9eea98 00000047
IDT=     000000001f586018 00000fff
CR0=80010033 CR2=0000000000000000 CR3=000000001fc01000 CR4=00000668
DR0=0000000000000000 DR1=0000000000000000 DR2=0000000000000000 DR3=0000000000000000 
DR6=00000000ffff0ff0 DR7=0000000000000400
CCS=0000000000000004 CCD=000000000001101e CCO=EFLAGS
EFER=0000000000000d00
Servicing hardware INT=0x68
    52: v=68 e=0000 i=0 cpl=0 IP=0038:000000001f56b267 pc=000000001f56b267 SP=0030:000000001febd398 env->regs[R_EAX]=00000000003ba430
RAX=00000000003ba430 RBX=000000000007a120 RCX=0000000000000000 RDX=0000000000008450
RSI=0000000000000000 RDI=00000000003c2880 RBP=ffffffff00000001 RSP=000000001febd398
R8 =000000001febd3a0 R9 =0000000000001101 R10=0000000000000000 R11=0000000000000002
R12=a000000000000002 R13=000000001ebf9298 R14=000000001ebe4098 R15=0000000000000000
RIP=000000001f56b267 RFL=00000206 [-----P-] CPL=0 II=0 A20=1 SMM=0 HLT=0
ES =0030 0000000000000000 ffffffff 00cf9300 DPL=0 DS   [-WA]
CS =0038 0000000000000000 ffffffff 00af9a00 DPL=0 CS64 [-R-]
SS =0030 0000000000000000 ffffffff 00cf9300 DPL=0 DS   [-WA]
DS =0030 0000000000000000 ffffffff 00cf9300 DPL=0 DS   [-WA]
FS =0030 0000000000000000 ffffffff 00cf9300 DPL=0 DS   [-WA]
GS =0030 0000000000000000 ffffffff 00cf9300 DPL=0 DS   [-WA]
LDT=0000 0000000000000000 0000ffff 00008200 DPL=0 LDT
TR =0000 0000000000000000 0000ffff 00008b00 DPL=0 TSS64-busy
GDT=     000000001f9eea98 00000047
IDT=     000000001f586018 00000fff
CR0=80010033 CR2=0000000000000000 CR3=000000001fc01000 CR4=00000668
DR0=0000000000000000 DR1=0000000000000000 DR2=0000000000000000 DR3=0000000000000000 
DR6=00000000ffff0ff0 DR7=0000000000000400
CCS=0000000000000004 CCD=0000000000008450 CCO=EFLAGS
EFER=0000000000000d00
Servicing hardware INT=0x68
    53: v=68 e=0000 i=0 cpl=0 IP=0038:000000001f56b267 pc=000000001f56b267 SP=0030:000000001febd398 env->regs[R_EAX]=00000000003c2f75
RAX=00000000003c2f75 RBX=0000000000030d40 RCX=0000000000000000 RDX=0000000000011297
RSI=0000000000000000 RDI=00000000003d420c RBP=ffffffff00000001 RSP=000000001febd398
R8 =000000001febd3b0 R9 =0000000000001001 R10=0000000000000000 R11=0000000000000002
R12=a000000000000002 R13=000000001ebf9298 R14=000000001ebe4098 R15=0000000000000000
RIP=000000001f56b267 RFL=00000202 [-------] CPL=0 II=0 A20=1 SMM=0 HLT=0
ES =0030 0000000000000000 ffffffff 00cf9300 DPL=0 DS   [-WA]
CS =0038 0000000000000000 ffffffff 00af9a00 DPL=0 CS64 [-R-]
SS =0030 0000000000000000 ffffffff 00cf9300 DPL=0 DS   [-WA]
DS =0030 0000000000000000 ffffffff 00cf9300 DPL=0 DS   [-WA]
FS =0030 0000000000000000 ffffffff 00cf9300 DPL=0 DS   [-WA]
GS =0030 0000000000000000 ffffffff 00cf9300 DPL=0 DS   [-WA]
LDT=0000 0000000000000000 0000ffff 00008200 DPL=0 LDT
TR =0000 0000000000000000 0000ffff 00008b00 DPL=0 TSS64-busy
GDT=     000000001f9eea98 00000047
IDT=     000000001f586018 00000fff
CR0=80010033 CR2=0000000000000000 CR3=000000001fc01000 CR4=00000668
DR0=0000000000000000 DR1=0000000000000000 DR2=0000000000000000 DR3=0000000000000000 
DR6=00000000ffff0ff0 DR7=0000000000000400
CCS=0000000000000000 CCD=0000000000011297 CCO=EFLAGS
EFER=0000000000000d00
Servicing hardware INT=0x68
    54: v=68 e=0000 i=0 cpl=0 IP=0038:000000001f56b267 pc=000000001f56b267 SP=0030:000000001febd398 env->regs[R_EAX]=00000000003cbbda
RAX=00000000003cbbda RBX=0000000000030d40 RCX=0000000000000000 RDX=0000000000008632
RSI=0000000000000000 RDI=00000000003d420c RBP=ffffffff00000001 RSP=000000001febd398
R8 =000000001febd3b0 R9 =0000000000001001 R10=0000000000000000 R11=0000000000000002
R12=a000000000000002 R13=000000001ebf9298 R14=000000001ebe4098 R15=0000000000000000
RIP=000000001f56b267 RFL=00000202 [-------] CPL=0 II=0 A20=1 SMM=0 HLT=0
ES =0030 0000000000000000 ffffffff 00cf9300 DPL=0 DS   [-WA]
CS =0038 0000000000000000 ffffffff 00af9a00 DPL=0 CS64 [-R-]
SS =0030 0000000000000000 ffffffff 00cf9300 DPL=0 DS   [-WA]
DS =0030 0000000000000000 ffffffff 00cf9300 DPL=0 DS   [-WA]
FS =0030 0000000000000000 ffffffff 00cf9300 DPL=0 DS   [-WA]
GS =0030 0000000000000000 ffffffff 00cf9300 DPL=0 DS   [-WA]
LDT=0000 0000000000000000 0000ffff 00008200 DPL=0 LDT
TR =0000 0000000000000000 0000ffff 00008b00 DPL=0 TSS64-busy
GDT=     000000001f9eea98 00000047
IDT=     000000001f586018 00000fff
CR0=80010033 CR2=0000000000000000 CR3=000000001fc01000 CR4=00000668
DR0=0000000000000000 DR1=0000000000000000 DR2=0000000000000000 DR3=0000000000000000 
DR6=00000000ffff0ff0 DR7=0000000000000400
CCS=0000000000000000 CCD=0000000000008632 CCO=EFLAGS
EFER=0000000000000d00
Servicing hardware INT=0x68
    55: v=68 e=0000 i=0 cpl=0 IP=0038:000000001ec5e2fa pc=000000001ec5e2fa SP=0030:000000001febd2f0 env->regs[R_EAX]=0000000000000000
RAX=0000000000000000 RBX=0000000000000000 RCX=0000000000000004 RDX=000000001f5937c0
RSI=0000000000000004 RDI=000000001ebfc798 RBP=000000001ebfc798 RSP=000000001febd2f0
R8 =000000001febd2e0 R9 =000000000000003f R10=0000000000000000 R11=0000000000000002
R12=000000001ebfc7a0 R13=000000001febd45c R14=000000001febd460 R15=0000000000000040
RIP=000000001ec5e2fa RFL=00000206 [-----P-] CPL=0 II=0 A20=1 SMM=0 HLT=0
ES =0030 0000000000000000 ffffffff 00cf9300 DPL=0 DS   [-WA]
CS =0038 0000000000000000 ffffffff 00af9a00 DPL=0 CS64 [-R-]
SS =0030 0000000000000000 ffffffff 00cf9300 DPL=0 DS   [-WA]
DS =0030 0000000000000000 ffffffff 00cf9300 DPL=0 DS   [-WA]
FS =0030 0000000000000000 ffffffff 00cf9300 DPL=0 DS   [-WA]
GS =0030 0000000000000000 ffffffff 00cf9300 DPL=0 DS   [-WA]
LDT=0000 0000000000000000 0000ffff 00008200 DPL=0 LDT
TR =0000 0000000000000000 0000ffff 00008b00 DPL=0 TSS64-busy
GDT=     000000001f9eea98 00000047
IDT=     000000001f586018 00000fff
CR0=80010033 CR2=0000000000000000 CR3=000000001fc01000 CR4=00000668
DR0=0000000000000000 DR1=0000000000000000 DR2=0000000000000000 DR3=0000000000000000 
DR6=00000000ffff0ff0 DR7=0000000000000400
CCS=0000000000000004 CCD=000000001febd2e8 CCO=EFLAGS
EFER=0000000000000d00
Servicing hardware INT=0x68
    56: v=68 e=0000 i=0 cpl=0 IP=0038:000000001f593396 pc=000000001f593396 SP=0030:000000001febd130 env->regs[R_EAX]=0000000000000001
RAX=0000000000000001 RBX=0000000081010024 RCX=0000000000000004 RDX=0000000000000004
RSI=0000000000000004 RDI=0000000000000001 RBP=0000000000000001 RSP=000000001febd130
R8 =000000001febd27c R9 =000000000000c000 R10=0000000000000000 R11=0000000000000002
R12=0000000000000002 R13=0000000081010024 R14=000000000007a120 R15=000000001ebe4198
RIP=000000001f593396 RFL=00000246 [---Z-P-] CPL=0 II=0 A20=1 SMM=0 HLT=0
ES =0030 0000000000000000 ffffffff 00cf9300 DPL=0 DS   [-WA]
CS =0038 0000000000000000 ffffffff 00af9a00 DPL=0 CS64 [-R-]
SS =0030 0000000000000000 ffffffff 00cf9300 DPL=0 DS   [-WA]
DS =0030 0000000000000000 ffffffff 00cf9300 DPL=0 DS   [-WA]
FS =0030 0000000000000000 ffffffff 00cf9300 DPL=0 DS   [-WA]
GS =0030 0000000000000000 ffffffff 00cf9300 DPL=0 DS   [-WA]
LDT=0000 0000000000000000 0000ffff 00008200 DPL=0 LDT
TR =0000 0000000000000000 0000ffff 00008b00 DPL=0 TSS64-busy
GDT=     000000001f9eea98 00000047
IDT=     000000001f586018 00000fff
CR0=80010033 CR2=0000000000000000 CR3=000000001fc01000 CR4=00000668
DR0=0000000000000000 DR1=0000000000000000 DR2=0000000000000000 DR3=0000000000000000 
DR6=00000000ffff0ff0 DR7=0000000000000400
CCS=0000000000000044 CCD=0000000000000000 CCO=EFLAGS
EFER=0000000000000d00
Servicing hardware INT=0x68
    57: v=68 e=0000 i=0 cpl=0 IP=0038:000000001f56b267 pc=000000001f56b267 SP=0030:000000001febd1e8 env->regs[R_EAX]=00000000003e5ed4
RAX=00000000003e5ed4 RBX=000000000000000a RCX=0000000000000000 RDX=0000000000000003
RSI=0000000000000000 RDI=00000000003e5ed7 RBP=ffffffff00000001 RSP=000000001febd1e8
R8 =000000001ebe8238 R9 =000000001ebe8180 R10=000000001ebe81d0 R11=0000000000000000
R12=a000000000000002 R13=000000001febd400 R14=000000000007a120 R15=000000001ebe4198
RIP=000000001f56b267 RFL=00000206 [-----P-] CPL=0 II=0 A20=1 SMM=0 HLT=0
ES =0030 0000000000000000 ffffffff 00cf9300 DPL=0 DS   [-WA]
CS =0038 0000000000000000 ffffffff 00af9a00 DPL=0 CS64 [-R-]
SS =0030 0000000000000000 ffffffff 00cf9300 DPL=0 DS   [-WA]
DS =0030 0000000000000000 ffffffff 00cf9300 DPL=0 DS   [-WA]
FS =0030 0000000000000000 ffffffff 00cf9300 DPL=0 DS   [-WA]
GS =0030 0000000000000000 ffffffff 00cf9300 DPL=0 DS   [-WA]
LDT=0000 0000000000000000 0000ffff 00008200 DPL=0 LDT
TR =0000 0000000000000000 0000ffff 00008b00 DPL=0 TSS64-busy
GDT=     000000001f9eea98 00000047
IDT=     000000001f586018 00000fff
CR0=80010033 CR2=0000000000000000 CR3=000000001fc01000 CR4=00000668
DR0=0000000000000000 DR1=0000000000000000 DR2=0000000000000000 DR3=0000000000000000 
DR6=00000000ffff0ff0 DR7=0000000000000400
CCS=0000000000000004 CCD=0000000000000003 CCO=EFLAGS
EFER=0000000000000d00
Servicing hardware INT=0x68
    58: v=68 e=0000 i=0 cpl=0 IP=0038:000000001f56b267 pc=000000001f56b267 SP=0030:000000001febd188 env->regs[R_EAX]=00000000003eeb79
RAX=00000000003eeb79 RBX=0000000000002710 RCX=0000000000000000 RDX=0000000000000dfb
RSI=0000000000000000 RDI=00000000003ef974 RBP=ffffffff00000001 RSP=000000001febd188
R8 =000000001febd240 R9 =000000000000e000 R10=0000000000000000 R11=0000000000000002
R12=a000000000000002 R13=0000000000000004 R14=0000000000000001 R15=0000000000000001
RIP=000000001f56b267 RFL=00000202 [-------] CPL=0 II=0 A20=1 SMM=0 HLT=0
ES =0030 0000000000000000 ffffffff 00cf9300 DPL=0 DS   [-WA]
CS =0038 0000000000000000 ffffffff 00af9a00 DPL=0 CS64 [-R-]
SS =0030 0000000000000000 ffffffff 00cf9300 DPL=0 DS   [-WA]
DS =0030 0000000000000000 ffffffff 00cf9300 DPL=0 DS   [-WA]
FS =0030 0000000000000000 ffffffff 00cf9300 DPL=0 DS   [-WA]
GS =0030 0000000000000000 ffffffff 00cf9300 DPL=0 DS   [-WA]
LDT=0000 0000000000000000 0000ffff 00008200 DPL=0 LDT
TR =0000 0000000000000000 0000ffff 00008b00 DPL=0 TSS64-busy
GDT=     000000001f9eea98 00000047
IDT=     000000001f586018 00000fff
CR0=80010033 CR2=0000000000000000 CR3=000000001fc01000 CR4=00000668
DR0=0000000000000000 DR1=0000000000000000 DR2=0000000000000000 DR3=0000000000000000 
DR6=00000000ffff0ff0 DR7=0000000000000400
CCS=0000000000000000 CCD=0000000000000dfb CCO=EFLAGS
EFER=0000000000000d00
Servicing hardware INT=0x68
    59: v=68 e=0000 i=0 cpl=0 IP=0038:000000001ecf55ee pc=000000001ecf55ee SP=0030:000000001febd410 env->regs[R_EAX]=0000000000000000
RAX=0000000000000000 RBX=000000001ebe4354 RCX=000000001ec4d0a0 RDX=0000000000000000
RSI=0000000000000000 RDI=000000001ec88801 RBP=0000000000000001 RSP=000000001febd410
R8 =0000000000000000 R9 =00000000000001f6 R10=0000000080000900 R11=0000000000000000
R12=000000001ebe4298 R13=000000001ec4d0a0 R14=000000000000000a R15=000000001ecf70e0
RIP=000000001ecf55ee RFL=00000246 [---Z-P-] CPL=0 II=0 A20=1 SMM=0 HLT=0
ES =0030 0000000000000000 ffffffff 00cf9300 DPL=0 DS   [-WA]
CS =0038 0000000000000000 ffffffff 00af9a00 DPL=0 CS64 [-R-]
SS =0030 0000000000000000 ffffffff 00cf9300 DPL=0 DS   [-WA]
DS =0030 0000000000000000 ffffffff 00cf9300 DPL=0 DS   [-WA]
FS =0030 0000000000000000 ffffffff 00cf9300 DPL=0 DS   [-WA]
GS =0030 0000000000000000 ffffffff 00cf9300 DPL=0 DS   [-WA]
LDT=0000 0000000000000000 0000ffff 00008200 DPL=0 LDT
TR =0000 0000000000000000 0000ffff 00008b00 DPL=0 TSS64-busy
GDT=     000000001f9eea98 00000047
IDT=     000000001f586018 00000fff
CR0=80010033 CR2=0000000000000000 CR3=000000001fc01000 CR4=00000668
DR0=0000000000000000 DR1=0000000000000000 DR2=0000000000000000 DR3=0000000000000000 
DR6=00000000ffff0ff0 DR7=0000000000000400
CCS=0000000000000044 CCD=0000000000000002 CCO=EFLAGS
EFER=0000000000000d00
Servicing hardware INT=0x68
    60: v=68 e=0000 i=0 cpl=0 IP=0038:000000001edc491c pc=000000001edc491c SP=0030:000000001febd4a8 env->regs[R_EAX]=0000000000000000
RAX=0000000000000000 RBX=0000000000009042 RCX=000000001ebe18aa RDX=0000000000000006
RSI=0000000000000cf8 RDI=800000000000000e RBP=00000000b0000000 RSP=000000001febd4a8
R8 =00000000000000af R9 =000000001fed2530 R10=000000001fed50a8 R11=000000001ebe3a98
R12=0000000080000940 R13=0000000000000080 R14=000000001fed49a0 R15=000000001ec8ec18
RIP=000000001edc491c RFL=00000246 [---Z-P-] CPL=0 II=0 A20=1 SMM=0 HLT=0
ES =0030 0000000000000000 ffffffff 00cf9300 DPL=0 DS   [-WA]
CS =0038 0000000000000000 ffffffff 00af9a00 DPL=0 CS64 [-R-]
SS =0030 0000000000000000 ffffffff 00cf9300 DPL=0 DS   [-WA]
DS =0030 0000000000000000 ffffffff 00cf9300 DPL=0 DS   [-WA]
FS =0030 0000000000000000 ffffffff 00cf9300 DPL=0 DS   [-WA]
GS =0030 0000000000000000 ffffffff 00cf9300 DPL=0 DS   [-WA]
LDT=0000 0000000000000000 0000ffff 00008200 DPL=0 LDT
TR =0000 0000000000000000 0000ffff 00008b00 DPL=0 TSS64-busy
GDT=     000000001f9eea98 00000047
IDT=     000000001f586018 00000fff
CR0=80010033 CR2=0000000000000000 CR3=000000001fc01000 CR4=00000668
DR0=0000000000000000 DR1=0000000000000000 DR2=0000000000000000 DR3=0000000000000000 
DR6=00000000ffff0ff0 DR7=0000000000000400
CCS=0000000000000044 CCD=0000000000000000 CCO=EFLAGS
EFER=0000000000000d00
Servicing hardware INT=0x68
    61: v=68 e=0000 i=0 cpl=0 IP=0038:000000001ecf1fa6 pc=000000001ecf1fa6 SP=0030:000000001febcef8 env->regs[R_EAX]=0000000000408e1a
RAX=0000000000408e1a RBX=000000001ebe4368 RCX=0000000000408e28 RDX=000000000000000e
RSI=000000001febcff8 RDI=000000001febcfa0 RBP=00000000ffffff00 RSP=000000001febcef8
R8 =0000000000000190 R9 =00000000000f4240 R10=0000000000000000 R11=0000000000000000
R12=000000001ec8c028 R13=00000000000493e1 R14=000000001ebe4368 R15=000000001febcfe4
RIP=000000001ecf1fa6 RFL=00000202 [-------] CPL=0 II=0 A20=1 SMM=0 HLT=0
ES =0030 0000000000000000 ffffffff 00cf9300 DPL=0 DS   [-WA]
CS =0038 0000000000000000 ffffffff 00af9a00 DPL=0 CS64 [-R-]
SS =0030 0000000000000000 ffffffff 00cf9300 DPL=0 DS   [-WA]
DS =0030 0000000000000000 ffffffff 00cf9300 DPL=0 DS   [-WA]
FS =0030 0000000000000000 ffffffff 00cf9300 DPL=0 DS   [-WA]
GS =0030 0000000000000000 ffffffff 00cf9300 DPL=0 DS   [-WA]
LDT=0000 0000000000000000 0000ffff 00008200 DPL=0 LDT
TR =0000 0000000000000000 0000ffff 00008b00 DPL=0 TSS64-busy
GDT=     000000001f9eea98 00000047
IDT=     000000001f586018 00000fff
CR0=80010033 CR2=0000000000000000 CR3=000000001fc01000 CR4=00000668
DR0=0000000000000000 DR1=0000000000000000 DR2=0000000000000000 DR3=0000000000000000 
DR6=00000000ffff0ff0 DR7=0000000000000400
CCS=0000000000000000 CCD=000000000000000e CCO=EFLAGS
EFER=0000000000000d00
Servicing hardware INT=0x68
    62: v=68 e=0000 i=0 cpl=0 IP=0038:000000001feccee7 pc=000000001feccee7 SP=0030:000000001febd5c8 env->regs[R_EAX]=000000001edd6098
RAX=000000001edd6098 RBX=000000001ed9ada0 RCX=000000001edd60b0 RDX=000000001fed3960
RSI=000000001fed3960 RDI=000000001edbcc18 RBP=000000001edbcc30 RSP=000000001febd5c8
R8 =0000000000000000 R9 =000000001f8eef98 R10=000000001febd7e8 R11=000000001ebe16aa
R12=000000001fed3960 R13=000000001febd708 R14=0000000000000000 R15=000000001fed3960
RIP=000000001feccee7 RFL=00000202 [-------] CPL=0 II=0 A20=1 SMM=0 HLT=0
ES =0030 0000000000000000 ffffffff 00cf9300 DPL=0 DS   [-WA]
CS =0038 0000000000000000 ffffffff 00af9a00 DPL=0 CS64 [-R-]
SS =0030 0000000000000000 ffffffff 00cf9300 DPL=0 DS   [-WA]
DS =0030 0000000000000000 ffffffff 00cf9300 DPL=0 DS   [-WA]
FS =0030 0000000000000000 ffffffff 00cf9300 DPL=0 DS   [-WA]
GS =0030 0000000000000000 ffffffff 00cf9300 DPL=0 DS   [-WA]
LDT=0000 0000000000000000 0000ffff 00008200 DPL=0 LDT
TR =0000 0000000000000000 0000ffff 00008b00 DPL=0 TSS64-busy
GDT=     000000001f9eea98 00000047
IDT=     000000001f586018 00000fff
CR0=80010033 CR2=0000000000000000 CR3=000000001fc01000 CR4=00000668
DR0=0000000000000000 DR1=0000000000000000 DR2=0000000000000000 DR3=0000000000000000 
DR6=00000000ffff0ff0 DR7=0000000000000400
CCS=0000000000000000 CCD=000000001febd5d0 CCO=EFLAGS
EFER=0000000000000d00
Servicing hardware INT=0x68
    63: v=68 e=0000 i=0 cpl=0 IP=0038:000000001fec32fb pc=000000001fec32fb SP=0030:000000001febd760 env->regs[R_EAX]=0000000000000000
RAX=0000000000000000 RBX=0000000000000010 RCX=000000001edbdb18 RDX=000000001fed3a50
RSI=0000000000000000 RDI=000000001edbdb18 RBP=000000001edbdb18 RSP=000000001febd760
R8 =000000001febd818 R9 =000000001edbdb18 R10=000000000000000a R11=000000000000000a
R12=000000001f5a2f98 R13=000000001febd818 R14=000000001f5a2f98 R15=000000001edb5870
RIP=000000001fec32fb RFL=00000246 [---Z-P-] CPL=0 II=0 A20=1 SMM=0 HLT=0
ES =0030 0000000000000000 ffffffff 00cf9300 DPL=0 DS   [-WA]
CS =0038 0000000000000000 ffffffff 00af9a00 DPL=0 CS64 [-R-]
SS =0030 0000000000000000 ffffffff 00cf9300 DPL=0 DS   [-WA]
DS =0030 0000000000000000 ffffffff 00cf9300 DPL=0 DS   [-WA]
FS =0030 0000000000000000 ffffffff 00cf9300 DPL=0 DS   [-WA]
GS =0030 0000000000000000 ffffffff 00cf9300 DPL=0 DS   [-WA]
LDT=0000 0000000000000000 0000ffff 00008200 DPL=0 LDT
TR =0000 0000000000000000 0000ffff 00008b00 DPL=0 TSS64-busy
GDT=     000000001f9eea98 00000047
IDT=     000000001f586018 00000fff
CR0=80010033 CR2=0000000000000000 CR3=000000001fc01000 CR4=00000668
DR0=0000000000000000 DR1=0000000000000000 DR2=0000000000000000 DR3=0000000000000000 
DR6=00000000ffff0ff0 DR7=0000000000000400
CCS=0000000000000044 CCD=0000000000000000 CCO=EFLAGS
EFER=0000000000000d00
Servicing hardware INT=0x68
    64: v=68 e=0000 i=0 cpl=0 IP=0038:000000001febe56b pc=000000001febe56b SP=0030:000000001febd798 env->regs[R_EAX]=000000001edd74a0
RAX=000000001edd74a0 RBX=0000000000000010 RCX=000000001edd6598 RDX=000000001fed3a50
RSI=0000000000000000 RDI=000000001f56c698 RBP=000000001ed05b98 RSP=000000001febd798
R8 =000000001febd858 R9 =000000001ed05b98 R10=000000000000000a R11=000000000000000a
R12=000000001f56c698 R13=000000001febd858 R14=000000001f56c698 R15=000000001ecd3160
RIP=000000001febe56b RFL=00000206 [-----P-] CPL=0 II=0 A20=1 SMM=0 HLT=0
ES =0030 0000000000000000 ffffffff 00cf9300 DPL=0 DS   [-WA]
CS =0038 0000000000000000 ffffffff 00af9a00 DPL=0 CS64 [-R-]
SS =0030 0000000000000000 ffffffff 00cf9300 DPL=0 DS   [-WA]
DS =0030 0000000000000000 ffffffff 00cf9300 DPL=0 DS   [-WA]
FS =0030 0000000000000000 ffffffff 00cf9300 DPL=0 DS   [-WA]
GS =0030 0000000000000000 ffffffff 00cf9300 DPL=0 DS   [-WA]
LDT=0000 0000000000000000 0000ffff 00008200 DPL=0 LDT
TR =0000 0000000000000000 0000ffff 00008b00 DPL=0 TSS64-busy
GDT=     000000001f9eea98 00000047
IDT=     000000001f586018 00000fff
CR0=80010033 CR2=0000000000000000 CR3=000000001fc01000 CR4=00000668
DR0=0000000000000000 DR1=0000000000000000 DR2=0000000000000000 DR3=0000000000000000 
DR6=00000000ffff0ff0 DR7=0000000000000400
CCS=0000000000000004 CCD=0000000000796100 CCO=EFLAGS
EFER=0000000000000d00
Servicing hardware INT=0x68
    65: v=68 e=0000 i=0 cpl=0 IP=0038:000000001febfae6 pc=000000001febfae6 SP=0030:000000001febd798 env->regs[R_EAX]=8000000000000003
RAX=8000000000000003 RBX=0000000000000010 RCX=81883cc78000e7bc RDX=000000001edb7900
RSI=000000001edb7930 RDI=000000001f557d98 RBP=000000001edc1098 RSP=000000001febd798
R8 =0000000000000000 R9 =000000001edc1098 R10=000000000000000a R11=000000000000000a
R12=000000001f557d98 R13=000000001febd858 R14=000000001f557d98 R15=0000000000000000
RIP=000000001febfae6 RFL=00000216 [----AP-] CPL=0 II=0 A20=1 SMM=0 HLT=0
ES =0030 0000000000000000 ffffffff 00cf9300 DPL=0 DS   [-WA]
CS =0038 0000000000000000 ffffffff 00af9a00 DPL=0 CS64 [-R-]
SS =0030 0000000000000000 ffffffff 00cf9300 DPL=0 DS   [-WA]
DS =0030 0000000000000000 ffffffff 00cf9300 DPL=0 DS   [-WA]
FS =0030 0000000000000000 ffffffff 00cf9300 DPL=0 DS   [-WA]
GS =0030 0000000000000000 ffffffff 00cf9300 DPL=0 DS   [-WA]
LDT=0000 0000000000000000 0000ffff 00008200 DPL=0 LDT
TR =0000 0000000000000000 0000ffff 00008b00 DPL=0 TSS64-busy
GDT=     000000001f9eea98 00000047
IDT=     000000001f586018 00000fff
CR0=80010033 CR2=0000000000000000 CR3=000000001fc01000 CR4=00000668
DR0=0000000000000000 DR1=0000000000000000 DR2=0000000000000000 DR3=0000000000000000 
DR6=00000000ffff0ff0 DR7=0000000000000400
CCS=0000000000000014 CCD=000000000000000c CCO=EFLAGS
EFER=0000000000000d00
Servicing hardware INT=0x68
    66: v=68 e=0000 i=0 cpl=0 IP=0038:000000001ecf1fa6 pc=000000001ecf1fa6 SP=0030:000000001febcf08 env->regs[R_EAX]=00000000004349cb
RAX=00000000004349cb RBX=000000001ebe4368 RCX=0000000000434b4c RDX=0000000000000181
RSI=000000001febd008 RDI=000000001febd0a0 RBP=00000000ffffff00 RSP=000000001febcf08
R8 =0000000000000190 R9 =00000000000f4240 R10=0000000000000000 R11=0000000000000000
R12=000000001ec8c028 R13=00000000000493e1 R14=000000001ebe4368 R15=000000001febcff4
RIP=000000001ecf1fa6 RFL=00000206 [-----P-] CPL=0 II=0 A20=1 SMM=0 HLT=0
ES =0030 0000000000000000 ffffffff 00cf9300 DPL=0 DS   [-WA]
CS =0038 0000000000000000 ffffffff 00af9a00 DPL=0 CS64 [-R-]
SS =0030 0000000000000000 ffffffff 00cf9300 DPL=0 DS   [-WA]
DS =0030 0000000000000000 ffffffff 00cf9300 DPL=0 DS   [-WA]
FS =0030 0000000000000000 ffffffff 00cf9300 DPL=0 DS   [-WA]
GS =0030 0000000000000000 ffffffff 00cf9300 DPL=0 DS   [-WA]
LDT=0000 0000000000000000 0000ffff 00008200 DPL=0 LDT
TR =0000 0000000000000000 0000ffff 00008b00 DPL=0 TSS64-busy
GDT=     000000001f9eea98 00000047
IDT=     000000001f586018 00000fff
CR0=80010033 CR2=0000000000000000 CR3=000000001fc01000 CR4=00000668
DR0=0000000000000000 DR1=0000000000000000 DR2=0000000000000000 DR3=0000000000000000 
DR6=00000000ffff0ff0 DR7=0000000000000400
CCS=0000000000000004 CCD=0000000000000181 CCO=EFLAGS
EFER=0000000000000d00
Servicing hardware INT=0x68
    67: v=68 e=0000 i=0 cpl=0 IP=0038:000000001f56b267 pc=000000001f56b267 SP=0030:000000001febd1d8 env->regs[R_EAX]=000000000043d5a9
RAX=000000000043d5a9 RBX=000000000000000a RCX=0000000000000000 RDX=0000000000000003
RSI=0000000000000000 RDI=000000000043d5ac RBP=ffffffff00000001 RSP=000000001febd1d8
R8 =000000001ebe8238 R9 =000000001ebe8180 R10=000000001ebe81d0 R11=0000000000000000
R12=a000000000000002 R13=000000001febd400 R14=00000000002dc6c0 R15=000000001ebbf298
RIP=000000001f56b267 RFL=00000206 [-----P-] CPL=0 II=0 A20=1 SMM=0 HLT=0
ES =0030 0000000000000000 ffffffff 00cf9300 DPL=0 DS   [-WA]
CS =0038 0000000000000000 ffffffff 00af9a00 DPL=0 CS64 [-R-]
SS =0030 0000000000000000 ffffffff 00cf9300 DPL=0 DS   [-WA]
DS =0030 0000000000000000 ffffffff 00cf9300 DPL=0 DS   [-WA]
FS =0030 0000000000000000 ffffffff 00cf9300 DPL=0 DS   [-WA]
GS =0030 0000000000000000 ffffffff 00cf9300 DPL=0 DS   [-WA]
LDT=0000 0000000000000000 0000ffff 00008200 DPL=0 LDT
TR =0000 0000000000000000 0000ffff 00008b00 DPL=0 TSS64-busy
GDT=     000000001f9eea98 00000047
IDT=     000000001f586018 00000fff
CR0=80010033 CR2=0000000000000000 CR3=000000001fc01000 CR4=00000668
DR0=0000000000000000 DR1=0000000000000000 DR2=0000000000000000 DR3=0000000000000000 
DR6=00000000ffff0ff0 DR7=0000000000000400
CCS=0000000000000004 CCD=0000000000000003 CCO=EFLAGS
EFER=0000000000000d00
Servicing hardware INT=0x68
    68: v=68 e=0000 i=0 cpl=0 IP=0038:000000001f56b267 pc=000000001f56b267 SP=0030:000000001febd0e8 env->regs[R_EAX]=00000000004460e5
RAX=00000000004460e5 RBX=0000000000002710 RCX=0000000000000000 RDX=00000000000004d6
RSI=0000000000000000 RDI=00000000004465bb RBP=ffffffff00000001 RSP=000000001febd0e8
R8 =000000001febd1a0 R9 =000000000000e000 R10=0000000000000000 R11=0000000000000002
R12=a000000000000002 R13=0000000000000004 R14=0000000000000001 R15=0000000000000001
RIP=000000001f56b267 RFL=00000202 [-------] CPL=0 II=0 A20=1 SMM=0 HLT=0
ES =0030 0000000000000000 ffffffff 00cf9300 DPL=0 DS   [-WA]
CS =0038 0000000000000000 ffffffff 00af9a00 DPL=0 CS64 [-R-]
SS =0030 0000000000000000 ffffffff 00cf9300 DPL=0 DS   [-WA]
DS =0030 0000000000000000 ffffffff 00cf9300 DPL=0 DS   [-WA]
FS =0030 0000000000000000 ffffffff 00cf9300 DPL=0 DS   [-WA]
GS =0030 0000000000000000 ffffffff 00cf9300 DPL=0 DS   [-WA]
LDT=0000 0000000000000000 0000ffff 00008200 DPL=0 LDT
TR =0000 0000000000000000 0000ffff 00008b00 DPL=0 TSS64-busy
GDT=     000000001f9eea98 00000047
IDT=     000000001f586018 00000fff
CR0=80010033 CR2=0000000000000000 CR3=000000001fc01000 CR4=00000668
DR0=0000000000000000 DR1=0000000000000000 DR2=0000000000000000 DR3=0000000000000000 
DR6=00000000ffff0ff0 DR7=0000000000000400
CCS=0000000000000000 CCD=00000000000004d6 CCO=EFLAGS
EFER=0000000000000d00
Servicing hardware INT=0x68
    69: v=68 e=0000 i=0 cpl=0 IP=0038:000000001f56b267 pc=000000001f56b267 SP=0030:000000001febd018 env->regs[R_EAX]=000000000044ecb6
RAX=000000000044ecb6 RBX=0000000000002710 RCX=0000000000000000 RDX=0000000000000c46
RSI=0000000000000000 RDI=000000000044f8fc RBP=ffffffff00000001 RSP=000000001febd018
R8 =000000001febd0d0 R9 =000000000000e000 R10=0000000000000000 R11=0000000000000002
R12=a000000000000002 R13=0000000000000004 R14=0000000000000001 R15=0000000000000001
RIP=000000001f56b267 RFL=00000202 [-------] CPL=0 II=0 A20=1 SMM=0 HLT=0
ES =0030 0000000000000000 ffffffff 00cf9300 DPL=0 DS   [-WA]
CS =0038 0000000000000000 ffffffff 00af9a00 DPL=0 CS64 [-R-]
SS =0030 0000000000000000 ffffffff 00cf9300 DPL=0 DS   [-WA]
DS =0030 0000000000000000 ffffffff 00cf9300 DPL=0 DS   [-WA]
FS =0030 0000000000000000 ffffffff 00cf9300 DPL=0 DS   [-WA]
GS =0030 0000000000000000 ffffffff 00cf9300 DPL=0 DS   [-WA]
LDT=0000 0000000000000000 0000ffff 00008200 DPL=0 LDT
TR =0000 0000000000000000 0000ffff 00008b00 DPL=0 TSS64-busy
GDT=     000000001f9eea98 00000047
IDT=     000000001f586018 00000fff
CR0=80010033 CR2=0000000000000000 CR3=000000001fc01000 CR4=00000668
DR0=0000000000000000 DR1=0000000000000000 DR2=0000000000000000 DR3=0000000000000000 
DR6=00000000ffff0ff0 DR7=0000000000000400
CCS=0000000000000000 CCD=0000000000000c46 CCO=EFLAGS
EFER=0000000000000d00
Servicing hardware INT=0x68
    70: v=68 e=0000 i=0 cpl=0 IP=0038:000000001f56b267 pc=000000001f56b267 SP=0030:000000001febd098 env->regs[R_EAX]=000000000045791a
RAX=000000000045791a RBX=000000000000000a RCX=0000000000000000 RDX=0000000000000002
RSI=0000000000000000 RDI=000000000045791c RBP=ffffffff00000001 RSP=000000001febd098
R8 =000000001ebe8238 R9 =000000001ebe8180 R10=000000001ebe81d0 R11=0000000000000000
R12=a000000000000002 R13=000000001febd300 R14=00000000004c4b40 R15=000000001ebbea98
RIP=000000001f56b267 RFL=00000202 [-------] CPL=0 II=0 A20=1 SMM=0 HLT=0
ES =0030 0000000000000000 ffffffff 00cf9300 DPL=0 DS   [-WA]
CS =0038 0000000000000000 ffffffff 00af9a00 DPL=0 CS64 [-R-]
SS =0030 0000000000000000 ffffffff 00cf9300 DPL=0 DS   [-WA]
DS =0030 0000000000000000 ffffffff 00cf9300 DPL=0 DS   [-WA]
FS =0030 0000000000000000 ffffffff 00cf9300 DPL=0 DS   [-WA]
GS =0030 0000000000000000 ffffffff 00cf9300 DPL=0 DS   [-WA]
LDT=0000 0000000000000000 0000ffff 00008200 DPL=0 LDT
TR =0000 0000000000000000 0000ffff 00008b00 DPL=0 TSS64-busy
GDT=     000000001f9eea98 00000047
IDT=     000000001f586018 00000fff
CR0=80010033 CR2=0000000000000000 CR3=000000001fc01000 CR4=00000668
DR0=0000000000000000 DR1=0000000000000000 DR2=0000000000000000 DR3=0000000000000000 
DR6=00000000ffff0ff0 DR7=0000000000000400
CCS=0000000000000000 CCD=0000000000000002 CCO=EFLAGS
EFER=0000000000000d00
Servicing hardware INT=0x68
    71: v=68 e=0000 i=0 cpl=0 IP=0038:000000001febeb75 pc=000000001febeb75 SP=0030:000000001febd340 env->regs[R_EAX]=000000000682c800
RAX=000000000682c800 RBX=000000001f8edb18 RCX=81883cc78000e7bc RDX=000000001ec7c800
RSI=0000000000000000 RDI=000000001ec7c860 RBP=000000001f8edb20 RSP=000000001febd340
R8 =000000001ebbe938 R9 =000000001ebbe938 R10=0000000000000040 R11=0000000000000002
R12=000000001ec7c860 R13=0000000000000000 R14=000000001fed3900 R15=000000001ec7c7e0
RIP=000000001febeb75 RFL=00000206 [-----P-] CPL=0 II=0 A20=1 SMM=0 HLT=0
ES =0030 0000000000000000 ffffffff 00cf9300 DPL=0 DS   [-WA]
CS =0038 0000000000000000 ffffffff 00af9a00 DPL=0 CS64 [-R-]
SS =0030 0000000000000000 ffffffff 00cf9300 DPL=0 DS   [-WA]
DS =0030 0000000000000000 ffffffff 00cf9300 DPL=0 DS   [-WA]
FS =0030 0000000000000000 ffffffff 00cf9300 DPL=0 DS   [-WA]
GS =0030 0000000000000000 ffffffff 00cf9300 DPL=0 DS   [-WA]
LDT=0000 0000000000000000 0000ffff 00008200 DPL=0 LDT
TR =0000 0000000000000000 0000ffff 00008b00 DPL=0 TSS64-busy
GDT=     000000001f9eea98 00000047
IDT=     000000001f586018 00000fff
CR0=80010033 CR2=0000000000000000 CR3=000000001fc01000 CR4=00000668
DR0=0000000000000000 DR1=0000000000000000 DR2=0000000000000000 DR3=0000000000000000 
DR6=00000000ffff0ff0 DR7=0000000000000400
CCS=0000000000000004 CCD=000000000682c800 CCO=EFLAGS
EFER=0000000000000d00
Servicing hardware INT=0x68
    72: v=68 e=0000 i=0 cpl=0 IP=0038:000000001f56b267 pc=000000001f56b267 SP=0030:000000001febcc48 env->regs[R_EAX]=000000000046903c
RAX=000000000046903c RBX=0000000000002710 RCX=0000000000000000 RDX=0000000000000624
RSI=0000000000000000 RDI=0000000000469660 RBP=ffffffff00000001 RSP=000000001febcc48
R8 =000000001febcd00 R9 =000000000000e000 R10=0000000000000000 R11=0000000000000002
R12=a000000000000002 R13=0000000000000004 R14=0000000000000001 R15=0000000000000001
RIP=000000001f56b267 RFL=00000206 [-----P-] CPL=0 II=0 A20=1 SMM=0 HLT=0
ES =0030 0000000000000000 ffffffff 00cf9300 DPL=0 DS   [-WA]
CS =0038 0000000000000000 ffffffff 00af9a00 DPL=0 CS64 [-R-]
SS =0030 0000000000000000 ffffffff 00cf9300 DPL=0 DS   [-WA]
DS =0030 0000000000000000 ffffffff 00cf9300 DPL=0 DS   [-WA]
FS =0030 0000000000000000 ffffffff 00cf9300 DPL=0 DS   [-WA]
GS =0030 0000000000000000 ffffffff 00cf9300 DPL=0 DS   [-WA]
LDT=0000 0000000000000000 0000ffff 00008200 DPL=0 LDT
TR =0000 0000000000000000 0000ffff 00008b00 DPL=0 TSS64-busy
GDT=     000000001f9eea98 00000047
IDT=     000000001f586018 00000fff
CR0=80010033 CR2=0000000000000000 CR3=000000001fc01000 CR4=00000668
DR0=0000000000000000 DR1=0000000000000000 DR2=0000000000000000 DR3=0000000000000000 
DR6=00000000ffff0ff0 DR7=0000000000000400
CCS=0000000000000004 CCD=0000000000000624 CCO=EFLAGS
EFER=0000000000000d00
Servicing hardware INT=0x68
    73: v=68 e=0000 i=0 cpl=0 IP=0038:000000001f56b267 pc=000000001f56b267 SP=0030:000000001febcdf8 env->regs[R_EAX]=0000000000471ca0
RAX=0000000000471ca0 RBX=0000000000002710 RCX=0000000000000000 RDX=0000000000000dfb
RSI=0000000000000000 RDI=0000000000472a9b RBP=ffffffff00000001 RSP=000000001febcdf8
R8 =000000001febceb0 R9 =000000000000e000 R10=0000000000000000 R11=0000000000000002
R12=a000000000000002 R13=0000000000000004 R14=0000000000000001 R15=0000000000000001
RIP=000000001f56b267 RFL=00000202 [-------] CPL=0 II=0 A20=1 SMM=0 HLT=0
ES =0030 0000000000000000 ffffffff 00cf9300 DPL=0 DS   [-WA]
CS =0038 0000000000000000 ffffffff 00af9a00 DPL=0 CS64 [-R-]
SS =0030 0000000000000000 ffffffff 00cf9300 DPL=0 DS   [-WA]
DS =0030 0000000000000000 ffffffff 00cf9300 DPL=0 DS   [-WA]
FS =0030 0000000000000000 ffffffff 00cf9300 DPL=0 DS   [-WA]
GS =0030 0000000000000000 ffffffff 00cf9300 DPL=0 DS   [-WA]
LDT=0000 0000000000000000 0000ffff 00008200 DPL=0 LDT
TR =0000 0000000000000000 0000ffff 00008b00 DPL=0 TSS64-busy
GDT=     000000001f9eea98 00000047
IDT=     000000001f586018 00000fff
CR0=80010033 CR2=0000000000000000 CR3=000000001fc01000 CR4=00000668
DR0=0000000000000000 DR1=0000000000000000 DR2=0000000000000000 DR3=0000000000000000 
DR6=00000000ffff0ff0 DR7=0000000000000400
CCS=0000000000000000 CCD=0000000000000dfb CCO=EFLAGS
EFER=0000000000000d00
Servicing hardware INT=0x68
    74: v=68 e=0000 i=0 cpl=0 IP=0038:000000001f56b267 pc=000000001f56b267 SP=0030:000000001febcc38 env->regs[R_EAX]=000000000047a7d8
RAX=000000000047a7d8 RBX=0000000000002710 RCX=0000000000000000 RDX=00000000000006f1
RSI=0000000000000000 RDI=000000000047aec9 RBP=ffffffff00000001 RSP=000000001febcc38
R8 =000000001febccf0 R9 =000000000000e000 R10=0000000000000000 R11=0000000000000002
R12=a000000000000002 R13=0000000000000004 R14=0000000000000001 R15=0000000000000001
RIP=000000001f56b267 RFL=00000202 [-------] CPL=0 II=0 A20=1 SMM=0 HLT=0
ES =0030 0000000000000000 ffffffff 00cf9300 DPL=0 DS   [-WA]
CS =0038 0000000000000000 ffffffff 00af9a00 DPL=0 CS64 [-R-]
SS =0030 0000000000000000 ffffffff 00cf9300 DPL=0 DS   [-WA]
DS =0030 0000000000000000 ffffffff 00cf9300 DPL=0 DS   [-WA]
FS =0030 0000000000000000 ffffffff 00cf9300 DPL=0 DS   [-WA]
GS =0030 0000000000000000 ffffffff 00cf9300 DPL=0 DS   [-WA]
LDT=0000 0000000000000000 0000ffff 00008200 DPL=0 LDT
TR =0000 0000000000000000 0000ffff 00008b00 DPL=0 TSS64-busy
GDT=     000000001f9eea98 00000047
IDT=     000000001f586018 00000fff
CR0=80010033 CR2=0000000000000000 CR3=000000001fc01000 CR4=00000668
DR0=0000000000000000 DR1=0000000000000000 DR2=0000000000000000 DR3=0000000000000000 
DR6=00000000ffff0ff0 DR7=0000000000000400
CCS=0000000000000000 CCD=00000000000006f1 CCO=EFLAGS
EFER=0000000000000d00
Servicing hardware INT=0x68
    75: v=68 e=0000 i=0 cpl=0 IP=0038:000000001f593396 pc=000000001f593396 SP=0030:000000001febc9d0 env->regs[R_EAX]=0000000000000001
RAX=0000000000000001 RBX=0000000081010024 RCX=0000000000000004 RDX=0000000000000004
RSI=0000000000000004 RDI=0000000000000001 RBP=0000000000000001 RSP=000000001febc9d0
R8 =000000001febcb1c R9 =000000000000e000 R10=0000000000000000 R11=0000000000000002
R12=0000000000000002 R13=0000000081010024 R14=00000000002dc6c0 R15=000000001ebb4c98
RIP=000000001f593396 RFL=00000246 [---Z-P-] CPL=0 II=0 A20=1 SMM=0 HLT=0
ES =0030 0000000000000000 ffffffff 00cf9300 DPL=0 DS   [-WA]
CS =0038 0000000000000000 ffffffff 00af9a00 DPL=0 CS64 [-R-]
SS =0030 0000000000000000 ffffffff 00cf9300 DPL=0 DS   [-WA]
DS =0030 0000000000000000 ffffffff 00cf9300 DPL=0 DS   [-WA]
FS =0030 0000000000000000 ffffffff 00cf9300 DPL=0 DS   [-WA]
GS =0030 0000000000000000 ffffffff 00cf9300 DPL=0 DS   [-WA]
LDT=0000 0000000000000000 0000ffff 00008200 DPL=0 LDT
TR =0000 0000000000000000 0000ffff 00008b00 DPL=0 TSS64-busy
GDT=     000000001f9eea98 00000047
IDT=     000000001f586018 00000fff
CR0=80010033 CR2=0000000000000000 CR3=000000001fc01000 CR4=00000668
DR0=0000000000000000 DR1=0000000000000000 DR2=0000000000000000 DR3=0000000000000000 
DR6=00000000ffff0ff0 DR7=0000000000000400
CCS=0000000000000044 CCD=0000000000000000 CCO=EFLAGS
EFER=0000000000000d00
Servicing hardware INT=0x68
    76: v=68 e=0000 i=0 cpl=0 IP=0038:000000001f56b267 pc=000000001f56b267 SP=0030:000000001febcc48 env->regs[R_EAX]=000000000048c00d
RAX=000000000048c00d RBX=000000000000000a RCX=0000000000000000 RDX=0000000000000003
RSI=0000000000000000 RDI=000000000048c010 RBP=ffffffff00000001 RSP=000000001febcc48
R8 =000000001ebe8238 R9 =000000001ebe8180 R10=000000001ebe81d0 R11=0000000000000000
R12=a000000000000002 R13=000000001febcf00 R14=00000000004c4b40 R15=000000001ebb4a18
RIP=000000001f56b267 RFL=00000206 [-----P-] CPL=0 II=0 A20=1 SMM=0 HLT=0
ES =0030 0000000000000000 ffffffff 00cf9300 DPL=0 DS   [-WA]
CS =0038 0000000000000000 ffffffff 00af9a00 DPL=0 CS64 [-R-]
SS =0030 0000000000000000 ffffffff 00cf9300 DPL=0 DS   [-WA]
DS =0030 0000000000000000 ffffffff 00cf9300 DPL=0 DS   [-WA]
FS =0030 0000000000000000 ffffffff 00cf9300 DPL=0 DS   [-WA]
GS =0030 0000000000000000 ffffffff 00cf9300 DPL=0 DS   [-WA]
LDT=0000 0000000000000000 0000ffff 00008200 DPL=0 LDT
TR =0000 0000000000000000 0000ffff 00008b00 DPL=0 TSS64-busy
GDT=     000000001f9eea98 00000047
IDT=     000000001f586018 00000fff
CR0=80010033 CR2=0000000000000000 CR3=000000001fc01000 CR4=00000668
DR0=0000000000000000 DR1=0000000000000000 DR2=0000000000000000 DR3=0000000000000000 
DR6=00000000ffff0ff0 DR7=0000000000000400
CCS=0000000000000004 CCD=0000000000000003 CCO=EFLAGS
EFER=0000000000000d00
Servicing hardware INT=0x68
    77: v=68 e=0000 i=0 cpl=0 IP=0038:000000001f56b267 pc=000000001f56b267 SP=0030:000000001febcd68 env->regs[R_EAX]=0000000000494b5b
RAX=0000000000494b5b RBX=0000000000002710 RCX=0000000000000000 RDX=0000000000000288
RSI=0000000000000000 RDI=0000000000494de3 RBP=ffffffff00000001 RSP=000000001febcd68
R8 =000000001febce20 R9 =000000000000e000 R10=0000000000000000 R11=0000000000000002
R12=a000000000000002 R13=0000000000000004 R14=0000000000000001 R15=0000000000000001
RIP=000000001f56b267 RFL=00000206 [-----P-] CPL=0 II=0 A20=1 SMM=0 HLT=0
ES =0030 0000000000000000 ffffffff 00cf9300 DPL=0 DS   [-WA]
CS =0038 0000000000000000 ffffffff 00af9a00 DPL=0 CS64 [-R-]
SS =0030 0000000000000000 ffffffff 00cf9300 DPL=0 DS   [-WA]
DS =0030 0000000000000000 ffffffff 00cf9300 DPL=0 DS   [-WA]
FS =0030 0000000000000000 ffffffff 00cf9300 DPL=0 DS   [-WA]
GS =0030 0000000000000000 ffffffff 00cf9300 DPL=0 DS   [-WA]
LDT=0000 0000000000000000 0000ffff 00008200 DPL=0 LDT
TR =0000 0000000000000000 0000ffff 00008b00 DPL=0 TSS64-busy
GDT=     000000001f9eea98 00000047
IDT=     000000001f586018 00000fff
CR0=80010033 CR2=0000000000000000 CR3=000000001fc01000 CR4=00000668
DR0=0000000000000000 DR1=0000000000000000 DR2=0000000000000000 DR3=0000000000000000 
DR6=00000000ffff0ff0 DR7=0000000000000400
CCS=0000000000000004 CCD=0000000000000288 CCO=EFLAGS
EFER=0000000000000d00
Servicing hardware INT=0x68
    78: v=68 e=0000 i=0 cpl=0 IP=0038:000000001fed1f3a pc=000000001fed1f3a SP=0030:000000001febd250 env->regs[R_EAX]=00000000000000af
RAX=00000000000000af RBX=0000000000480028 RCX=00000000003a0001 RDX=000000001e71f018
RSI=000000001e71f000 RDI=000000001e7ff017 RBP=000000001fed5080 RSP=000000001febd250
R8 =00000000000000af R9 =0000000000481000 R10=0000000000000040 R11=0000000000000200
R12=000000001e71f018 R13=0000000000000000 R14=0000000000000481 R15=000000001e71f000
RIP=000000001fed1f3a RFL=00010206 [-----P-] CPL=0 II=0 A20=1 SMM=0 HLT=0
ES =0030 0000000000000000 ffffffff 00cf9300 DPL=0 DS   [-WA]
CS =0038 0000000000000000 ffffffff 00af9a00 DPL=0 CS64 [-R-]
SS =0030 0000000000000000 ffffffff 00cf9300 DPL=0 DS   [-WA]
DS =0030 0000000000000000 ffffffff 00cf9300 DPL=0 DS   [-WA]
FS =0030 0000000000000000 ffffffff 00cf9300 DPL=0 DS   [-WA]
GS =0030 0000000000000000 ffffffff 00cf9300 DPL=0 DS   [-WA]
LDT=0000 0000000000000000 0000ffff 00008200 DPL=0 LDT
TR =0000 0000000000000000 0000ffff 00008b00 DPL=0 TSS64-busy
GDT=     000000001f9eea98 00000047
IDT=     000000001f586018 00000fff
CR0=80010033 CR2=0000000000000000 CR3=000000001fc01000 CR4=00000668
DR0=0000000000000000 DR1=0000000000000000 DR2=0000000000000000 DR3=0000000000000000 
DR6=00000000ffff0ff0 DR7=0000000000000400
CCS=0000000000000004 CCD=0000000000480000 CCO=EFLAGS
EFER=0000000000000d00
Servicing hardware INT=0x68
    79: v=68 e=0000 i=0 cpl=0 IP=0038:000000001fed1f3a pc=000000001fed1f3a SP=0030:000000001febd250 env->regs[R_EAX]=00000000000000af
RAX=00000000000000af RBX=0000000000480028 RCX=0000000000160001 RDX=000000001e71f018
RSI=000000001e71f000 RDI=000000001ea3f017 RBP=000000001fed5080 RSP=000000001febd250
R8 =00000000000000af R9 =0000000000481000 R10=0000000000000040 R11=0000000000000200
R12=000000001e71f018 R13=0000000000000000 R14=0000000000000481 R15=000000001e71f000
RIP=000000001fed1f3a RFL=00010206 [-----P-] CPL=0 II=0 A20=1 SMM=0 HLT=0
ES =0030 0000000000000000 ffffffff 00cf9300 DPL=0 DS   [-WA]
CS =0038 0000000000000000 ffffffff 00af9a00 DPL=0 CS64 [-R-]
SS =0030 0000000000000000 ffffffff 00cf9300 DPL=0 DS   [-WA]
DS =0030 0000000000000000 ffffffff 00cf9300 DPL=0 DS   [-WA]
FS =0030 0000000000000000 ffffffff 00cf9300 DPL=0 DS   [-WA]
GS =0030 0000000000000000 ffffffff 00cf9300 DPL=0 DS   [-WA]
LDT=0000 0000000000000000 0000ffff 00008200 DPL=0 LDT
TR =0000 0000000000000000 0000ffff 00008b00 DPL=0 TSS64-busy
GDT=     000000001f9eea98 00000047
IDT=     000000001f586018 00000fff
CR0=80010033 CR2=0000000000000000 CR3=000000001fc01000 CR4=00000668
DR0=0000000000000000 DR1=0000000000000000 DR2=0000000000000000 DR3=0000000000000000 
DR6=00000000ffff0ff0 DR7=0000000000000400
CCS=0000000000000004 CCD=0000000000000000 CCO=EFLAGS
EFER=0000000000000d00
Servicing hardware INT=0x68
    80: v=68 e=0000 i=0 cpl=0 IP=0038:000000001f56b267 pc=000000001f56b267 SP=0030:000000001febcee8 env->regs[R_EAX]=00000000004aef61
RAX=00000000004aef61 RBX=000000000000000a RCX=0000000000000000 RDX=0000000000000003
RSI=0000000000000000 RDI=00000000004aef64 RBP=ffffffff00000001 RSP=000000001febcee8
R8 =000000001ebe8238 R9 =000000001ebe8180 R10=000000001ebe81d0 R11=0000000000000000
R12=a000000000000002 R13=000000001febd100 R14=00000000002dc6c0 R15=000000001ebb4d18
RIP=000000001f56b267 RFL=00000206 [-----P-] CPL=0 II=0 A20=1 SMM=0 HLT=0
ES =0030 0000000000000000 ffffffff 00cf9300 DPL=0 DS   [-WA]
CS =0038 0000000000000000 ffffffff 00af9a00 DPL=0 CS64 [-R-]
SS =0030 0000000000000000 ffffffff 00cf9300 DPL=0 DS   [-WA]
DS =0030 0000000000000000 ffffffff 00cf9300 DPL=0 DS   [-WA]
FS =0030 0000000000000000 ffffffff 00cf9300 DPL=0 DS   [-WA]
GS =0030 0000000000000000 ffffffff 00cf9300 DPL=0 DS   [-WA]
LDT=0000 0000000000000000 0000ffff 00008200 DPL=0 LDT
TR =0000 0000000000000000 0000ffff 00008b00 DPL=0 TSS64-busy
GDT=     000000001f9eea98 00000047
IDT=     000000001f586018 00000fff
CR0=80010033 CR2=0000000000000000 CR3=000000001fc01000 CR4=00000668
DR0=0000000000000000 DR1=0000000000000000 DR2=0000000000000000 DR3=0000000000000000 
DR6=00000000ffff0ff0 DR7=0000000000000400
CCS=0000000000000004 CCD=0000000000000003 CCO=EFLAGS
EFER=0000000000000d00
Servicing hardware INT=0x68
    81: v=68 e=0000 i=0 cpl=0 IP=0038:000000001f56b267 pc=000000001f56b267 SP=0030:000000001febcd08 env->regs[R_EAX]=00000000004b7aa7
RAX=00000000004b7aa7 RBX=0000000000002710 RCX=0000000000000000 RDX=000000000000024f
RSI=0000000000000000 RDI=00000000004b7cf6 RBP=ffffffff00000001 RSP=000000001febcd08
R8 =000000001febcdc0 R9 =000000000000e000 R10=0000000000000000 R11=0000000000000002
R12=a000000000000002 R13=0000000000000004 R14=0000000000000001 R15=0000000000000001
RIP=000000001f56b267 RFL=00000202 [-------] CPL=0 II=0 A20=1 SMM=0 HLT=0
ES =0030 0000000000000000 ffffffff 00cf9300 DPL=0 DS   [-WA]
CS =0038 0000000000000000 ffffffff 00af9a00 DPL=0 CS64 [-R-]
SS =0030 0000000000000000 ffffffff 00cf9300 DPL=0 DS   [-WA]
DS =0030 0000000000000000 ffffffff 00cf9300 DPL=0 DS   [-WA]
FS =0030 0000000000000000 ffffffff 00cf9300 DPL=0 DS   [-WA]
GS =0030 0000000000000000 ffffffff 00cf9300 DPL=0 DS   [-WA]
LDT=0000 0000000000000000 0000ffff 00008200 DPL=0 LDT
TR =0000 0000000000000000 0000ffff 00008b00 DPL=0 TSS64-busy
GDT=     000000001f9eea98 00000047
IDT=     000000001f586018 00000fff
CR0=80010033 CR2=0000000000000000 CR3=000000001fc01000 CR4=00000668
DR0=0000000000000000 DR1=0000000000000000 DR2=0000000000000000 DR3=0000000000000000 
DR6=00000000ffff0ff0 DR7=0000000000000400
CCS=0000000000000000 CCD=000000000000024f CCO=EFLAGS
EFER=0000000000000d00
Servicing hardware INT=0x68
    82: v=68 e=0000 i=0 cpl=0 IP=0038:000000001f56b267 pc=000000001f56b267 SP=0030:000000001febcd08 env->regs[R_EAX]=00000000004c067c
RAX=00000000004c067c RBX=0000000000002710 RCX=0000000000000000 RDX=00000000000009a8
RSI=0000000000000000 RDI=00000000004c1024 RBP=ffffffff00000001 RSP=000000001febcd08
R8 =000000001febcdc0 R9 =000000000000e000 R10=0000000000000000 R11=0000000000000002
R12=a000000000000002 R13=0000000000000004 R14=0000000000000001 R15=0000000000000001
RIP=000000001f56b267 RFL=00000202 [-------] CPL=0 II=0 A20=1 SMM=0 HLT=0
ES =0030 0000000000000000 ffffffff 00cf9300 DPL=0 DS   [-WA]
CS =0038 0000000000000000 ffffffff 00af9a00 DPL=0 CS64 [-R-]
SS =0030 0000000000000000 ffffffff 00cf9300 DPL=0 DS   [-WA]
DS =0030 0000000000000000 ffffffff 00cf9300 DPL=0 DS   [-WA]
FS =0030 0000000000000000 ffffffff 00cf9300 DPL=0 DS   [-WA]
GS =0030 0000000000000000 ffffffff 00cf9300 DPL=0 DS   [-WA]
LDT=0000 0000000000000000 0000ffff 00008200 DPL=0 LDT
TR =0000 0000000000000000 0000ffff 00008b00 DPL=0 TSS64-busy
GDT=     000000001f9eea98 00000047
IDT=     000000001f586018 00000fff
CR0=80010033 CR2=0000000000000000 CR3=000000001fc01000 CR4=00000668
DR0=0000000000000000 DR1=0000000000000000 DR2=0000000000000000 DR3=0000000000000000 
DR6=00000000ffff0ff0 DR7=0000000000000400
CCS=0000000000000000 CCD=00000000000009a8 CCO=EFLAGS
EFER=0000000000000d00
Servicing hardware INT=0x68
    83: v=68 e=0000 i=0 cpl=0 IP=0038:000000001f577266 pc=000000001f577266 SP=0030:000000001febd648 env->regs[R_EAX]=000000001f581ce0
RAX=000000001f581ce0 RBX=0000000000000004 RCX=000000001f581ce0 RDX=000000001edc2c20
RSI=000000001edc3058 RDI=0000000000000001 RBP=000000001fed4920 RSP=000000001febd648
R8 =0000000000000001 R9 =000000001f8eef98 R10=0000000000000000 R11=000000000000000a
R12=000000001edd7498 R13=000000001febd838 R14=0000000000000000 R15=000000001edc3018
RIP=000000001f577266 RFL=00000206 [-----P-] CPL=0 II=0 A20=1 SMM=0 HLT=0
ES =0030 0000000000000000 ffffffff 00cf9300 DPL=0 DS   [-WA]
CS =0038 0000000000000000 ffffffff 00af9a00 DPL=0 CS64 [-R-]
SS =0030 0000000000000000 ffffffff 00cf9300 DPL=0 DS   [-WA]
DS =0030 0000000000000000 ffffffff 00cf9300 DPL=0 DS   [-WA]
FS =0030 0000000000000000 ffffffff 00cf9300 DPL=0 DS   [-WA]
GS =0030 0000000000000000 ffffffff 00cf9300 DPL=0 DS   [-WA]
LDT=0000 0000000000000000 0000ffff 00008200 DPL=0 LDT
TR =0000 0000000000000000 0000ffff 00008b00 DPL=0 TSS64-busy
GDT=     000000001f9eea98 00000047
IDT=     000000001f586018 00000fff
CR0=80010033 CR2=0000000000000000 CR3=000000001fc01000 CR4=00000668
DR0=0000000000000000 DR1=0000000000000000 DR2=0000000000000000 DR3=0000000000000000 
DR6=00000000ffff0ff0 DR7=0000000000000400
CCS=0000000000000004 CCD=000000001febd650 CCO=EFLAGS
EFER=0000000000000d00
Servicing hardware INT=0x68
    84: v=68 e=0000 i=0 cpl=0 IP=0038:000000001febe579 pc=000000001febe579 SP=0030:000000001febd798 env->regs[R_EAX]=000000001ed13c20
RAX=000000001ed13c20 RBX=0000000000000010 RCX=000000001ed13c18 RDX=000000001fed3a50
RSI=0000000000000000 RDI=000000001edec098 RBP=000000001edc3818 RSP=000000001febd798
R8 =000000001febd858 R9 =000000001edc3818 R10=0000000000000000 R11=000000000000000a
R12=000000001edec098 R13=000000001febd858 R14=000000001edec098 R15=000000001edb93b0
RIP=000000001febe579 RFL=00000202 [-------] CPL=0 II=0 A20=1 SMM=0 HLT=0
ES =0030 0000000000000000 ffffffff 00cf9300 DPL=0 DS   [-WA]
CS =0038 0000000000000000 ffffffff 00af9a00 DPL=0 CS64 [-R-]
SS =0030 0000000000000000 ffffffff 00cf9300 DPL=0 DS   [-WA]
DS =0030 0000000000000000 ffffffff 00cf9300 DPL=0 DS   [-WA]
FS =0030 0000000000000000 ffffffff 00cf9300 DPL=0 DS   [-WA]
GS =0030 0000000000000000 ffffffff 00cf9300 DPL=0 DS   [-WA]
LDT=0000 0000000000000000 0000ffff 00008200 DPL=0 LDT
TR =0000 0000000000000000 0000ffff 00008b00 DPL=0 TSS64-busy
GDT=     000000001f9eea98 00000047
IDT=     000000001f586018 00000fff
CR0=80010033 CR2=0000000000000000 CR3=000000001fc01000 CR4=00000668
DR0=0000000000000000 DR1=0000000000000000 DR2=0000000000000000 DR3=0000000000000000 
DR6=00000000ffff0ff0 DR7=0000000000000400
CCS=0000000000000000 CCD=00000000000d8480 CCO=EFLAGS
EFER=0000000000000d00
Servicing hardware INT=0x68
    85: v=68 e=0000 i=0 cpl=0 IP=0038:000000001febe579 pc=000000001febe579 SP=0030:000000001febd788 env->regs[R_EAX]=000000001ed27320
RAX=000000001ed27320 RBX=0000000000000004 RCX=000000001ed27318 RDX=000000001fed3a50
RSI=000000001ec87810 RDI=000000001ed9a418 RBP=000000001ecddb18 RSP=000000001febd788
R8 =0000000000000000 R9 =000000001ecddb18 R10=000000000000000a R11=000000000000000a
R12=000000001ed9a418 R13=0000000000000000 R14=000000001ed9a418 R15=000000001ec87810
RIP=000000001febe579 RFL=00000206 [-----P-] CPL=0 II=0 A20=1 SMM=0 HLT=0
ES =0030 0000000000000000 ffffffff 00cf9300 DPL=0 DS   [-WA]
CS =0038 0000000000000000 ffffffff 00af9a00 DPL=0 CS64 [-R-]
SS =0030 0000000000000000 ffffffff 00cf9300 DPL=0 DS   [-WA]
DS =0030 0000000000000000 ffffffff 00cf9300 DPL=0 DS   [-WA]
FS =0030 0000000000000000 ffffffff 00cf9300 DPL=0 DS   [-WA]
GS =0030 0000000000000000 ffffffff 00cf9300 DPL=0 DS   [-WA]
LDT=0000 0000000000000000 0000ffff 00008200 DPL=0 LDT
TR =0000 0000000000000000 0000ffff 00008b00 DPL=0 TSS64-busy
GDT=     000000001f9eea98 00000047
IDT=     000000001f586018 00000fff
CR0=80010033 CR2=0000000000000000 CR3=000000001fc01000 CR4=00000668
DR0=0000000000000000 DR1=0000000000000000 DR2=0000000000000000 DR3=0000000000000000 
DR6=00000000ffff0ff0 DR7=0000000000000400
CCS=0000000000000004 CCD=0000000000073100 CCO=EFLAGS
EFER=0000000000000d00
Servicing hardware INT=0x68
    86: v=68 e=0000 i=0 cpl=0 IP=0038:000000001fec36ed pc=000000001fec36ed SP=0030:000000001febd820 env->regs[R_EAX]=0000000000000023
RAX=0000000000000023 RBX=0000000000000037 RCX=000000001ed0af00 RDX=0000000000000017
RSI=0000000000000017 RDI=000000001ed25598 RBP=000000001ebb4598 RSP=000000001febd820
R8 =0000000000000001 R9 =000000001f8eef98 R10=0000000000000000 R11=000000000000000a
R12=000000001ed25598 R13=000000001febd918 R14=000000001ebb4318 R15=0000000000000000
RIP=000000001fec36ed RFL=00000287 [--S--PC] CPL=0 II=0 A20=1 SMM=0 HLT=0
ES =0030 0000000000000000 ffffffff 00cf9300 DPL=0 DS   [-WA]
CS =0038 0000000000000000 ffffffff 00af9a00 DPL=0 CS64 [-R-]
SS =0030 0000000000000000 ffffffff 00cf9300 DPL=0 DS   [-WA]
DS =0030 0000000000000000 ffffffff 00cf9300 DPL=0 DS   [-WA]
FS =0030 0000000000000000 ffffffff 00cf9300 DPL=0 DS   [-WA]
GS =0030 0000000000000000 ffffffff 00cf9300 DPL=0 DS   [-WA]
LDT=0000 0000000000000000 0000ffff 00008200 DPL=0 LDT
TR =0000 0000000000000000 0000ffff 00008b00 DPL=0 TSS64-busy
GDT=     000000001f9eea98 00000047
IDT=     000000001f586018 00000fff
CR0=80010033 CR2=0000000000000000 CR3=000000001fc01000 CR4=00000668
DR0=0000000000000000 DR1=0000000000000000 DR2=0000000000000000 DR3=0000000000000000 
DR6=00000000ffff0ff0 DR7=0000000000000400
CCS=0000000000000085 CCD=fffffffffffc9500 CCO=EFLAGS
EFER=0000000000000d00
Servicing hardware INT=0x68
    87: v=68 e=0000 i=0 cpl=0 IP=0038:000000001febe56b pc=000000001febe56b SP=0030:000000001febd5b8 env->regs[R_EAX]=000000001ec70d20
RAX=000000001ec70d20 RBX=0000000000000010 RCX=000000001ec70698 RDX=000000001fed3a50
RSI=0000000000000000 RDI=000000001ed04698 RBP=000000001ed04698 RSP=000000001febd5b8
R8 =000000001febd678 R9 =000000001ed04698 R10=0000000000000000 R11=000000000000000a
R12=000000001ec55a98 R13=000000001febd678 R14=000000001ec55a98 R15=000000001eccf5f0
RIP=000000001febe56b RFL=00000206 [-----P-] CPL=0 II=0 A20=1 SMM=0 HLT=0
ES =0030 0000000000000000 ffffffff 00cf9300 DPL=0 DS   [-WA]
CS =0038 0000000000000000 ffffffff 00af9a00 DPL=0 CS64 [-R-]
SS =0030 0000000000000000 ffffffff 00cf9300 DPL=0 DS   [-WA]
DS =0030 0000000000000000 ffffffff 00cf9300 DPL=0 DS   [-WA]
FS =0030 0000000000000000 ffffffff 00cf9300 DPL=0 DS   [-WA]
GS =0030 0000000000000000 ffffffff 00cf9300 DPL=0 DS   [-WA]
LDT=0000 0000000000000000 0000ffff 00008200 DPL=0 LDT
TR =0000 0000000000000000 0000ffff 00008b00 DPL=0 TSS64-busy
GDT=     000000001f9eea98 00000047
IDT=     000000001f586018 00000fff
CR0=80010033 CR2=0000000000000000 CR3=000000001fc01000 CR4=00000668
DR0=0000000000000000 DR1=0000000000000000 DR2=0000000000000000 DR3=0000000000000000 
DR6=00000000ffff0ff0 DR7=0000000000000400
CCS=0000000000000004 CCD=0000000000094000 CCO=EFLAGS
EFER=0000000000000d00
Servicing hardware INT=0x68
    88: v=68 e=0000 i=0 cpl=0 IP=0038:000000001f535fe6 pc=000000001f535fe6 SP=0030:000000001febcf88 env->regs[R_EAX]=0000000000000001
RAX=0000000000000001 RBX=000000001febd14d RCX=0000000000000001 RDX=0000000000000cf8
RSI=000000001febd14e RDI=0000000000000001 RBP=0000000000000001 RSP=000000001febcf88
R8 =0000000000000001 R9 =0000000000000cf8 R10=0000000080000900 R11=0000000000000000
R12=0000000000000033 R13=000000000000900d R14=0000000000000001 R15=0000000000000001
RIP=000000001f535fe6 RFL=00000202 [-------] CPL=0 II=0 A20=1 SMM=0 HLT=0
ES =0030 0000000000000000 ffffffff 00cf9300 DPL=0 DS   [-WA]
CS =0038 0000000000000000 ffffffff 00af9a00 DPL=0 CS64 [-R-]
SS =0030 0000000000000000 ffffffff 00cf9300 DPL=0 DS   [-WA]
DS =0030 0000000000000000 ffffffff 00cf9300 DPL=0 DS   [-WA]
FS =0030 0000000000000000 ffffffff 00cf9300 DPL=0 DS   [-WA]
GS =0030 0000000000000000 ffffffff 00cf9300 DPL=0 DS   [-WA]
LDT=0000 0000000000000000 0000ffff 00008200 DPL=0 LDT
TR =0000 0000000000000000 0000ffff 00008b00 DPL=0 TSS64-busy
GDT=     000000001f9eea98 00000047
IDT=     000000001f586018 00000fff
CR0=80010033 CR2=0000000000000000 CR3=000000001fc01000 CR4=00000668
DR0=0000000000000000 DR1=0000000000000000 DR2=0000000000000000 DR3=0000000000000000 
DR6=00000000ffff0ff0 DR7=0000000000000400
CCS=0000000000000084 CCD=0000000000000001 CCO=LOGICB
EFER=0000000000000d00
Servicing hardware INT=0x68
    89: v=68 e=0000 i=0 cpl=0 IP=0038:000000001f56b267 pc=000000001f56b267 SP=0030:000000001febcfd8 env->regs[R_EAX]=00000000004fd98b
RAX=00000000004fd98b RBX=000000000000000a RCX=0000000000000000 RDX=0000000000000003
RSI=0000000000000000 RDI=00000000004fd98e RBP=ffffffff00000001 RSP=000000001febcfd8
R8 =000000001ebe8238 R9 =000000001ebe8180 R10=000000001ebe81d0 R11=0000000000000000
R12=a000000000000002 R13=000000001febd200 R14=00000000002dc6c0 R15=000000001ebb4318
RIP=000000001f56b267 RFL=00000206 [-----P-] CPL=0 II=0 A20=1 SMM=0 HLT=0
ES =0030 0000000000000000 ffffffff 00cf9300 DPL=0 DS   [-WA]
CS =0038 0000000000000000 ffffffff 00af9a00 DPL=0 CS64 [-R-]
SS =0030 0000000000000000 ffffffff 00cf9300 DPL=0 DS   [-WA]
DS =0030 0000000000000000 ffffffff 00cf9300 DPL=0 DS   [-WA]
FS =0030 0000000000000000 ffffffff 00cf9300 DPL=0 DS   [-WA]
GS =0030 0000000000000000 ffffffff 00cf9300 DPL=0 DS   [-WA]
LDT=0000 0000000000000000 0000ffff 00008200 DPL=0 LDT
TR =0000 0000000000000000 0000ffff 00008b00 DPL=0 TSS64-busy
GDT=     000000001f9eea98 00000047
IDT=     000000001f586018 00000fff
CR0=80010033 CR2=0000000000000000 CR3=000000001fc01000 CR4=00000668
DR0=0000000000000000 DR1=0000000000000000 DR2=0000000000000000 DR3=0000000000000000 
DR6=00000000ffff0ff0 DR7=0000000000000400
CCS=0000000000000004 CCD=0000000000000003 CCO=EFLAGS
EFER=0000000000000d00
Servicing hardware INT=0x68
    90: v=68 e=0000 i=0 cpl=0 IP=0038:000000001f56b267 pc=000000001f56b267 SP=0030:000000001febcdf8 env->regs[R_EAX]=0000000000506517
RAX=0000000000506517 RBX=0000000000002710 RCX=0000000000000000 RDX=0000000000000dfb
RSI=0000000000000000 RDI=0000000000507312 RBP=ffffffff00000001 RSP=000000001febcdf8
R8 =000000001febceb0 R9 =000000000000e000 R10=0000000000000000 R11=0000000000000002
R12=a000000000000002 R13=0000000000000004 R14=0000000000000001 R15=0000000000000001
RIP=000000001f56b267 RFL=00000202 [-------] CPL=0 II=0 A20=1 SMM=0 HLT=0
ES =0030 0000000000000000 ffffffff 00cf9300 DPL=0 DS   [-WA]
CS =0038 0000000000000000 ffffffff 00af9a00 DPL=0 CS64 [-R-]
SS =0030 0000000000000000 ffffffff 00cf9300 DPL=0 DS   [-WA]
DS =0030 0000000000000000 ffffffff 00cf9300 DPL=0 DS   [-WA]
FS =0030 0000000000000000 ffffffff 00cf9300 DPL=0 DS   [-WA]
GS =0030 0000000000000000 ffffffff 00cf9300 DPL=0 DS   [-WA]
LDT=0000 0000000000000000 0000ffff 00008200 DPL=0 LDT
TR =0000 0000000000000000 0000ffff 00008b00 DPL=0 TSS64-busy
GDT=     000000001f9eea98 00000047
IDT=     000000001f586018 00000fff
CR0=80010033 CR2=0000000000000000 CR3=000000001fc01000 CR4=00000668
DR0=0000000000000000 DR1=0000000000000000 DR2=0000000000000000 DR3=0000000000000000 
DR6=00000000ffff0ff0 DR7=0000000000000400
CCS=0000000000000000 CCD=0000000000000dfb CCO=EFLAGS
EFER=0000000000000d00
Servicing hardware INT=0x68
    91: v=68 e=0000 i=0 cpl=0 IP=0038:000000001f593396 pc=000000001f593396 SP=0030:000000001febcf00 env->regs[R_EAX]=0000000000000001
RAX=0000000000000001 RBX=0000000081010024 RCX=0000000000000004 RDX=0000000000000004
RSI=0000000000000004 RDI=0000000000000001 RBP=0000000000000001 RSP=000000001febcf00
R8 =000000001febd04c R9 =000000000000c000 R10=0000000000000000 R11=0000000000000002
R12=0000000000000002 R13=0000000081010024 R14=00000000002dc6c0 R15=000000001ebb4318
RIP=000000001f593396 RFL=00000246 [---Z-P-] CPL=0 II=0 A20=1 SMM=0 HLT=0
ES =0030 0000000000000000 ffffffff 00cf9300 DPL=0 DS   [-WA]
CS =0038 0000000000000000 ffffffff 00af9a00 DPL=0 CS64 [-R-]
SS =0030 0000000000000000 ffffffff 00cf9300 DPL=0 DS   [-WA]
DS =0030 0000000000000000 ffffffff 00cf9300 DPL=0 DS   [-WA]
FS =0030 0000000000000000 ffffffff 00cf9300 DPL=0 DS   [-WA]
GS =0030 0000000000000000 ffffffff 00cf9300 DPL=0 DS   [-WA]
LDT=0000 0000000000000000 0000ffff 00008200 DPL=0 LDT
TR =0000 0000000000000000 0000ffff 00008b00 DPL=0 TSS64-busy
GDT=     000000001f9eea98 00000047
IDT=     000000001f586018 00000fff
CR0=80010033 CR2=0000000000000000 CR3=000000001fc01000 CR4=00000668
DR0=0000000000000000 DR1=0000000000000000 DR2=0000000000000000 DR3=0000000000000000 
DR6=00000000ffff0ff0 DR7=0000000000000400
CCS=0000000000000044 CCD=0000000000000000 CCO=EFLAGS
EFER=0000000000000d00
Servicing hardware INT=0x68
    92: v=68 e=0000 i=0 cpl=0 IP=0038:000000001fec326b pc=000000001fec326b SP=0030:000000001febd4f0 env->regs[R_EAX]=0000000000000000
RAX=0000000000000000 RBX=0000000000000001 RCX=000000001ed14e98 RDX=000000001fed3a50
RSI=000000001febd640 RDI=000000001ed14e98 RBP=000000001f8eef98 RSP=000000001febd4f0
R8 =000000001febd640 R9 =000000001f8eef98 R10=000000001fed3ba0 R11=000000000000000a
R12=000000001ed14e98 R13=000000001febd640 R14=0000000000000000 R15=000000001fed3940
RIP=000000001fec326b RFL=00000246 [---Z-P-] CPL=0 II=0 A20=1 SMM=0 HLT=0
ES =0030 0000000000000000 ffffffff 00cf9300 DPL=0 DS   [-WA]
CS =0038 0000000000000000 ffffffff 00af9a00 DPL=0 CS64 [-R-]
SS =0030 0000000000000000 ffffffff 00cf9300 DPL=0 DS   [-WA]
DS =0030 0000000000000000 ffffffff 00cf9300 DPL=0 DS   [-WA]
FS =0030 0000000000000000 ffffffff 00cf9300 DPL=0 DS   [-WA]
GS =0030 0000000000000000 ffffffff 00cf9300 DPL=0 DS   [-WA]
LDT=0000 0000000000000000 0000ffff 00008200 DPL=0 LDT
TR =0000 0000000000000000 0000ffff 00008b00 DPL=0 TSS64-busy
GDT=     000000001f9eea98 00000047
IDT=     000000001f586018 00000fff
CR0=80010033 CR2=0000000000000000 CR3=000000001fc01000 CR4=00000668
DR0=0000000000000000 DR1=0000000000000000 DR2=0000000000000000 DR3=0000000000000000 
DR6=00000000ffff0ff0 DR7=0000000000000400
CCS=0000000000000044 CCD=0000000000000000 CCO=EFLAGS
EFER=0000000000000d00
Servicing hardware INT=0x68
    93: v=68 e=0000 i=0 cpl=0 IP=0038:000000001f56b267 pc=000000001f56b267 SP=0030:000000001febd0a8 env->regs[R_EAX]=0000000000520896
RAX=0000000000520896 RBX=0000000000002710 RCX=0000000000000000 RDX=000000000000028a
RSI=0000000000000000 RDI=0000000000520b20 RBP=ffffffff00000001 RSP=000000001febd0a8
R8 =000000001febd160 R9 =000000000000e000 R10=0000000000000000 R11=0000000000000002
R12=a000000000000002 R13=0000000000000004 R14=0000000000000001 R15=0000000000000001
RIP=000000001f56b267 RFL=00000202 [-------] CPL=0 II=0 A20=1 SMM=0 HLT=0
ES =0030 0000000000000000 ffffffff 00cf9300 DPL=0 DS   [-WA]
CS =0038 0000000000000000 ffffffff 00af9a00 DPL=0 CS64 [-R-]
SS =0030 0000000000000000 ffffffff 00cf9300 DPL=0 DS   [-WA]
DS =0030 0000000000000000 ffffffff 00cf9300 DPL=0 DS   [-WA]
FS =0030 0000000000000000 ffffffff 00cf9300 DPL=0 DS   [-WA]
GS =0030 0000000000000000 ffffffff 00cf9300 DPL=0 DS   [-WA]
LDT=0000 0000000000000000 0000ffff 00008200 DPL=0 LDT
TR =0000 0000000000000000 0000ffff 00008b00 DPL=0 TSS64-busy
GDT=     000000001f9eea98 00000047
IDT=     000000001f586018 00000fff
CR0=80010033 CR2=0000000000000000 CR3=000000001fc01000 CR4=00000668
DR0=0000000000000000 DR1=0000000000000000 DR2=0000000000000000 DR3=0000000000000000 
DR6=00000000ffff0ff0 DR7=0000000000000400
CCS=0000000000000000 CCD=000000000000028a CCO=EFLAGS
EFER=0000000000000d00
Servicing hardware INT=0x68
    94: v=68 e=0000 i=0 cpl=0 IP=0038:000000001f56b267 pc=000000001f56b267 SP=0030:000000001febcee8 env->regs[R_EAX]=000000000052946b
RAX=000000000052946b RBX=0000000000002710 RCX=0000000000000000 RDX=0000000000000970
RSI=0000000000000000 RDI=0000000000529ddb RBP=ffffffff00000001 RSP=000000001febcee8
R8 =000000001febcfa0 R9 =000000000000e000 R10=0000000000000000 R11=0000000000000002
R12=a000000000000002 R13=0000000000000004 R14=0000000000000001 R15=0000000000000001
RIP=000000001f56b267 RFL=00000202 [-------] CPL=0 II=0 A20=1 SMM=0 HLT=0
ES =0030 0000000000000000 ffffffff 00cf9300 DPL=0 DS   [-WA]
CS =0038 0000000000000000 ffffffff 00af9a00 DPL=0 CS64 [-R-]
SS =0030 0000000000000000 ffffffff 00cf9300 DPL=0 DS   [-WA]
DS =0030 0000000000000000 ffffffff 00cf9300 DPL=0 DS   [-WA]
FS =0030 0000000000000000 ffffffff 00cf9300 DPL=0 DS   [-WA]
GS =0030 0000000000000000 ffffffff 00cf9300 DPL=0 DS   [-WA]
LDT=0000 0000000000000000 0000ffff 00008200 DPL=0 LDT
TR =0000 0000000000000000 0000ffff 00008b00 DPL=0 TSS64-busy
GDT=     000000001f9eea98 00000047
IDT=     000000001f586018 00000fff
CR0=80010033 CR2=0000000000000000 CR3=000000001fc01000 CR4=00000668
DR0=0000000000000000 DR1=0000000000000000 DR2=0000000000000000 DR3=0000000000000000 
DR6=00000000ffff0ff0 DR7=0000000000000400
CCS=0000000000000000 CCD=0000000000000970 CCO=EFLAGS
EFER=0000000000000d00
Servicing hardware INT=0x68
    95: v=68 e=0000 i=0 cpl=0 IP=0038:000000001f56b267 pc=000000001f56b267 SP=0030:000000001febd0b8 env->regs[R_EAX]=00000000005320c9
RAX=00000000005320c9 RBX=000000000000000a RCX=0000000000000000 RDX=0000000000000003
RSI=0000000000000000 RDI=00000000005320cc RBP=ffffffff00000001 RSP=000000001febd0b8
R8 =000000001ebe8238 R9 =000000001ebe8180 R10=000000001ebe81d0 R11=0000000000000000
R12=a000000000000002 R13=000000001febd300 R14=00000000004c4b40 R15=000000001ebb4198
RIP=000000001f56b267 RFL=00000206 [-----P-] CPL=0 II=0 A20=1 SMM=0 HLT=0
ES =0030 0000000000000000 ffffffff 00cf9300 DPL=0 DS   [-WA]
CS =0038 0000000000000000 ffffffff 00af9a00 DPL=0 CS64 [-R-]
SS =0030 0000000000000000 ffffffff 00cf9300 DPL=0 DS   [-WA]
DS =0030 0000000000000000 ffffffff 00cf9300 DPL=0 DS   [-WA]
FS =0030 0000000000000000 ffffffff 00cf9300 DPL=0 DS   [-WA]
GS =0030 0000000000000000 ffffffff 00cf9300 DPL=0 DS   [-WA]
LDT=0000 0000000000000000 0000ffff 00008200 DPL=0 LDT
TR =0000 0000000000000000 0000ffff 00008b00 DPL=0 TSS64-busy
GDT=     000000001f9eea98 00000047
IDT=     000000001f586018 00000fff
CR0=80010033 CR2=0000000000000000 CR3=000000001fc01000 CR4=00000668
DR0=0000000000000000 DR1=0000000000000000 DR2=0000000000000000 DR3=0000000000000000 
DR6=00000000ffff0ff0 DR7=0000000000000400
CCS=0000000000000004 CCD=0000000000000003 CCO=EFLAGS
EFER=0000000000000d00
Servicing hardware INT=0x68
    96: v=68 e=0000 i=0 cpl=0 IP=0038:000000001ecf1fa6 pc=000000001ecf1fa6 SP=0030:000000001febd218 env->regs[R_EAX]=000000000053ac9d
RAX=000000000053ac9d RBX=000000001ebe4368 RCX=000000000053aca7 RDX=000000000000000a
RSI=000000001febd318 RDI=000000001febd3a0 RBP=00000000ffffff00 RSP=000000001febd218
R8 =0000000000000190 R9 =00000000000f4240 R10=0000000000000000 R11=0000000000000000
R12=000000001ec8c028 R13=00000000000493e1 R14=000000001ebe4368 R15=000000001febd304
RIP=000000001ecf1fa6 RFL=00000206 [-----P-] CPL=0 II=0 A20=1 SMM=0 HLT=0
ES =0030 0000000000000000 ffffffff 00cf9300 DPL=0 DS   [-WA]
CS =0038 0000000000000000 ffffffff 00af9a00 DPL=0 CS64 [-R-]
SS =0030 0000000000000000 ffffffff 00cf9300 DPL=0 DS   [-WA]
DS =0030 0000000000000000 ffffffff 00cf9300 DPL=0 DS   [-WA]
FS =0030 0000000000000000 ffffffff 00cf9300 DPL=0 DS   [-WA]
GS =0030 0000000000000000 ffffffff 00cf9300 DPL=0 DS   [-WA]
LDT=0000 0000000000000000 0000ffff 00008200 DPL=0 LDT
TR =0000 0000000000000000 0000ffff 00008b00 DPL=0 TSS64-busy
GDT=     000000001f9eea98 00000047
IDT=     000000001f586018 00000fff
CR0=80010033 CR2=0000000000000000 CR3=000000001fc01000 CR4=00000668
DR0=0000000000000000 DR1=0000000000000000 DR2=0000000000000000 DR3=0000000000000000 
DR6=00000000ffff0ff0 DR7=0000000000000400
CCS=0000000000000004 CCD=000000000000000a CCO=EFLAGS
EFER=0000000000000d00
Servicing hardware INT=0x68
    97: v=68 e=0000 i=0 cpl=0 IP=0038:000000001f593396 pc=000000001f593396 SP=0030:000000001febd430 env->regs[R_EAX]=0000000000000001
RAX=0000000000000001 RBX=0000000081010024 RCX=0000000000000004 RDX=0000000000000004
RSI=0000000000000004 RDI=0000000000000001 RBP=0000000000000001 RSP=000000001febd430
R8 =000000001febd57c R9 =000000000000c000 R10=0000000000000000 R11=0000000000000002
R12=0000000000000002 R13=0000000081010024 R14=000000000007a120 R15=000000001ebb4318
RIP=000000001f593396 RFL=00000246 [---Z-P-] CPL=0 II=0 A20=1 SMM=0 HLT=0
ES =0030 0000000000000000 ffffffff 00cf9300 DPL=0 DS   [-WA]
CS =0038 0000000000000000 ffffffff 00af9a00 DPL=0 CS64 [-R-]
SS =0030 0000000000000000 ffffffff 00cf9300 DPL=0 DS   [-WA]
DS =0030 0000000000000000 ffffffff 00cf9300 DPL=0 DS   [-WA]
FS =0030 0000000000000000 ffffffff 00cf9300 DPL=0 DS   [-WA]
GS =0030 0000000000000000 ffffffff 00cf9300 DPL=0 DS   [-WA]
LDT=0000 0000000000000000 0000ffff 00008200 DPL=0 LDT
TR =0000 0000000000000000 0000ffff 00008b00 DPL=0 TSS64-busy
GDT=     000000001f9eea98 00000047
IDT=     000000001f586018 00000fff
CR0=80010033 CR2=0000000000000000 CR3=000000001fc01000 CR4=00000668
DR0=0000000000000000 DR1=0000000000000000 DR2=0000000000000000 DR3=0000000000000000 
DR6=00000000ffff0ff0 DR7=0000000000000400
CCS=0000000000000044 CCD=0000000000000000 CCO=EFLAGS
EFER=0000000000000d00
Servicing hardware INT=0x68
    98: v=68 e=0000 i=0 cpl=0 IP=0038:000000001faa7d83 pc=000000001faa7d83 SP=0030:000000001febd5a0 env->regs[R_EAX]=000000001faa7d4d
RAX=000000001faa7d4d RBX=000000001febd816 RCX=000000001e71e554 RDX=000000001e71e582
RSI=0000000000000000 RDI=000000001fad9ce0 RBP=0000000000000008 RSP=000000001febd5a0
R8 =000000000000001e R9 =ffffffffffffffe1 R10=000000001febd816 R11=000000001fac362a
R12=8000000000000002 R13=0000000000000004 R14=000000001fad9ce0 R15=000000001febd824
RIP=000000001faa7d83 RFL=00000296 [--S-AP-] CPL=0 II=0 A20=1 SMM=0 HLT=0
ES =0030 0000000000000000 ffffffff 00cf9300 DPL=0 DS   [-WA]
CS =0038 0000000000000000 ffffffff 00af9a00 DPL=0 CS64 [-R-]
SS =0030 0000000000000000 ffffffff 00cf9300 DPL=0 DS   [-WA]
DS =0030 0000000000000000 ffffffff 00cf9300 DPL=0 DS   [-WA]
FS =0030 0000000000000000 ffffffff 00cf9300 DPL=0 DS   [-WA]
GS =0030 0000000000000000 ffffffff 00cf9300 DPL=0 DS   [-WA]
LDT=0000 0000000000000000 0000ffff 00008200 DPL=0 LDT
TR =0000 0000000000000000 0000ffff 00008b00 DPL=0 TSS64-busy
GDT=     000000001f9eea98 00000047
IDT=     000000001f586018 00000fff
CR0=80010033 CR2=0000000000000000 CR3=000000001fc01000 CR4=00000668
DR0=0000000000000000 DR1=0000000000000000 DR2=0000000000000000 DR3=0000000000000000 
DR6=00000000ffff0ff0 DR7=0000000000000400
CCS=0000000000000094 CCD=ffffffffe18e1a8d CCO=EFLAGS
EFER=0000000000000d00
Servicing hardware INT=0x68
    99: v=68 e=0000 i=0 cpl=0 IP=0038:000000001febf0d1 pc=000000001febf0d1 SP=0030:000000001febd4f0 env->regs[R_EAX]=0000000000000008
RAX=0000000000000008 RBX=000000001fed3710 RCX=0000000000000010 RDX=00000000000000af
RSI=000000001ecd9710 RDI=000000001fed3710 RBP=000000001ec4ad98 RSP=000000001febd4f0
R8 =00000000000000af R9 =000000001ed1e64e R10=000000001ed1e64d R11=000000001ec4ad98
R12=000000001ec4ad98 R13=000000001febd59c R14=0000000000000000 R15=0000000000000000
RIP=000000001febf0d1 RFL=00000293 [--S-A-C] CPL=0 II=0 A20=1 SMM=0 HLT=0
ES =0030 0000000000000000 ffffffff 00cf9300 DPL=0 DS   [-WA]
CS =0038 0000000000000000 ffffffff 00af9a00 DPL=0 CS64 [-R-]
SS =0030 0000000000000000 ffffffff 00cf9300 DPL=0 DS   [-WA]
DS =0030 0000000000000000 ffffffff 00cf9300 DPL=0 DS   [-WA]
FS =0030 0000000000000000 ffffffff 00cf9300 DPL=0 DS   [-WA]
GS =0030 0000000000000000 ffffffff 00cf9300 DPL=0 DS   [-WA]
LDT=0000 0000000000000000 0000ffff 00008200 DPL=0 LDT
TR =0000 0000000000000000 0000ffff 00008b00 DPL=0 TSS64-busy
GDT=     000000001f9eea98 00000047
IDT=     000000001f586018 00000fff
CR0=80010033 CR2=0000000000000000 CR3=000000001fc01000 CR4=00000668
DR0=0000000000000000 DR1=0000000000000000 DR2=0000000000000000 DR3=0000000000000000 
DR6=00000000ffff0ff0 DR7=0000000000000400
CCS=0000000000000091 CCD=fffffffffffffff2 CCO=EFLAGS
EFER=0000000000000d00
Servicing hardware INT=0x68
   100: v=68 e=0000 i=0 cpl=0 IP=0038:000000001ecf1fa6 pc=000000001ecf1fa6 SP=0030:000000001febcee8 env->regs[R_EAX]=000000000055dbea
RAX=000000000055dbea RBX=000000001ebe4368 RCX=000000000055dd25 RDX=000000000000013b
RSI=000000001febcfe8 RDI=000000001febcfa0 RBP=00000000ffffff00 RSP=000000001febcee8
R8 =0000000000000190 R9 =00000000000f4240 R10=0000000000000000 R11=0000000000000000
R12=000000001ec8c028 R13=00000000000493e1 R14=000000001ebe4368 R15=000000001febcfd4
RIP=000000001ecf1fa6 RFL=00000202 [-------] CPL=0 II=0 A20=1 SMM=0 HLT=0
ES =0030 0000000000000000 ffffffff 00cf9300 DPL=0 DS   [-WA]
CS =0038 0000000000000000 ffffffff 00af9a00 DPL=0 CS64 [-R-]
SS =0030 0000000000000000 ffffffff 00cf9300 DPL=0 DS   [-WA]
DS =0030 0000000000000000 ffffffff 00cf9300 DPL=0 DS   [-WA]
FS =0030 0000000000000000 ffffffff 00cf9300 DPL=0 DS   [-WA]
GS =0030 0000000000000000 ffffffff 00cf9300 DPL=0 DS   [-WA]
LDT=0000 0000000000000000 0000ffff 00008200 DPL=0 LDT
TR =0000 0000000000000000 0000ffff 00008b00 DPL=0 TSS64-busy
GDT=     000000001f9eea98 00000047
IDT=     000000001f586018 00000fff
CR0=80010033 CR2=0000000000000000 CR3=000000001fc01000 CR4=00000668
DR0=0000000000000000 DR1=0000000000000000 DR2=0000000000000000 DR3=0000000000000000 
DR6=00000000ffff0ff0 DR7=0000000000000400
CCS=0000000000000000 CCD=000000000000013b CCO=EFLAGS
EFER=0000000000000d00
Servicing hardware INT=0x68
   101: v=68 e=0000 i=0 cpl=0 IP=0038:000000001f54a94a pc=000000001f54a94a SP=0030:000000001febcf30 env->regs[R_EAX]=0000000000000000
RAX=0000000000000000 RBX=0000000000000050 RCX=000000001f581ce0 RDX=0000000000000008
RSI=0000000000000000 RDI=000000000000003e RBP=000000001f54f898 RSP=000000001febcf30
R8 =00000000000000af R9 =0000000000001000 R10=0000000000000051 R11=0000000000000280
R12=0000000000000000 R13=000000001ebb1018 R14=000000001e637018 R15=000000001ebb3418
RIP=000000001f54a94a RFL=00000206 [-----P-] CPL=0 II=0 A20=1 SMM=0 HLT=0
ES =0030 0000000000000000 ffffffff 00cf9300 DPL=0 DS   [-WA]
CS =0038 0000000000000000 ffffffff 00af9a00 DPL=0 CS64 [-R-]
SS =0030 0000000000000000 ffffffff 00cf9300 DPL=0 DS   [-WA]
DS =0030 0000000000000000 ffffffff 00cf9300 DPL=0 DS   [-WA]
FS =0030 0000000000000000 ffffffff 00cf9300 DPL=0 DS   [-WA]
GS =0030 0000000000000000 ffffffff 00cf9300 DPL=0 DS   [-WA]
LDT=0000 0000000000000000 0000ffff 00008200 DPL=0 LDT
TR =0000 0000000000000000 0000ffff 00008b00 DPL=0 TSS64-busy
GDT=     000000001f9eea98 00000047
IDT=     000000001f586018 00000fff
CR0=80010033 CR2=0000000000000000 CR3=000000001fc01000 CR4=00000668
DR0=0000000000000000 DR1=0000000000000000 DR2=0000000000000000 DR3=0000000000000000 
DR6=00000000ffff0ff0 DR7=0000000000000400
CCS=0000000000000004 CCD=000000001febcf18 CCO=EFLAGS
EFER=0000000000000d00
Servicing hardware INT=0x68
   102: v=68 e=0000 i=0 cpl=0 IP=0038:000000001f56b267 pc=000000001f56b267 SP=0030:000000001febcbb8 env->regs[R_EAX]=000000000056f30b
RAX=000000000056f30b RBX=0000000000002710 RCX=0000000000000000 RDX=0000000000000373
RSI=0000000000000000 RDI=000000000056f67e RBP=ffffffff00000001 RSP=000000001febcbb8
R8 =000000001febcc70 R9 =000000000000e000 R10=0000000000000000 R11=0000000000000002
R12=a000000000000002 R13=0000000000000004 R14=0000000000000001 R15=0000000000000001
RIP=000000001f56b267 RFL=00000202 [-------] CPL=0 II=0 A20=1 SMM=0 HLT=0
ES =0030 0000000000000000 ffffffff 00cf9300 DPL=0 DS   [-WA]
CS =0038 0000000000000000 ffffffff 00af9a00 DPL=0 CS64 [-R-]
SS =0030 0000000000000000 ffffffff 00cf9300 DPL=0 DS   [-WA]
DS =0030 0000000000000000 ffffffff 00cf9300 DPL=0 DS   [-WA]
FS =0030 0000000000000000 ffffffff 00cf9300 DPL=0 DS   [-WA]
GS =0030 0000000000000000 ffffffff 00cf9300 DPL=0 DS   [-WA]
LDT=0000 0000000000000000 0000ffff 00008200 DPL=0 LDT
TR =0000 0000000000000000 0000ffff 00008b00 DPL=0 TSS64-busy
GDT=     000000001f9eea98 00000047
IDT=     000000001f586018 00000fff
CR0=80010033 CR2=0000000000000000 CR3=000000001fc01000 CR4=00000668
DR0=0000000000000000 DR1=0000000000000000 DR2=0000000000000000 DR3=0000000000000000 
DR6=00000000ffff0ff0 DR7=0000000000000400
CCS=0000000000000000 CCD=0000000000000373 CCO=EFLAGS
EFER=0000000000000d00
Servicing hardware INT=0x68
   103: v=68 e=0000 i=0 cpl=0 IP=0038:000000001f56b267 pc=000000001f56b267 SP=0030:000000001febcbb8 env->regs[R_EAX]=0000000000577ede
RAX=0000000000577ede RBX=0000000000002710 RCX=0000000000000000 RDX=0000000000000af0
RSI=0000000000000000 RDI=00000000005789ce RBP=ffffffff00000001 RSP=000000001febcbb8
R8 =000000001febcc70 R9 =000000000000e000 R10=0000000000000000 R11=0000000000000002
R12=a000000000000002 R13=0000000000000004 R14=0000000000000001 R15=0000000000000001
RIP=000000001f56b267 RFL=00000206 [-----P-] CPL=0 II=0 A20=1 SMM=0 HLT=0
ES =0030 0000000000000000 ffffffff 00cf9300 DPL=0 DS   [-WA]
CS =0038 0000000000000000 ffffffff 00af9a00 DPL=0 CS64 [-R-]
SS =0030 0000000000000000 ffffffff 00cf9300 DPL=0 DS   [-WA]
DS =0030 0000000000000000 ffffffff 00cf9300 DPL=0 DS   [-WA]
FS =0030 0000000000000000 ffffffff 00cf9300 DPL=0 DS   [-WA]
GS =0030 0000000000000000 ffffffff 00cf9300 DPL=0 DS   [-WA]
LDT=0000 0000000000000000 0000ffff 00008200 DPL=0 LDT
TR =0000 0000000000000000 0000ffff 00008b00 DPL=0 TSS64-busy
GDT=     000000001f9eea98 00000047
IDT=     000000001f586018 00000fff
CR0=80010033 CR2=0000000000000000 CR3=000000001fc01000 CR4=00000668
DR0=0000000000000000 DR1=0000000000000000 DR2=0000000000000000 DR3=0000000000000000 
DR6=00000000ffff0ff0 DR7=0000000000000400
CCS=0000000000000004 CCD=0000000000000af0 CCO=EFLAGS
EFER=0000000000000d00
Servicing hardware INT=0x68
   104: v=68 e=0000 i=0 cpl=0 IP=0038:000000001f56b267 pc=000000001f56b267 SP=0030:000000001febd198 env->regs[R_EAX]=0000000000580abf
RAX=0000000000580abf RBX=000000000000000a RCX=0000000000000000 RDX=0000000000000003
RSI=0000000000000000 RDI=0000000000580ac2 RBP=ffffffff00000001 RSP=000000001febd198
R8 =000000001ebe8238 R9 =000000001ebe8180 R10=000000001ebe81d0 R11=0000000000000000
R12=a000000000000002 R13=000000001febd400 R14=00000000004c4b40 R15=000000001e71ee18
RIP=000000001f56b267 RFL=00000206 [-----P-] CPL=0 II=0 A20=1 SMM=0 HLT=0
ES =0030 0000000000000000 ffffffff 00cf9300 DPL=0 DS   [-WA]
CS =0038 0000000000000000 ffffffff 00af9a00 DPL=0 CS64 [-R-]
SS =0030 0000000000000000 ffffffff 00cf9300 DPL=0 DS   [-WA]
DS =0030 0000000000000000 ffffffff 00cf9300 DPL=0 DS   [-WA]
FS =0030 0000000000000000 ffffffff 00cf9300 DPL=0 DS   [-WA]
GS =0030 0000000000000000 ffffffff 00cf9300 DPL=0 DS   [-WA]
LDT=0000 0000000000000000 0000ffff 00008200 DPL=0 LDT
TR =0000 0000000000000000 0000ffff 00008b00 DPL=0 TSS64-busy
GDT=     000000001f9eea98 00000047
IDT=     000000001f586018 00000fff
CR0=80010033 CR2=0000000000000000 CR3=000000001fc01000 CR4=00000668
DR0=0000000000000000 DR1=0000000000000000 DR2=0000000000000000 DR3=0000000000000000 
DR6=00000000ffff0ff0 DR7=0000000000000400
CCS=0000000000000004 CCD=0000000000000003 CCO=EFLAGS
EFER=0000000000000d00
Servicing hardware INT=0x68
   105: v=68 e=0000 i=0 cpl=0 IP=0038:000000001f56b267 pc=000000001f56b267 SP=0030:000000001febc8b8 env->regs[R_EAX]=0000000000589680
RAX=0000000000589680 RBX=0000000000002710 RCX=0000000000000000 RDX=0000000000000ba6
RSI=0000000000000000 RDI=000000000058a226 RBP=ffffffff00000001 RSP=000000001febc8b8
R8 =000000001febc970 R9 =000000000000e000 R10=0000000000000000 R11=0000000000000002
R12=a000000000000002 R13=0000000000000004 R14=0000000000000001 R15=0000000000000001
RIP=000000001f56b267 RFL=00000206 [-----P-] CPL=0 II=0 A20=1 SMM=0 HLT=0
ES =0030 0000000000000000 ffffffff 00cf9300 DPL=0 DS   [-WA]
CS =0038 0000000000000000 ffffffff 00af9a00 DPL=0 CS64 [-R-]
SS =0030 0000000000000000 ffffffff 00cf9300 DPL=0 DS   [-WA]
DS =0030 0000000000000000 ffffffff 00cf9300 DPL=0 DS   [-WA]
FS =0030 0000000000000000 ffffffff 00cf9300 DPL=0 DS   [-WA]
GS =0030 0000000000000000 ffffffff 00cf9300 DPL=0 DS   [-WA]
LDT=0000 0000000000000000 0000ffff 00008200 DPL=0 LDT
TR =0000 0000000000000000 0000ffff 00008b00 DPL=0 TSS64-busy
GDT=     000000001f9eea98 00000047
IDT=     000000001f586018 00000fff
CR0=80010033 CR2=0000000000000000 CR3=000000001fc01000 CR4=00000668
DR0=0000000000000000 DR1=0000000000000000 DR2=0000000000000000 DR3=0000000000000000 
DR6=00000000ffff0ff0 DR7=0000000000000400
CCS=0000000000000004 CCD=0000000000000ba6 CCO=EFLAGS
EFER=0000000000000d00
Servicing hardware INT=0x68
   106: v=68 e=0000 i=0 cpl=0 IP=0038:000000001edca064 pc=000000001edca064 SP=0030:000000001febd7e0 env->regs[R_EAX]=000000001ebb1fc8
RAX=000000001ebb1fc8 RBX=000000001edee998 RCX=000000001f581ce0 RDX=0000000000000030
RSI=000000001e71e618 RDI=000000001e71e618 RBP=000000001febd830 RSP=000000001febd7e0
R8 =0000000000000004 R9 =000000001ecd9837 R10=000000001f54f888 R11=0000000000000049
R12=000000001e71ee18 R13=000000001ebb1f98 R14=000000001f55eba0 R15=0000000000000000
RIP=000000001edca064 RFL=00000202 [-------] CPL=0 II=0 A20=1 SMM=0 HLT=0
ES =0030 0000000000000000 ffffffff 00cf9300 DPL=0 DS   [-WA]
CS =0038 0000000000000000 ffffffff 00af9a00 DPL=0 CS64 [-R-]
SS =0030 0000000000000000 ffffffff 00cf9300 DPL=0 DS   [-WA]
DS =0030 0000000000000000 ffffffff 00cf9300 DPL=0 DS   [-WA]
FS =0030 0000000000000000 ffffffff 00cf9300 DPL=0 DS   [-WA]
GS =0030 0000000000000000 ffffffff 00cf9300 DPL=0 DS   [-WA]
LDT=0000 0000000000000000 0000ffff 00008200 DPL=0 LDT
TR =0000 0000000000000000 0000ffff 00008b00 DPL=0 TSS64-busy
GDT=     000000001f9eea98 00000047
IDT=     000000001f586018 00000fff
CR0=80010033 CR2=0000000000000000 CR3=000000001fc01000 CR4=00000668
DR0=0000000000000000 DR1=0000000000000000 DR2=0000000000000000 DR3=0000000000000000 
DR6=00000000ffff0ff0 DR7=0000000000000400
CCS=0000000000000000 CCD=000000001febd7e0 CCO=EFLAGS
EFER=0000000000000d00
Servicing hardware INT=0x68
   107: v=68 e=0000 i=0 cpl=0 IP=0038:000000001f56b267 pc=000000001f56b267 SP=0030:000000001febcf08 env->regs[R_EAX]=000000000059ae2f
RAX=000000000059ae2f RBX=0000000000002710 RCX=0000000000000000 RDX=0000000000000a19
RSI=0000000000000000 RDI=000000000059b848 RBP=ffffffff00000001 RSP=000000001febcf08
R8 =000000001febcfc0 R9 =000000000000e000 R10=0000000000000000 R11=0000000000000002
R12=a000000000000002 R13=0000000000000004 R14=0000000000000001 R15=0000000000000001
RIP=000000001f56b267 RFL=00000202 [-------] CPL=0 II=0 A20=1 SMM=0 HLT=0
ES =0030 0000000000000000 ffffffff 00cf9300 DPL=0 DS   [-WA]
CS =0038 0000000000000000 ffffffff 00af9a00 DPL=0 CS64 [-R-]
SS =0030 0000000000000000 ffffffff 00cf9300 DPL=0 DS   [-WA]
DS =0030 0000000000000000 ffffffff 00cf9300 DPL=0 DS   [-WA]
FS =0030 0000000000000000 ffffffff 00cf9300 DPL=0 DS   [-WA]
GS =0030 0000000000000000 ffffffff 00cf9300 DPL=0 DS   [-WA]
LDT=0000 0000000000000000 0000ffff 00008200 DPL=0 LDT
TR =0000 0000000000000000 0000ffff 00008b00 DPL=0 TSS64-busy
GDT=     000000001f9eea98 00000047
IDT=     000000001f586018 00000fff
CR0=80010033 CR2=0000000000000000 CR3=000000001fc01000 CR4=00000668
DR0=0000000000000000 DR1=0000000000000000 DR2=0000000000000000 DR3=0000000000000000 
DR6=00000000ffff0ff0 DR7=0000000000000400
CCS=0000000000000000 CCD=0000000000000a19 CCO=EFLAGS
EFER=0000000000000d00
Servicing hardware INT=0x68
   108: v=68 e=0000 i=0 cpl=0 IP=0038:000000001f593396 pc=000000001f593396 SP=0030:000000001febce60 env->regs[R_EAX]=0000000000000001
RAX=0000000000000001 RBX=0000000081010024 RCX=0000000000000004 RDX=0000000000000004
RSI=0000000000000004 RDI=0000000000000001 RBP=0000000000000001 RSP=000000001febce60
R8 =000000001febcfac R9 =000000000000c000 R10=0000000000000000 R11=0000000000000002
R12=0000000000000002 R13=0000000081010024 R14=00000000002dc6c0 R15=000000001ebb3018
RIP=000000001f593396 RFL=00000246 [---Z-P-] CPL=0 II=0 A20=1 SMM=0 HLT=0
ES =0030 0000000000000000 ffffffff 00cf9300 DPL=0 DS   [-WA]
CS =0038 0000000000000000 ffffffff 00af9a00 DPL=0 CS64 [-R-]
SS =0030 0000000000000000 ffffffff 00cf9300 DPL=0 DS   [-WA]
DS =0030 0000000000000000 ffffffff 00cf9300 DPL=0 DS   [-WA]
FS =0030 0000000000000000 ffffffff 00cf9300 DPL=0 DS   [-WA]
GS =0030 0000000000000000 ffffffff 00cf9300 DPL=0 DS   [-WA]
LDT=0000 0000000000000000 0000ffff 00008200 DPL=0 LDT
TR =0000 0000000000000000 0000ffff 00008b00 DPL=0 TSS64-busy
GDT=     000000001f9eea98 00000047
IDT=     000000001f586018 00000fff
CR0=80010033 CR2=0000000000000000 CR3=000000001fc01000 CR4=00000668
DR0=0000000000000000 DR1=0000000000000000 DR2=0000000000000000 DR3=0000000000000000 
DR6=00000000ffff0ff0 DR7=0000000000000400
CCS=0000000000000044 CCD=0000000000000000 CCO=EFLAGS
EFER=0000000000000d00
Servicing hardware INT=0x68
   109: v=68 e=0000 i=0 cpl=0 IP=0038:000000001f593396 pc=000000001f593396 SP=0030:000000001febce60 env->regs[R_EAX]=0000000000000001
RAX=0000000000000001 RBX=0000000081010024 RCX=0000000000000004 RDX=0000000000000004
RSI=0000000000000004 RDI=0000000000000001 RBP=0000000000000001 RSP=000000001febce60
R8 =000000001febcfac R9 =000000000000c000 R10=0000000000000000 R11=0000000000000002
R12=0000000000000002 R13=0000000081010024 R14=00000000002dc6c0 R15=000000001ebb3018
RIP=000000001f593396 RFL=00000246 [---Z-P-] CPL=0 II=0 A20=1 SMM=0 HLT=0
ES =0030 0000000000000000 ffffffff 00cf9300 DPL=0 DS   [-WA]
CS =0038 0000000000000000 ffffffff 00af9a00 DPL=0 CS64 [-R-]
SS =0030 0000000000000000 ffffffff 00cf9300 DPL=0 DS   [-WA]
DS =0030 0000000000000000 ffffffff 00cf9300 DPL=0 DS   [-WA]
FS =0030 0000000000000000 ffffffff 00cf9300 DPL=0 DS   [-WA]
GS =0030 0000000000000000 ffffffff 00cf9300 DPL=0 DS   [-WA]
LDT=0000 0000000000000000 0000ffff 00008200 DPL=0 LDT
TR =0000 0000000000000000 0000ffff 00008b00 DPL=0 TSS64-busy
GDT=     000000001f9eea98 00000047
IDT=     000000001f586018 00000fff
CR0=80010033 CR2=0000000000000000 CR3=000000001fc01000 CR4=00000668
DR0=0000000000000000 DR1=0000000000000000 DR2=0000000000000000 DR3=0000000000000000 
DR6=00000000ffff0ff0 DR7=0000000000000400
CCS=0000000000000044 CCD=0000000000000000 CCO=EFLAGS
EFER=0000000000000d00
Servicing hardware INT=0x68
   110: v=68 e=0000 i=0 cpl=0 IP=0038:000000001f56b267 pc=000000001f56b267 SP=0030:000000001febcf08 env->regs[R_EAX]=00000000005b51a7
RAX=00000000005b51a7 RBX=0000000000002710 RCX=0000000000000000 RDX=00000000000007d2
RSI=0000000000000000 RDI=00000000005b5979 RBP=ffffffff00000001 RSP=000000001febcf08
R8 =000000001febcfc0 R9 =000000000000e000 R10=0000000000000000 R11=0000000000000002
R12=a000000000000002 R13=0000000000000004 R14=0000000000000001 R15=0000000000000001
RIP=000000001f56b267 RFL=00000206 [-----P-] CPL=0 II=0 A20=1 SMM=0 HLT=0
ES =0030 0000000000000000 ffffffff 00cf9300 DPL=0 DS   [-WA]
CS =0038 0000000000000000 ffffffff 00af9a00 DPL=0 CS64 [-R-]
SS =0030 0000000000000000 ffffffff 00cf9300 DPL=0 DS   [-WA]
DS =0030 0000000000000000 ffffffff 00cf9300 DPL=0 DS   [-WA]
FS =0030 0000000000000000 ffffffff 00cf9300 DPL=0 DS   [-WA]
GS =0030 0000000000000000 ffffffff 00cf9300 DPL=0 DS   [-WA]
LDT=0000 0000000000000000 0000ffff 00008200 DPL=0 LDT
TR =0000 0000000000000000 0000ffff 00008b00 DPL=0 TSS64-busy
GDT=     000000001f9eea98 00000047
IDT=     000000001f586018 00000fff
CR0=80010033 CR2=0000000000000000 CR3=000000001fc01000 CR4=00000668
DR0=0000000000000000 DR1=0000000000000000 DR2=0000000000000000 DR3=0000000000000000 
DR6=00000000ffff0ff0 DR7=0000000000000400
CCS=0000000000000004 CCD=00000000000007d2 CCO=EFLAGS
EFER=0000000000000d00
Servicing hardware INT=0x68
   111: v=68 e=0000 i=0 cpl=0 IP=0038:000000001f56b267 pc=000000001f56b267 SP=0030:000000001febcf28 env->regs[R_EAX]=00000000005bde0a
RAX=00000000005bde0a RBX=000000000000000a RCX=0000000000000000 RDX=0000000000000002
RSI=0000000000000000 RDI=00000000005bde0c RBP=ffffffff00000001 RSP=000000001febcf28
R8 =000000001ebe8238 R9 =000000001ebe8180 R10=000000001ebe81d0 R11=0000000000000000
R12=a000000000000002 R13=000000001febd100 R14=00000000002dc6c0 R15=000000001ebb3018
RIP=000000001f56b267 RFL=00000202 [-------] CPL=0 II=0 A20=1 SMM=0 HLT=0
ES =0030 0000000000000000 ffffffff 00cf9300 DPL=0 DS   [-WA]
CS =0038 0000000000000000 ffffffff 00af9a00 DPL=0 CS64 [-R-]
SS =0030 0000000000000000 ffffffff 00cf9300 DPL=0 DS   [-WA]
DS =0030 0000000000000000 ffffffff 00cf9300 DPL=0 DS   [-WA]
FS =0030 0000000000000000 ffffffff 00cf9300 DPL=0 DS   [-WA]
GS =0030 0000000000000000 ffffffff 00cf9300 DPL=0 DS   [-WA]
LDT=0000 0000000000000000 0000ffff 00008200 DPL=0 LDT
TR =0000 0000000000000000 0000ffff 00008b00 DPL=0 TSS64-busy
GDT=     000000001f9eea98 00000047
IDT=     000000001f586018 00000fff
CR0=80010033 CR2=0000000000000000 CR3=000000001fc01000 CR4=00000668
DR0=0000000000000000 DR1=0000000000000000 DR2=0000000000000000 DR3=0000000000000000 
DR6=00000000ffff0ff0 DR7=0000000000000400
CCS=0000000000000000 CCD=0000000000000002 CCO=EFLAGS
EFER=0000000000000d00
Servicing hardware INT=0x68
   112: v=68 e=0000 i=0 cpl=0 IP=0038:000000001f593396 pc=000000001f593396 SP=0030:000000001febce60 env->regs[R_EAX]=0000000000000001
RAX=0000000000000001 RBX=0000000081010024 RCX=0000000000000004 RDX=0000000000000004
RSI=0000000000000004 RDI=0000000000000001 RBP=0000000000000001 RSP=000000001febce60
R8 =000000001febcfac R9 =000000000000c000 R10=0000000000000000 R11=0000000000000002
R12=0000000000000002 R13=0000000081010024 R14=00000000004c4b40 R15=000000001ebb3018
RIP=000000001f593396 RFL=00000246 [---Z-P-] CPL=0 II=0 A20=1 SMM=0 HLT=0
ES =0030 0000000000000000 ffffffff 00cf9300 DPL=0 DS   [-WA]
CS =0038 0000000000000000 ffffffff 00af9a00 DPL=0 CS64 [-R-]
SS =0030 0000000000000000 ffffffff 00cf9300 DPL=0 DS   [-WA]
DS =0030 0000000000000000 ffffffff 00cf9300 DPL=0 DS   [-WA]
FS =0030 0000000000000000 ffffffff 00cf9300 DPL=0 DS   [-WA]
GS =0030 0000000000000000 ffffffff 00cf9300 DPL=0 DS   [-WA]
LDT=0000 0000000000000000 0000ffff 00008200 DPL=0 LDT
TR =0000 0000000000000000 0000ffff 00008b00 DPL=0 TSS64-busy
GDT=     000000001f9eea98 00000047
IDT=     000000001f586018 00000fff
CR0=80010033 CR2=0000000000000000 CR3=000000001fc01000 CR4=00000668
DR0=0000000000000000 DR1=0000000000000000 DR2=0000000000000000 DR3=0000000000000000 
DR6=00000000ffff0ff0 DR7=0000000000000400
CCS=0000000000000044 CCD=0000000000000000 CCO=EFLAGS
EFER=0000000000000d00
Servicing hardware INT=0x68
   113: v=68 e=0000 i=0 cpl=0 IP=0038:000000001f56b267 pc=000000001f56b267 SP=0030:000000001febcf08 env->regs[R_EAX]=00000000005cf523
RAX=00000000005cf523 RBX=0000000000002710 RCX=0000000000000000 RDX=00000000000005c2
RSI=0000000000000000 RDI=00000000005cfae5 RBP=ffffffff00000001 RSP=000000001febcf08
R8 =000000001febcfc0 R9 =000000000000e000 R10=0000000000000000 R11=0000000000000002
R12=a000000000000002 R13=0000000000000004 R14=0000000000000001 R15=0000000000000001
RIP=000000001f56b267 RFL=00000202 [-------] CPL=0 II=0 A20=1 SMM=0 HLT=0
ES =0030 0000000000000000 ffffffff 00cf9300 DPL=0 DS   [-WA]
CS =0038 0000000000000000 ffffffff 00af9a00 DPL=0 CS64 [-R-]
SS =0030 0000000000000000 ffffffff 00cf9300 DPL=0 DS   [-WA]
DS =0030 0000000000000000 ffffffff 00cf9300 DPL=0 DS   [-WA]
FS =0030 0000000000000000 ffffffff 00cf9300 DPL=0 DS   [-WA]
GS =0030 0000000000000000 ffffffff 00cf9300 DPL=0 DS   [-WA]
LDT=0000 0000000000000000 0000ffff 00008200 DPL=0 LDT
TR =0000 0000000000000000 0000ffff 00008b00 DPL=0 TSS64-busy
GDT=     000000001f9eea98 00000047
IDT=     000000001f586018 00000fff
CR0=80010033 CR2=0000000000000000 CR3=000000001fc01000 CR4=00000668
DR0=0000000000000000 DR1=0000000000000000 DR2=0000000000000000 DR3=0000000000000000 
DR6=00000000ffff0ff0 DR7=0000000000000400
CCS=0000000000000000 CCD=00000000000005c2 CCO=EFLAGS
EFER=0000000000000d00
Servicing hardware INT=0x68
   114: v=68 e=0000 i=0 cpl=0 IP=0038:000000001f56b267 pc=000000001f56b267 SP=0030:000000001febcf08 env->regs[R_EAX]=00000000005d822d
RAX=00000000005d822d RBX=0000000000002710 RCX=0000000000000000 RDX=0000000000000dfb
RSI=0000000000000000 RDI=00000000005d9028 RBP=ffffffff00000001 RSP=000000001febcf08
R8 =000000001febcfc0 R9 =000000000000e000 R10=0000000000000000 R11=0000000000000002
R12=a000000000000002 R13=0000000000000004 R14=0000000000000001 R15=0000000000000001
RIP=000000001f56b267 RFL=00000202 [-------] CPL=0 II=0 A20=1 SMM=0 HLT=0
ES =0030 0000000000000000 ffffffff 00cf9300 DPL=0 DS   [-WA]
CS =0038 0000000000000000 ffffffff 00af9a00 DPL=0 CS64 [-R-]
SS =0030 0000000000000000 ffffffff 00cf9300 DPL=0 DS   [-WA]
DS =0030 0000000000000000 ffffffff 00cf9300 DPL=0 DS   [-WA]
FS =0030 0000000000000000 ffffffff 00cf9300 DPL=0 DS   [-WA]
GS =0030 0000000000000000 ffffffff 00cf9300 DPL=0 DS   [-WA]
LDT=0000 0000000000000000 0000ffff 00008200 DPL=0 LDT
TR =0000 0000000000000000 0000ffff 00008b00 DPL=0 TSS64-busy
GDT=     000000001f9eea98 00000047
IDT=     000000001f586018 00000fff
CR0=80010033 CR2=0000000000000000 CR3=000000001fc01000 CR4=00000668
DR0=0000000000000000 DR1=0000000000000000 DR2=0000000000000000 DR3=0000000000000000 
DR6=00000000ffff0ff0 DR7=0000000000000400
CCS=0000000000000000 CCD=0000000000000dfb CCO=EFLAGS
EFER=0000000000000d00
Servicing hardware INT=0x68
   115: v=68 e=0000 i=0 cpl=0 IP=0038:000000001f593396 pc=000000001f593396 SP=0030:000000001febce60 env->regs[R_EAX]=0000000000000001
RAX=0000000000000001 RBX=0000000081010024 RCX=0000000000000004 RDX=0000000000000004
RSI=0000000000000004 RDI=0000000000000001 RBP=0000000000000001 RSP=000000001febce60
R8 =000000001febcfac R9 =000000000000c000 R10=0000000000000000 R11=0000000000000002
R12=0000000000000002 R13=0000000081010024 R14=00000000002dc6c0 R15=000000001ebb3018
RIP=000000001f593396 RFL=00000246 [---Z-P-] CPL=0 II=0 A20=1 SMM=0 HLT=0
ES =0030 0000000000000000 ffffffff 00cf9300 DPL=0 DS   [-WA]
CS =0038 0000000000000000 ffffffff 00af9a00 DPL=0 CS64 [-R-]
SS =0030 0000000000000000 ffffffff 00cf9300 DPL=0 DS   [-WA]
DS =0030 0000000000000000 ffffffff 00cf9300 DPL=0 DS   [-WA]
FS =0030 0000000000000000 ffffffff 00cf9300 DPL=0 DS   [-WA]
GS =0030 0000000000000000 ffffffff 00cf9300 DPL=0 DS   [-WA]
LDT=0000 0000000000000000 0000ffff 00008200 DPL=0 LDT
TR =0000 0000000000000000 0000ffff 00008b00 DPL=0 TSS64-busy
GDT=     000000001f9eea98 00000047
IDT=     000000001f586018 00000fff
CR0=80010033 CR2=0000000000000000 CR3=000000001fc01000 CR4=00000668
DR0=0000000000000000 DR1=0000000000000000 DR2=0000000000000000 DR3=0000000000000000 
DR6=00000000ffff0ff0 DR7=0000000000000400
CCS=0000000000000044 CCD=0000000000000000 CCO=EFLAGS
EFER=0000000000000d00
Servicing hardware INT=0x68
   116: v=68 e=0000 i=0 cpl=0 IP=0038:000000001f56b267 pc=000000001f56b267 SP=0030:000000001febcf08 env->regs[R_EAX]=00000000005e98aa
RAX=00000000005e98aa RBX=0000000000002710 RCX=0000000000000000 RDX=0000000000000515
RSI=0000000000000000 RDI=00000000005e9dbf RBP=ffffffff00000001 RSP=000000001febcf08
R8 =000000001febcfc0 R9 =000000000000e000 R10=0000000000000000 R11=0000000000000002
R12=a000000000000002 R13=0000000000000004 R14=0000000000000001 R15=0000000000000001
RIP=000000001f56b267 RFL=00000202 [-------] CPL=0 II=0 A20=1 SMM=0 HLT=0
ES =0030 0000000000000000 ffffffff 00cf9300 DPL=0 DS   [-WA]
CS =0038 0000000000000000 ffffffff 00af9a00 DPL=0 CS64 [-R-]
SS =0030 0000000000000000 ffffffff 00cf9300 DPL=0 DS   [-WA]
DS =0030 0000000000000000 ffffffff 00cf9300 DPL=0 DS   [-WA]
FS =0030 0000000000000000 ffffffff 00cf9300 DPL=0 DS   [-WA]
GS =0030 0000000000000000 ffffffff 00cf9300 DPL=0 DS   [-WA]
LDT=0000 0000000000000000 0000ffff 00008200 DPL=0 LDT
TR =0000 0000000000000000 0000ffff 00008b00 DPL=0 TSS64-busy
GDT=     000000001f9eea98 00000047
IDT=     000000001f586018 00000fff
CR0=80010033 CR2=0000000000000000 CR3=000000001fc01000 CR4=00000668
DR0=0000000000000000 DR1=0000000000000000 DR2=0000000000000000 DR3=0000000000000000 
DR6=00000000ffff0ff0 DR7=0000000000000400
CCS=0000000000000000 CCD=0000000000000515 CCO=EFLAGS
EFER=0000000000000d00
Servicing hardware INT=0x68
   117: v=68 e=0000 i=0 cpl=0 IP=0038:000000001ed19882 pc=000000001ed19882 SP=0030:000000001febd380 env->regs[R_EAX]=0000000000000000
RAX=0000000000000000 RBX=0000000000000050 RCX=0000000000989898 RDX=000000001ed1b520
RSI=000000001ebb1b18 RDI=000000001ec4b3b0 RBP=000000001ec4b3b0 RSP=000000001febd380
R8 =000000001ebb1b1c R9 =000000001ebb30b9 R10=0000000000000003 R11=0000000000000000
R12=00000000000000a0 R13=000000001e71e798 R14=0000000000000050 R15=000000001ebb1b18
RIP=000000001ed19882 RFL=00000246 [---Z-P-] CPL=0 II=0 A20=1 SMM=0 HLT=0
ES =0030 0000000000000000 ffffffff 00cf9300 DPL=0 DS   [-WA]
CS =0038 0000000000000000 ffffffff 00af9a00 DPL=0 CS64 [-R-]
SS =0030 0000000000000000 ffffffff 00cf9300 DPL=0 DS   [-WA]
DS =0030 0000000000000000 ffffffff 00cf9300 DPL=0 DS   [-WA]
FS =0030 0000000000000000 ffffffff 00cf9300 DPL=0 DS   [-WA]
GS =0030 0000000000000000 ffffffff 00cf9300 DPL=0 DS   [-WA]
LDT=0000 0000000000000000 0000ffff 00008200 DPL=0 LDT
TR =0000 0000000000000000 0000ffff 00008b00 DPL=0 TSS64-busy
GDT=     000000001f9eea98 00000047
IDT=     000000001f586018 00000fff
CR0=80010033 CR2=0000000000000000 CR3=000000001fc01000 CR4=00000668
DR0=0000000000000000 DR1=0000000000000000 DR2=0000000000000000 DR3=0000000000000000 
DR6=00000000ffff0ff0 DR7=0000000000000400
CCS=0000000000000044 CCD=0000000000000000 CCO=EFLAGS
EFER=0000000000000d00
Servicing hardware INT=0x68
   118: v=68 e=0000 i=0 cpl=0 IP=0038:000000001fed1f3c pc=000000001fed1f3c SP=0030:000000001febd700 env->regs[R_EAX]=00000000000000af
RAX=00000000000000af RBX=0000000000106fff RCX=0000000000000000 RDX=000000001e532000
RSI=000000001fbffc08 RDI=000000001e639000 RBP=0000000000000107 RSP=000000001febd700
R8 =00000000000000af R9 =0000000000000014 R10=ffffffffffff0004 R11=000000001f8e6d98
R12=0000000000000001 R13=000000001e639000 R14=0000000000000007 R15=000000001e532000
RIP=000000001fed1f3c RFL=00000206 [-----P-] CPL=0 II=0 A20=1 SMM=0 HLT=0
ES =0030 0000000000000000 ffffffff 00cf9300 DPL=0 DS   [-WA]
CS =0038 0000000000000000 ffffffff 00af9a00 DPL=0 CS64 [-R-]
SS =0030 0000000000000000 ffffffff 00cf9300 DPL=0 DS   [-WA]
DS =0030 0000000000000000 ffffffff 00cf9300 DPL=0 DS   [-WA]
FS =0030 0000000000000000 ffffffff 00cf9300 DPL=0 DS   [-WA]
GS =0030 0000000000000000 ffffffff 00cf9300 DPL=0 DS   [-WA]
LDT=0000 0000000000000000 0000ffff 00008200 DPL=0 LDT
TR =0000 0000000000000000 0000ffff 00008b00 DPL=0 TSS64-busy
GDT=     000000001f9eea98 00000047
IDT=     000000001f586018 00000fff
CR0=80010033 CR2=0000000000000000 CR3=000000001fc01000 CR4=00000668
DR0=0000000000000000 DR1=0000000000000000 DR2=0000000000000000 DR3=0000000000000000 
DR6=00000000ffff0ff0 DR7=0000000000000400
CCS=0000000000000004 CCD=0000000000107000 CCO=EFLAGS
EFER=0000000000000d00
Servicing hardware INT=0x68
   119: v=68 e=0000 i=0 cpl=0 IP=0038:000000001f593410 pc=000000001f593410 SP=0030:000000001febd520 env->regs[R_EAX]=00000000000a393d
RAX=00000000000a393d RBX=0000000080171b0c RCX=0000000000000004 RDX=0000000000000000
RSI=0000000000000004 RDI=0000000000100000 RBP=0000000000100000 RSP=000000001febd520
R8 =000000001febd66c R9 =0000000000000000 R10=00000000000fffff R11=0000000000000002
R12=000000000000000a R13=0000000080000000 R14=000000001ebb4598 R15=000000001f5a1038
RIP=000000001f593410 RFL=00000202 [-------] CPL=0 II=0 A20=1 SMM=0 HLT=0
ES =0030 0000000000000000 ffffffff 00cf9300 DPL=0 DS   [-WA]
CS =0038 0000000000000000 ffffffff 00af9a00 DPL=0 CS64 [-R-]
SS =0030 0000000000000000 ffffffff 00cf9300 DPL=0 DS   [-WA]
DS =0030 0000000000000000 ffffffff 00cf9300 DPL=0 DS   [-WA]
FS =0030 0000000000000000 ffffffff 00cf9300 DPL=0 DS   [-WA]
GS =0030 0000000000000000 ffffffff 00cf9300 DPL=0 DS   [-WA]
LDT=0000 0000000000000000 0000ffff 00008200 DPL=0 LDT
TR =0000 0000000000000000 0000ffff 00008b00 DPL=0 TSS64-busy
GDT=     000000001f9eea98 00000047
IDT=     000000001f586018 00000fff
CR0=80010033 CR2=0000000000000000 CR3=000000001fc01000 CR4=00000668
DR0=0000000000000000 DR1=0000000000000000 DR2=0000000000000000 DR3=0000000000000000 
DR6=00000000ffff0ff0 DR7=0000000000000400
CCS=0000000000000000 CCD=0000000000000002 CCO=EFLAGS
EFER=0000000000000d00
Servicing hardware INT=0x68
   120: v=68 e=0000 i=0 cpl=0 IP=0038:000000001f593426 pc=000000001f593426 SP=0030:000000001febd520 env->regs[R_EAX]=0000000000015494
RAX=0000000000015494 RBX=00000000803aadb0 RCX=0000000000000004 RDX=0000000000000000
RSI=0000000000000004 RDI=0000000000100000 RBP=0000000000100000 RSP=000000001febd520
R8 =000000001febd66c R9 =0000000000000000 R10=00000000000fffff R11=0000000000000002
R12=000000000000000a R13=0000000080000000 R14=000000001ebb4598 R15=000000001f5a1038
RIP=000000001f593426 RFL=00000246 [---Z-P-] CPL=0 II=0 A20=1 SMM=0 HLT=0
ES =0030 0000000000000000 ffffffff 00cf9300 DPL=0 DS   [-WA]
CS =0038 0000000000000000 ffffffff 00af9a00 DPL=0 CS64 [-R-]
SS =0030 0000000000000000 ffffffff 00cf9300 DPL=0 DS   [-WA]
DS =0030 0000000000000000 ffffffff 00cf9300 DPL=0 DS   [-WA]
FS =0030 0000000000000000 ffffffff 00cf9300 DPL=0 DS   [-WA]
GS =0030 0000000000000000 ffffffff 00cf9300 DPL=0 DS   [-WA]
LDT=0000 0000000000000000 0000ffff 00008200 DPL=0 LDT
TR =0000 0000000000000000 0000ffff 00008b00 DPL=0 TSS64-busy
GDT=     000000001f9eea98 00000047
IDT=     000000001f586018 00000fff
CR0=80010033 CR2=0000000000000000 CR3=000000001fc01000 CR4=00000668
DR0=0000000000000000 DR1=0000000000000000 DR2=0000000000000000 DR3=0000000000000000 
DR6=00000000ffff0ff0 DR7=0000000000000400
CCS=0000000000000044 CCD=0000000000000000 CCO=EFLAGS
EFER=0000000000000d00
Servicing hardware INT=0x68
   121: v=68 e=0000 i=0 cpl=0 IP=0038:000000001f5933fe pc=000000001f5933fe SP=0030:000000001febd520 env->regs[R_EAX]=00000000000cd589
RAX=00000000000cd589 RBX=00000000800ca9dc RCX=0000000000000004 RDX=0000000000000000
RSI=0000000000000004 RDI=0000000000100000 RBP=0000000000100000 RSP=000000001febd520
R8 =000000001febd66c R9 =0000000000000000 R10=00000000000fffff R11=0000000000000002
R12=000000000000000a R13=0000000080000000 R14=000000001ebb4598 R15=000000001f5a1038
RIP=000000001f5933fe RFL=00000202 [-------] CPL=0 II=0 A20=1 SMM=0 HLT=0
ES =0030 0000000000000000 ffffffff 00cf9300 DPL=0 DS   [-WA]
CS =0038 0000000000000000 ffffffff 00af9a00 DPL=0 CS64 [-R-]
SS =0030 0000000000000000 ffffffff 00cf9300 DPL=0 DS   [-WA]
DS =0030 0000000000000000 ffffffff 00cf9300 DPL=0 DS   [-WA]
FS =0030 0000000000000000 ffffffff 00cf9300 DPL=0 DS   [-WA]
GS =0030 0000000000000000 ffffffff 00cf9300 DPL=0 DS   [-WA]
LDT=0000 0000000000000000 0000ffff 00008200 DPL=0 LDT
TR =0000 0000000000000000 0000ffff 00008b00 DPL=0 TSS64-busy
GDT=     000000001f9eea98 00000047
IDT=     000000001f586018 00000fff
CR0=80010033 CR2=0000000000000000 CR3=000000001fc01000 CR4=00000668
DR0=0000000000000000 DR1=0000000000000000 DR2=0000000000000000 DR3=0000000000000000 
DR6=00000000ffff0ff0 DR7=0000000000000400
CCS=0000000000000000 CCD=00000000000cd589 CCO=EFLAGS
EFER=0000000000000d00
Servicing hardware INT=0x68
   122: v=68 e=0000 i=0 cpl=0 IP=0038:000000001f593420 pc=000000001f593420 SP=0030:000000001febd520 env->regs[R_EAX]=000000000005e033
RAX=000000000005e033 RBX=0000000080287f34 RCX=0000000000000004 RDX=0000000000000000
RSI=0000000000000004 RDI=0000000000100000 RBP=0000000000100000 RSP=000000001febd520
R8 =000000001febd66c R9 =0000000000000000 R10=00000000000fffff R11=0000000000000002
R12=000000000000000a R13=0000000080000000 R14=000000001ebb4598 R15=000000001f5a1038
RIP=000000001f593420 RFL=00000202 [-------] CPL=0 II=0 A20=1 SMM=0 HLT=0
ES =0030 0000000000000000 ffffffff 00cf9300 DPL=0 DS   [-WA]
CS =0038 0000000000000000 ffffffff 00af9a00 DPL=0 CS64 [-R-]
SS =0030 0000000000000000 ffffffff 00cf9300 DPL=0 DS   [-WA]
DS =0030 0000000000000000 ffffffff 00cf9300 DPL=0 DS   [-WA]
FS =0030 0000000000000000 ffffffff 00cf9300 DPL=0 DS   [-WA]
GS =0030 0000000000000000 ffffffff 00cf9300 DPL=0 DS   [-WA]
LDT=0000 0000000000000000 0000ffff 00008200 DPL=0 LDT
TR =0000 0000000000000000 0000ffff 00008b00 DPL=0 TSS64-busy
GDT=     000000001f9eea98 00000047
IDT=     000000001f586018 00000fff
CR0=80010033 CR2=0000000000000000 CR3=000000001fc01000 CR4=00000668
DR0=0000000000000000 DR1=0000000000000000 DR2=0000000000000000 DR3=0000000000000000 
DR6=00000000ffff0ff0 DR7=0000000000000400
CCS=0000000000000000 CCD=0000000000000001 CCO=EFLAGS
EFER=0000000000000d00
Servicing hardware INT=0x68
   123: v=68 e=0000 i=0 cpl=0 IP=0038:000000001ec2ef0a pc=000000001ec2ef0a SP=0030:000000001febd5c0 env->regs[R_EAX]=0000000000000000
RAX=0000000000000000 RBX=0000000000300000 RCX=0000000000040001 RDX=0000000080000000
RSI=0000000000000004 RDI=00000000801ffffc RBP=000000001ebaa018 RSP=000000001febd5c0
R8 =0000000000000000 R9 =0000000000000300 R10=000000001febd6b8 R11=00000000000000ff
R12=0000000000000000 R13=0000000080300000 R14=000000001ebb4598 R15=000000001f5a1038
RIP=000000001ec2ef0a RFL=00010206 [-----P-] CPL=0 II=0 A20=1 SMM=0 HLT=0
ES =0030 0000000000000000 ffffffff 00cf9300 DPL=0 DS   [-WA]
CS =0038 0000000000000000 ffffffff 00af9a00 DPL=0 CS64 [-R-]
SS =0030 0000000000000000 ffffffff 00cf9300 DPL=0 DS   [-WA]
DS =0030 0000000000000000 ffffffff 00cf9300 DPL=0 DS   [-WA]
FS =0030 0000000000000000 ffffffff 00cf9300 DPL=0 DS   [-WA]
GS =0030 0000000000000000 ffffffff 00cf9300 DPL=0 DS   [-WA]
LDT=0000 0000000000000000 0000ffff 00008200 DPL=0 LDT
TR =0000 0000000000000000 0000ffff 00008b00 DPL=0 TSS64-busy
GDT=     000000001f9eea98 00000047
IDT=     000000001f586018 00000fff
CR0=80010033 CR2=0000000000000000 CR3=000000001fc01000 CR4=00000668
DR0=0000000000000000 DR1=0000000000000000 DR2=0000000000000000 DR3=0000000000000000 
DR6=00000000ffff0ff0 DR7=0000000000000400
CCS=0000000000000004 CCD=0000000080300000 CCO=EFLAGS
EFER=0000000000000d00
Servicing hardware INT=0x21
   124: v=21 e=0000 i=0 cpl=0 IP=0038:000000001e426915 pc=000000001e426915 SP=0030:000000001febd488 env->regs[R_EAX]=0000000000000020
RAX=0000000000000020 RBX=000000001febd550 RCX=0000000000000064 RDX=0000000000000064
RSI=000000001fed3ba0 RDI=000000001ebb1a98 RBP=000000001febd7b8 RSP=000000001febd488
R8 =0000000000008e00 R9 =000000001e52e020 R10=0000000000000000 R11=000000001e52d020
R12=000000001febd7c0 R13=000000001febd7a4 R14=000000001ebb4598 R15=0000000000000004
RIP=000000001e426915 RFL=00000246 [---Z-P-] CPL=0 II=0 A20=1 SMM=0 HLT=0
ES =0030 0000000000000000 ffffffff 00cf9300 DPL=0 DS   [-WA]
CS =0038 0000000000000000 ffffffff 00af9a00 DPL=0 CS64 [-R-]
SS =0030 0000000000000000 ffffffff 00cf9300 DPL=0 DS   [-WA]
DS =0030 0000000000000000 ffffffff 00cf9300 DPL=0 DS   [-WA]
FS =0030 0000000000000000 ffffffff 00cf9300 DPL=0 DS   [-WA]
GS =0030 0000000000000000 ffffffff 00cf9300 DPL=0 DS   [-WA]
LDT=0000 0000000000000000 0000ffff 00008200 DPL=0 LDT
TR =0000 0000000000000000 0000ffff 00008b00 DPL=0 TSS64-busy
GDT=     000000001f9eea98 00000047
IDT=     000000001e52d020 00000fff
CR0=80010033 CR2=0000000000000000 CR3=000000001fc01000 CR4=00000668
DR0=0000000000000000 DR1=0000000000000000 DR2=0000000000000000 DR3=0000000000000000 
DR6=00000000ffff0ff0 DR7=0000000000000400
CCS=ffffffffffffffff CCD=0000000000000000 CCO=LOGICB
EFER=0000000000000d00
Servicing hardware INT=0x2c
   125: v=2c e=0000 i=0 cpl=0 IP=0038:000000001e426915 pc=000000001e426915 SP=0030:000000001febd488 env->regs[R_EAX]=00000000000000f6
RAX=00000000000000f6 RBX=0000000000000047 RCX=0000000000000060 RDX=0000000000000060
RSI=000000001fed3ba0 RDI=000000001ebb1a98 RBP=000000001febd7b8 RSP=000000001febd488
R8 =0000000000008e00 R9 =000000001e52e020 R10=0000000000000000 R11=000000001e52d020
R12=000000001febd7c0 R13=000000001febd7a4 R14=000000001ebb4598 R15=0000000000000004
RIP=000000001e426915 RFL=00000246 [---Z-P-] CPL=0 II=0 A20=1 SMM=0 HLT=0
ES =0030 0000000000000000 ffffffff 00cf9300 DPL=0 DS   [-WA]
CS =0038 0000000000000000 ffffffff 00af9a00 DPL=0 CS64 [-R-]
SS =0030 0000000000000000 ffffffff 00cf9300 DPL=0 DS   [-WA]
DS =0030 0000000000000000 ffffffff 00cf9300 DPL=0 DS   [-WA]
FS =0030 0000000000000000 ffffffff 00cf9300 DPL=0 DS   [-WA]
GS =0030 0000000000000000 ffffffff 00cf9300 DPL=0 DS   [-WA]
LDT=0000 0000000000000000 0000ffff 00008200 DPL=0 LDT
TR =0000 0000000000000000 0000ffff 00008b00 DPL=0 TSS64-busy
GDT=     000000001f9eea98 00000047
IDT=     000000001e52d020 00000fff
CR0=80010033 CR2=0000000000000000 CR3=000000001fc01000 CR4=00000668
DR0=0000000000000000 DR1=0000000000000000 DR2=0000000000000000 DR3=0000000000000000 
DR6=00000000ffff0ff0 DR7=0000000000000400
CCS=0000000000000001 CCD=0000000000000000 CCO=LOGICB
EFER=0000000000000d00
Servicing hardware INT=0x2c
   126: v=2c e=0000 i=0 cpl=0 IP=0038:000000001e426915 pc=000000001e426915 SP=0030:000000001febd488 env->regs[R_EAX]=00000000000000f4
RAX=00000000000000f4 RBX=0000000000000047 RCX=0000000000000060 RDX=0000000000000060
RSI=000000001fed3ba0 RDI=000000001ebb1a98 RBP=000000001febd7b8 RSP=000000001febd488
R8 =0000000000008e00 R9 =000000001e52e020 R10=0000000000000000 R11=000000001e52d020
R12=000000001febd7c0 R13=000000001febd7a4 R14=000000001ebb4598 R15=0000000000000004
RIP=000000001e426915 RFL=00000246 [---Z-P-] CPL=0 II=0 A20=1 SMM=0 HLT=0
ES =0030 0000000000000000 ffffffff 00cf9300 DPL=0 DS   [-WA]
CS =0038 0000000000000000 ffffffff 00af9a00 DPL=0 CS64 [-R-]
SS =0030 0000000000000000 ffffffff 00cf9300 DPL=0 DS   [-WA]
DS =0030 0000000000000000 ffffffff 00cf9300 DPL=0 DS   [-WA]
FS =0030 0000000000000000 ffffffff 00cf9300 DPL=0 DS   [-WA]
GS =0030 0000000000000000 ffffffff 00cf9300 DPL=0 DS   [-WA]
LDT=0000 0000000000000000 0000ffff 00008200 DPL=0 LDT
TR =0000 0000000000000000 0000ffff 00008b00 DPL=0 TSS64-busy
GDT=     000000001f9eea98 00000047
IDT=     000000001e52d020 00000fff
CR0=80010033 CR2=0000000000000000 CR3=000000001fc01000 CR4=00000668
DR0=0000000000000000 DR1=0000000000000000 DR2=0000000000000000 DR3=0000000000000000 
DR6=00000000ffff0ff0 DR7=0000000000000400
CCS=0000000000000001 CCD=0000000000000000 CCO=LOGICB
EFER=0000000000000d00
Servicing hardware INT=0x21
   127: v=21 e=0000 i=0 cpl=0 IP=0038:000000001e4254e1 pc=000000001e4254e1 SP=0030:000000001febd4f0 env->regs[R_EAX]=0000000000989680
RAX=0000000000989680 RBX=000000001e428004 RCX=0000000080000000 RDX=0000000000141e32
RSI=000000001e428000 RDI=000000001ebb1a98 RBP=000000001febd7b8 RSP=000000001febd4f0
R8 =000000001e124000 R9 =00000000000000ff R10=00000000000000b2 R11=000000000000004d
R12=000000001febd7c0 R13=000000001febd7a4 R14=000000001ebb4598 R15=0000000000000004
RIP=000000001e4254e1 RFL=00000212 [----A--] CPL=0 II=0 A20=1 SMM=0 HLT=0
ES =0030 0000000000000000 ffffffff 00cf9300 DPL=0 DS   [-WA]
CS =0038 0000000000000000 ffffffff 00af9a00 DPL=0 CS64 [-R-]
SS =0030 0000000000000000 ffffffff 00cf9300 DPL=0 DS   [-WA]
DS =0030 0000000000000000 ffffffff 00cf9300 DPL=0 DS   [-WA]
FS =0030 0000000000000000 ffffffff 00cf9300 DPL=0 DS   [-WA]
GS =0030 0000000000000000 ffffffff 00cf9300 DPL=0 DS   [-WA]
LDT=0000 0000000000000000 0000ffff 00008200 DPL=0 LDT
TR =0000 0000000000000000 0000ffff 00008b00 DPL=0 TSS64-busy
GDT=     000000001f9eea98 00000047
IDT=     000000001e52d020 00000fff
CR0=80010033 CR2=0000000000000000 CR3=000000001fc01000 CR4=00000668
DR0=0000000000000000 DR1=0000000000000000 DR2=0000000000000000 DR3=0000000000000000 
DR6=00000000ffff0ff0 DR7=0000000000000400
CCS=0000000000000010 CCD=0000000000000001 CCO=EFLAGS
EFER=0000000000000d00
