#pragma once

#include <stdint.h>

const uint8_t icon-folder[] = {
    0x00, 0x00, 0x00, 0x00,     0x00, 0x00, 0x00, 0x00,     0x00, 0x00, 0x00, 0x00,     0x00, 0x00, 0x00, 0x00,
    0x00, 0x00, 0x00, 0x00,     0x00, 0x00, 0x00, 0x00,     0x00, 0x00, 0x00, 0x00,     0x00, 0x00, 0x00, 0x00,
    0x00, 0x00, 0x00, 0x00,     0x00, 0x00, 0x00, 0x00,     0x00, 0x00, 0x00, 0x00,     0x00, 0x00, 0x00, 0x00,
    0x00, 0x00, 0x00, 0x00,     0x00, 0x00, 0x00, 0x00,     0x00, 0x00, 0x00, 0x00,     0x00, 0x00, 0x00, 0x00,
    0x00, 0x00, 0x00, 0x00,     0x00, 0x00, 0x00, 0x00,     0x00, 0x00, 0x00, 0x00,     0x00, 0x00, 0x00, 0x00,
    0x00, 0x00, 0x00, 0x00,     0x00, 0x00, 0x00, 0x00,     0x00, 0x00, 0x00, 0x00,     0x00, 0x00, 0x00, 0x00,
    0x00, 0x00, 0x00, 0x00,     0x00, 0x00, 0x00, 0x00,     0x00, 0x00, 0x00, 0x00,     0x00, 0x00, 0x00, 0x00,
    0x00, 0x00, 0x00, 0x00,     0x00, 0x00, 0x00, 0x00,     0x00, 0x00, 0x00, 0x00,     0x00, 0x00, 0x00, 0x00,
    0x00, 0x00, 0x00, 0x00,     0x00, 0x00, 0x00, 0x00,     0x00, 0x00, 0x00, 0x00,     0x00, 0x00, 0x00, 0x00,
    0x00, 0x00, 0x00, 0x00,     0x00, 0x00, 0x00, 0x00,     0x00, 0x00, 0x00, 0x00,     0x00, 0x00, 0x00, 0x00,
    0x00, 0x00, 0x00, 0x00,     0x00, 0x00, 0x00, 0x00,     0x00, 0x00, 0x00, 0x00,     0x00, 0x00, 0x00, 0x00,
    0x00, 0x00, 0x00, 0x00,     0x00, 0x00, 0x00, 0x00,     0x00, 0x00, 0x00, 0x00,     0x00, 0x00, 0x00, 0x00,
    0x00, 0x00, 0x00, 0x00,     0x00, 0x00, 0x00, 0x00,     0x00, 0x00, 0x00, 0x00,     0x00, 0x00, 0x00, 0x00,
    0x00, 0x00, 0x00, 0x00,     0x00, 0x00, 0x00, 0x00,     0x00, 0x00, 0x00, 0x00,     0x00, 0x00, 0x00, 0x00,
    0x00, 0x00, 0x00, 0x00,     0x00, 0x00, 0x00, 0x00,     0x00, 0x00, 0x00, 0x00,     0x00, 0x00, 0x00, 0x00,
    0x00, 0x00, 0x00, 0x00,     0x00, 0x00, 0x00, 0x00,     0x00, 0x00, 0x00, 0x00,     0x00, 0x00, 0x00, 0x00,
    0x00, 0x00, 0x00, 0x00,     0x00, 0x00, 0x00, 0x00,     0x00, 0x00, 0x00, 0x00,     0x00, 0x00, 0x00, 0x00,
    0x00, 0x00, 0x00, 0x00,     0x00, 0x00, 0x00, 0x00,     0x00, 0x00, 0x00, 0x00,     0x00, 0x00, 0x00, 0x00,
    0x00, 0x00, 0x00, 0x00,     0x00, 0x00, 0x00, 0x00,     0x00, 0x00, 0x00, 0x00,     0x00, 0x00, 0x00, 0x00,
    0x00, 0x00, 0x00, 0x00,     0x00, 0x00, 0x00, 0x00,     0x00, 0x00, 0x00, 0x00,     0x00, 0x00, 0x00, 0x00,
    0x00, 0x00, 0x00, 0x00,     0x00, 0x00, 0x00, 0x00,     0x00, 0x00, 0x00, 0x00,     0x00, 0x00, 0x00, 0x00,
    0x00, 0x00, 0x00, 0x00,     0x00, 0x00, 0x00, 0x00,     0x00, 0x00, 0x00, 0x00,     0x00, 0x00, 0x00, 0x00,
    0x00, 0x00, 0x00, 0x00,     0x00, 0x00, 0x00, 0x00,     0x00, 0x00, 0x00, 0x00,     0x00, 0x00, 0x00, 0x00,
    0x00, 0x00, 0x00, 0x00,     0x00, 0x00, 0x00, 0x00,     0x00, 0x00, 0x00, 0x00,     0x00, 0x00, 0x00, 0x00,
    0x00, 0x00, 0x00, 0x00,     0x00, 0x00, 0x00, 0x00,     0x00, 0x00, 0x00, 0x00,     0x00, 0x00, 0x00, 0x00,
    0x00, 0x00, 0x00, 0x00,     0x00, 0x00, 0x00, 0x00,     0x00, 0x00, 0x00, 0x00,     0x00, 0x00, 0x00, 0x00,
    0x00, 0x00, 0x00, 0x00,     0x00, 0x00, 0x00, 0x00,     0x00, 0x00, 0x00, 0x00,     0x00, 0x00, 0x00, 0x00,
    0x00, 0x00, 0x00, 0x00,     0x00, 0x00, 0x00, 0x00,     0x00, 0x00, 0x00, 0x00,     0x00, 0x00, 0x00, 0x00,
    0x00, 0x00, 0x00, 0x00,     0x00, 0x00, 0x00, 0x00,     0x00, 0x00, 0x00, 0x00,     0x00, 0x00, 0x00, 0x00,
    0x00, 0x00, 0x00, 0x00,     0x00, 0x00, 0x00, 0x00,     0x00, 0x00, 0x00, 0x00,     0x00, 0x00, 0x00, 0x00,
    0x00, 0x00, 0x00, 0x00,     0x00, 0x00, 0x00, 0x00,     0x00, 0x00, 0x00, 0x00,     0x00, 0x00, 0x00, 0x00,
    0x00, 0x00, 0x00, 0x00,     0x00, 0x00, 0x00, 0x00,     0x00, 0x00, 0x00, 0x00,     0x00, 0x00, 0x00, 0x00,
    0x00, 0x00, 0x00, 0x00,     0x00, 0x00, 0x00, 0x00,     0x00, 0x00, 0x00, 0x00,     0x00, 0x00, 0x00, 0x00,
    0x00, 0x00, 0x00, 0x00,     0x00, 0x00, 0x00, 0x00,     0x00, 0x00, 0x00, 0x00,     0x00, 0x00, 0x00, 0x00,
    0x00, 0x00, 0x00, 0x00,     0x00, 0x00, 0x00, 0x00,     0x00, 0x00, 0x00, 0x00,     0x00, 0x00, 0x00, 0x00,
    0x00, 0x00, 0x00, 0x00,     0x00, 0x00, 0x00, 0x00,     0x00, 0x00, 0x00, 0x00,     0x00, 0x00, 0x00, 0x00,
    0x00, 0x00, 0x00, 0x00,     0x00, 0x00, 0x00, 0x00,     0x00, 0x00, 0x00, 0x00,     0x00, 0x00, 0x00, 0x00,
    0x00, 0x00, 0x00, 0x00,     0x00, 0x00, 0x00, 0x00,     0x00, 0x00, 0x00, 0x00,     0x00, 0x00, 0x00, 0x00,
    0x00, 0x00, 0x00, 0x00,     0x00, 0x00, 0x00, 0x00,     0x00, 0x00, 0x00, 0x00,     0x00, 0x00, 0x00, 0x00,
    0x00, 0x00, 0x00, 0x00,     0x00, 0x00, 0x00, 0x00,     0x00, 0x00, 0x00, 0x00,     0x00, 0x00, 0x00, 0x00,
    0x00, 0x00, 0x00, 0x00,     0x00, 0x00, 0x00, 0x00,     0x00, 0x00, 0x00, 0x00,     0x00, 0x00, 0x00, 0x00,
    0x00, 0x00, 0x00, 0x00,     0x00, 0x00, 0x00, 0x00,     0x00, 0x00, 0x00, 0x00,     0x00, 0x00, 0x00, 0x00,
    0x00, 0x00, 0x00, 0x00,     0x00, 0x00, 0x00, 0x00,     0x00, 0x00, 0x00, 0x00,     0x00, 0x00, 0x00, 0x00,
    0x00, 0x00, 0x00, 0x00,     0x00, 0x00, 0x00, 0x00,     0x00, 0x00, 0x00, 0x00,     0x00, 0x00, 0x00, 0x00,
    0x00, 0x00, 0x00, 0x00,     0x00, 0x00, 0x00, 0x00,     0x00, 0x00, 0x00, 0x00,     0x00, 0x00, 0x00, 0x00,
    0x00, 0x00, 0x00, 0x00,     0x00, 0x00, 0x00, 0x00,     0x00, 0x00, 0x00, 0x00,     0x00, 0x00, 0x00, 0x00,
    0x00, 0x00, 0x00, 0x00,     0x00, 0x00, 0x00, 0x00,     0x00, 0x00, 0x00, 0x00,     0x00, 0x00, 0x00, 0x00,
    0x00, 0x00, 0x00, 0x00,     0x00, 0x00, 0x00, 0x00,     0x00, 0x00, 0x00, 0x00,     0x00, 0x00, 0x00, 0x00,
    0x00, 0x00, 0x00, 0x00,     0x00, 0x00, 0x00, 0x00,     0x00, 0x00, 0x00, 0x00,     0x00, 0x00, 0x00, 0x00,
    0x00, 0x00, 0x00, 0x00,     0x00, 0x00, 0x00, 0x00,     0x00, 0x00, 0x00, 0x00,     0x00, 0x00, 0x00, 0x00,
    0x00, 0x00, 0x00, 0x00,     0x00, 0x00, 0x00, 0x00,     0x00, 0x00, 0x00, 0x00,     0x00, 0x00, 0x00, 0x00,
    0x00, 0x00, 0x00, 0x00,     0x00, 0x00, 0x00, 0x00,     0x00, 0x00, 0x00, 0x00,     0x00, 0x00, 0x00, 0x00,
    0x00, 0x00, 0x00, 0x00,     0x00, 0x00, 0x00, 0x00,     0x00, 0x00, 0x00, 0x00,     0x00, 0x00, 0x00, 0x00,
    0x00, 0x00, 0x00, 0x00,     0x00, 0x00, 0x00, 0x00,     0x00, 0x00, 0x00, 0x00,     0x00, 0x00, 0x00, 0x00,
    0x00, 0x00, 0x00, 0x00,     0x00, 0x00, 0x00, 0x00,     0x00, 0x00, 0x00, 0x00,     0x00, 0x00, 0x00, 0x00,
    0x00, 0x00, 0x00, 0x00,     0x00, 0x00, 0x00, 0x00,     0x00, 0x00, 0x00, 0x00,     0x00, 0x00, 0x00, 0x00,
    0x00, 0x00, 0x00, 0x00,     0x00, 0x00, 0x00, 0x00,     0x00, 0x00, 0x00, 0x00,     0x00, 0x00, 0x00, 0x00,
    0x00, 0x00, 0x00, 0x00,     0x00, 0x00, 0x00, 0x00,     0x00, 0x00, 0x00, 0x00,     0x00, 0x00, 0x00, 0x00,
    0x00, 0x00, 0x00, 0x00,     0x00, 0x00, 0x00, 0x00,     0x00, 0x00, 0x00, 0x00,     0x00, 0x00, 0x00, 0x00,
    0x00, 0x00, 0x00, 0x00,     0x00, 0x00, 0x00, 0x00,     0x00, 0x00, 0x00, 0x00,     0x00, 0x00, 0x00, 0x00,
    0x00, 0x00, 0x00, 0x00,     0x00, 0x00, 0x00, 0x00,     0x00, 0x00, 0x00, 0x00,     0x00, 0x00, 0x00, 0x00,
    0x00, 0x00, 0x00, 0x00,     0x00, 0x00, 0x00, 0x00,     0x00, 0x00, 0x00, 0x00,     0x00, 0x00, 0x00, 0x00,
    0x00, 0x00, 0x00, 0x00,     0x00, 0x00, 0x00, 0x00,     0x00, 0x00, 0x00, 0x00,     0x00, 0x00, 0x00, 0x00,
    0x00, 0x00, 0x00, 0x00,     0x00, 0x00, 0x00, 0x00,     0x00, 0x00, 0x00, 0x00,     0x00, 0x00, 0x00, 0x00,
    0x00, 0x00, 0x00, 0x00,     0x00, 0x00, 0x00, 0x00,     0x00, 0x00, 0x00, 0x00,     0x00, 0x00, 0x00, 0x00,
    0x00, 0x00, 0x00, 0x00,     0x00, 0x00, 0x00, 0x00,     0x00, 0x00, 0x00, 0x00,     0x00, 0x00, 0x00, 0x00,
    0x00, 0x00, 0x00, 0x00,     0x00, 0x00, 0x00, 0x00,     0x00, 0x00, 0x00, 0x00,     0x00, 0x00, 0x00, 0x00,
    0x00, 0x00, 0x00, 0x00,     0x00, 0x00, 0x00, 0x00,     0x00, 0x00, 0x00, 0x00,     0x00, 0x00, 0x00, 0x00,
    0x00, 0x00, 0x00, 0x00,     0x00, 0x00, 0x00, 0x00,     0x00, 0x00, 0x00, 0x00,     0x00, 0x00, 0x00, 0x00,
    0x00, 0x00, 0x00, 0x00,     0x00, 0x00, 0x00, 0x00,     0x00, 0x00, 0x00, 0x00,     0x00, 0x00, 0x00, 0x00,
    0x00, 0x00, 0x00, 0x00,     0x00, 0x00, 0x00, 0x00,     0x00, 0x00, 0x00, 0x00,     0x00, 0x00, 0x00, 0x00,
    0x00, 0x00, 0x00, 0x00,     0x00, 0x00, 0x00, 0x00,     0x00, 0x00, 0x00, 0x00,     0x00, 0x00, 0x00, 0x00,
    0x00, 0x00, 0x00, 0x00,     0x00, 0x00, 0x00, 0x00,     0x00, 0x00, 0x00, 0x00,     0x00, 0x00, 0x00, 0x00,
    0x00, 0x00, 0x00, 0x00,     0x00, 0x00, 0x00, 0x00,     0x00, 0x00, 0x00, 0x00,     0x00, 0x00, 0x00, 0x00,
    0x00, 0x00, 0x00, 0x00,     0x00, 0x00, 0x00, 0x00,     0x00, 0x00, 0x00, 0x00,     0x00, 0x00, 0x00, 0x00,
    0x00, 0x00, 0x00, 0x00,     0x00, 0x00, 0x00, 0x00,     0x00, 0x00, 0x00, 0x00,     0x00, 0x00, 0x00, 0x00,
    0x00, 0x00, 0x00, 0x00,     0x00, 0x00, 0x00, 0x00,     0x00, 0x00, 0x00, 0x00,     0x00, 0x00, 0x00, 0x00,
    0x00, 0x00, 0x00, 0x00,     0x00, 0x00, 0x00, 0x00,     0x00, 0x00, 0x00, 0x00,     0x00, 0x00, 0x00, 0x00,
    0x00, 0x00, 0x00, 0x00,     0x00, 0x00, 0x00, 0x00,     0x00, 0x00, 0x00, 0x00,     0x00, 0x00, 0x00, 0x00,
    0x00, 0x00, 0x00, 0x00,     0x00, 0x00, 0x00, 0x00,     0x00, 0x00, 0x00, 0x00,     0x00, 0x00, 0x00, 0x00,
    0x00, 0x00, 0x00, 0x00,     0x00, 0x00, 0x00, 0x00,     0x00, 0x00, 0x00, 0x00,     0x00, 0x00, 0x00, 0x00,
    0x00, 0x00, 0x00, 0x00,     0x00, 0x00, 0x00, 0x00,     0x00, 0x00, 0x00, 0x00,     0x00, 0x00, 0x00, 0x00,
    0x00, 0x00, 0x00, 0x00,     0x00, 0x00, 0x00, 0x00,     0x00, 0x00, 0x00, 0x00,     0x00, 0x00, 0x00, 0x00,
    0x00, 0x00, 0x00, 0x00,     0x00, 0x00, 0x00, 0x00,     0x00, 0x00, 0x00, 0x00,     0x00, 0x00, 0x00, 0x00,
    0x00, 0x00, 0x00, 0x00,     0x00, 0x00, 0x00, 0x00,     0x00, 0x00, 0x00, 0x00,     0x00, 0x00, 0x00, 0x00,
    0x00, 0x00, 0x00, 0x00,     0x00, 0x00, 0x00, 0x00,     0x00, 0x00, 0x00, 0x00,     0x00, 0x00, 0x00, 0x00,
    0x00, 0x00, 0x00, 0x00,     0x00, 0x00, 0x00, 0x00,     0x00, 0x00, 0x00, 0x00,     0x00, 0x00, 0x00, 0x00,
    0x00, 0x00, 0x00, 0x00,     0x00, 0x00, 0x00, 0x00,     0x00, 0x00, 0x00, 0x00,     0x00, 0x00, 0x00, 0x00,
    0x00, 0x00, 0x00, 0x00,     0x00, 0x00, 0x00, 0x00,     0x00, 0x00, 0x00, 0x00,     0x00, 0x00, 0x00, 0x00,
    0x00, 0x00, 0x00, 0x00,     0x00, 0x00, 0x00, 0x00,     0x00, 0x00, 0x00, 0x00,     0x00, 0x00, 0x00, 0x00,
    0x00, 0x00, 0x00, 0x00,     0x00, 0x00, 0x00, 0x00,     0x00, 0x00, 0x00, 0x00,     0x00, 0x00, 0x00, 0x00,
    0x00, 0x00, 0x00, 0x00,     0x00, 0x00, 0x00, 0x00,     0x00, 0x00, 0x00, 0x00,     0x00, 0x00, 0x00, 0x00,
    0x00, 0x00, 0x00, 0x00,     0x00, 0x00, 0x00, 0x00,     0x00, 0x00, 0x00, 0x00,     0x00, 0x00, 0x00, 0x00,
    0x00, 0x00, 0x00, 0x00,     0x00, 0x00, 0x00, 0x00,     0x00, 0x00, 0x00, 0x00,     0x00, 0x00, 0x00, 0x00,
    0x00, 0x00, 0x00, 0x00,     0x00, 0x00, 0x00, 0x00,     0x00, 0x00, 0x00, 0x00,     0x00, 0x00, 0x00, 0x00,
    0x00, 0x00, 0x00, 0x00,     0x00, 0x00, 0x00, 0x00,     0x00, 0x00, 0x00, 0x00,     0x00, 0x00, 0x00, 0x00,
    0x00, 0x00, 0x00, 0x00,     0x00, 0x00, 0x00, 0x00,     0x00, 0x00, 0x00, 0x00,     0x00, 0x00, 0x00, 0x00,
    0x00, 0x00, 0x00, 0x00,     0x00, 0x00, 0x00, 0x00,     0x00, 0x00, 0x00, 0x00,     0x00, 0x00, 0x00, 0x00,
    0x00, 0x00, 0x00, 0x00,     0x00, 0x00, 0x00, 0x00,     0x00, 0x00, 0x00, 0x00,     0x00, 0x00, 0x00, 0x00,
    0x00, 0x00, 0x00, 0x00,     0x00, 0x00, 0x00, 0x00,     0x00, 0x00, 0x00, 0x00,     0x00, 0x00, 0x00, 0x00,
    0x00, 0x00, 0x00, 0x00,     0x00, 0x00, 0x00, 0x00,     0x00, 0x00, 0x00, 0x00,     0x00, 0x00, 0x00, 0x00,
    0x00, 0x00, 0x00, 0x00,     0x00, 0x00, 0x00, 0x00,     0x00, 0x00, 0x00, 0x00,     0x00, 0x00, 0x00, 0x00,
    0x00, 0x00, 0x00, 0x00,     0x00, 0x00, 0x00, 0x00,     0x00, 0x00, 0x00, 0x00,     0x00, 0x00, 0x00, 0x00,
    0x00, 0x00, 0x00, 0x00,     0x00, 0x00, 0x00, 0x00,     0x00, 0x00, 0x00, 0x00,     0x00, 0x00, 0x00, 0x00,
    0x00, 0x00, 0x00, 0x00,     0x00, 0x00, 0x00, 0x00,     0x00, 0x00, 0x00, 0x00,     0x00, 0x00, 0x00, 0x00,
    0x00, 0x00, 0x00, 0x00,     0x00, 0x00, 0x00, 0x00,     0x00, 0x00, 0x00, 0x00,     0x00, 0x00, 0x00, 0x00,
    0x00, 0x00, 0x00, 0x00,     0x00, 0x00, 0x00, 0x00,     0x00, 0x00, 0x00, 0x00,     0x00, 0x00, 0x00, 0x00,
    0x00, 0x00, 0x00, 0x00,     0x00, 0x00, 0x00, 0x00,     0x00, 0x00, 0x00, 0x00,     0x00, 0x00, 0x00, 0x00,
    0x00, 0x00, 0x00, 0x00,     0x00, 0x00, 0x00, 0x00,     0x00, 0x00, 0x00, 0x00,     0x00, 0x00, 0x00, 0x00,
    0x00, 0x00, 0x00, 0x00,     0x00, 0x00, 0x00, 0x00,     0x00, 0x00, 0x00, 0x00,     0x00, 0x00, 0x00, 0x00,
    0x00, 0x00, 0x00, 0x00,     0x00, 0x00, 0x00, 0x00,     0x00, 0x00, 0x00, 0x00,     0x00, 0x00, 0x00, 0x00,
    0x00, 0x00, 0x00, 0x00,     0x00, 0x00, 0x00, 0x00,     0x00, 0x00, 0x00, 0x00,     0x00, 0x00, 0x00, 0x00,
    0x00, 0x00, 0x00, 0x00,     0x00, 0x00, 0x00, 0x00,     0x00, 0x00, 0x00, 0x00,     0x00, 0x00, 0x00, 0x00,
    0x00, 0x00, 0x00, 0x00,     0x00, 0x00, 0x00, 0x00,     0x00, 0x00, 0x00, 0x00,     0x00, 0x00, 0x00, 0x00,
    0x00, 0x00, 0x00, 0x00,     0x00, 0x00, 0x00, 0x00,     0x00, 0x00, 0x00, 0x00,     0x00, 0x00, 0x00, 0x00,
    0x00, 0x00, 0x00, 0x00,     0x00, 0x00, 0x00, 0x00,     0x00, 0x00, 0x00, 0x00,     0x00, 0x00, 0x00, 0x00,
    0x00, 0x00, 0x00, 0x00,     0x00, 0x00, 0x00, 0x00,     0x00, 0x00, 0x00, 0x00,     0x00, 0x00, 0x00, 0x00,
    0x00, 0x00, 0x00, 0x00,     0x00, 0x00, 0x00, 0x00,     0x00, 0x00, 0x00, 0x00,     0x00, 0x00, 0x00, 0x00,
    0x00, 0x00, 0x00, 0x00,     0x00, 0x00, 0x00, 0x00,     0x00, 0x00, 0x00, 0x00,     0x00, 0x00, 0x00, 0x00,
    0x00, 0x00, 0x00, 0x00,     0x00, 0x00, 0x00, 0x00,     0x00, 0x00, 0x00, 0x00,     0x00, 0x00, 0x00, 0x00,
    0x00, 0x00, 0x00, 0x00,     0x00, 0x00, 0x00, 0x00,     0x00, 0x00, 0x00, 0x00,     0x00, 0x00, 0x00, 0x00,
    0x00, 0x00, 0x00, 0x00,     0x00, 0x00, 0x00, 0x00,     0x00, 0x00, 0x00, 0x00,     0x00, 0x00, 0x00, 0x00,
    0x00, 0x00, 0x00, 0x00,     0x00, 0x00, 0x00, 0x00,     0x00, 0x00, 0x00, 0x00,     0x00, 0x00, 0x00, 0x00,
    0x00, 0x00, 0x00, 0x00,     0x00, 0x00, 0x00, 0x00,     0x00, 0x00, 0x00, 0x00,     0x00, 0x00, 0x00, 0x00,
    0x00, 0x00, 0x00, 0x00,     0x00, 0x00, 0x00, 0x00,     0x00, 0x00, 0x00, 0x00,     0x00, 0x00, 0x00, 0x00,
    0x00, 0x00, 0x00, 0x00,     0x00, 0x00, 0x00, 0x00,     0x00, 0x00, 0x00, 0x00,     0x00, 0x00, 0x00, 0x00,
    0x00, 0x00, 0x00, 0x00,     0x00, 0x00, 0x00, 0x00,     0x00, 0x00, 0x00, 0x00,     0x00, 0x00, 0x00, 0x00,
    0x00, 0x00, 0x00, 0x00,     0x00, 0x00, 0x00, 0x00,     0x00, 0x00, 0x00, 0x00,     0x00, 0x00, 0x00, 0x00,
    0x00, 0x00, 0x00, 0x00,     0x00, 0x00, 0x00, 0x00,     0x00, 0x00, 0x00, 0x00,     0x00, 0x00, 0x00, 0x00,
    0x00, 0x00, 0x00, 0x00,     0x00, 0x00, 0x00, 0x00,     0x00, 0x00, 0x00, 0x00,     0x00, 0x00, 0x00, 0x00,
    0x00, 0x00, 0x00, 0x00,     0x00, 0x00, 0x00, 0x00,     0x00, 0x00, 0x00, 0x00,     0x00, 0x00, 0x00, 0x00,
    0x00, 0x00, 0x00, 0x00,     0x00, 0x00, 0x00, 0x00,     0x00, 0x00, 0x00, 0x00,     0x00, 0x00, 0x00, 0x00,
    0x00, 0x00, 0x00, 0x00,     0x00, 0x00, 0x00, 0x00,     0x00, 0x00, 0x00, 0x00,     0x00, 0x00, 0x00, 0x00,
    0x00, 0x00, 0x00, 0x00,     0x00, 0x00, 0x00, 0x00,     0x00, 0x00, 0x00, 0x00,     0x00, 0x00, 0x00, 0x00,
    0x00, 0x00, 0x00, 0x00,     0x00, 0x00, 0x00, 0x00,     0x00, 0x00, 0x00, 0x00,     0x00, 0x00, 0x00, 0x00,
    0x00, 0x00, 0x00, 0x00,     0x00, 0x00, 0x00, 0x00,     0x00, 0x00, 0x00, 0x00,     0x00, 0x00, 0x00, 0x00,
    0x00, 0x00, 0x00, 0x00,     0x00, 0x00, 0x00, 0x00,     0x00, 0x00, 0x00, 0x00,     0x00, 0x00, 0x00, 0x00,
    0x00, 0x00, 0x00, 0x00,     0x00, 0x00, 0x00, 0x00,     0x00, 0x00, 0x00, 0x00,     0x00, 0x00, 0x00, 0x00,
    0x00, 0x00, 0x00, 0x00,     0x00, 0x00, 0x00, 0x00,     0x00, 0x00, 0x00, 0x00,     0x00, 0x00, 0x00, 0x00,
    0x00, 0x00, 0x00, 0x00,     0x00, 0x00, 0x00, 0x00,     0x00, 0x00, 0x00, 0x00,     0x00, 0x00, 0x00, 0x00,
    0x00, 0x00, 0x00, 0x00,     0x00, 0x00, 0x00, 0x00,     0x00, 0x00, 0x00, 0x00,     0x00, 0x00, 0x00, 0x00,
    0x00, 0x00, 0x00, 0x00,     0x00, 0x00, 0x00, 0x00,     0x00, 0x00, 0x00, 0x00,     0x00, 0x00, 0x00, 0x00,
    0x00, 0x00, 0x00, 0x00,     0x00, 0x00, 0x00, 0x00,     0x00, 0x00, 0x00, 0x00,     0x00, 0x00, 0x00, 0x00,
    0x00, 0x00, 0x00, 0x00,     0x00, 0x00, 0x00, 0x00,     0x00, 0x00, 0x00, 0x00,     0x00, 0x00, 0x00, 0x00,
    0x00, 0x00, 0x00, 0x00,     0x00, 0x00, 0x00, 0x00,     0x00, 0x00, 0x00, 0x00,     0x00, 0x00, 0x00, 0x00,
    0x00, 0x00, 0x00, 0x00,     0x00, 0x00, 0x00, 0x00,     0x00, 0x00, 0x00, 0x00,     0x00, 0x00, 0x00, 0x00,
    0x00, 0x00, 0x00, 0x00,     0x00, 0x00, 0x00, 0x00,     0x00, 0x00, 0x00, 0x00,     0x00, 0x00, 0x00, 0x00,
    0x00, 0x00, 0x00, 0x00,     0x00, 0x00, 0x00, 0x00,     0x00, 0x00, 0x00, 0x00,     0x00, 0x00, 0x00, 0x00,
    0x00, 0x00, 0x00, 0x00,     0x00, 0x00, 0x00, 0x00,     0x00, 0x00, 0x00, 0x00,     0x00, 0x00, 0x00, 0x00,
    0x00, 0x00, 0x00, 0x00,     0x00, 0x00, 0x00, 0x00,     0x00, 0x00, 0x00, 0x00,     0x00, 0x00, 0x00, 0x00,
    0x00, 0x00, 0x00, 0x00,     0x00, 0x00, 0x00, 0x00,     0x00, 0x00, 0x00, 0x00,     0x00, 0x00, 0x00, 0x00,
    0x00, 0x00, 0x00, 0x00,     0x00, 0x00, 0x00, 0x00,     0x00, 0x00, 0x00, 0x00,     0x00, 0x00, 0x00, 0x00,
    0x00, 0x00, 0x00, 0x00,     0x00, 0x00, 0x00, 0x00,     0x00, 0x00, 0x00, 0x00,     0x00, 0x00, 0x00, 0x00,
    0x00, 0x00, 0x00, 0x00,     0x00, 0x00, 0x00, 0x00,     0x00, 0x00, 0x00, 0x00,     0x00, 0x00, 0x00, 0x00,
    0x00, 0x00, 0x00, 0x00,     0x00, 0x00, 0x00, 0x00,     0x00, 0x00, 0x00, 0x00,     0x00, 0x00, 0x00, 0x00,
    0x00, 0x00, 0x00, 0x00,     0x00, 0x00, 0x00, 0x00,     0x00, 0x00, 0x00, 0x00,     0x00, 0x00, 0x00, 0x00,
    0x00, 0x00, 0x00, 0x00,     0x00, 0x00, 0x00, 0x00,     0x00, 0x00, 0x00, 0x00,     0x00, 0x00, 0x00, 0x00,
    0x00, 0x00, 0x00, 0x00,     0x00, 0x00, 0x00, 0x00,     0x00, 0x00, 0x00, 0x00,     0x00, 0x00, 0x00, 0x00,
    0x00, 0x00, 0x00, 0x00,     0x00, 0x00, 0x00, 0x00,     0x00, 0x00, 0x00, 0x00,     0x00, 0x00, 0x00, 0x00,
    0x00, 0x00, 0x00, 0x00,     0x00, 0x00, 0x00, 0x00,     0x00, 0x00, 0x00, 0x00,     0x00, 0x00, 0x00, 0x00,
    0x00, 0x00, 0x00, 0x00,     0x00, 0x00, 0x00, 0x00,     0x00, 0x00, 0x00, 0x00,     0x00, 0x00, 0x00, 0x00,
    0x00, 0x00, 0x00, 0x00,     0x00, 0x00, 0x00, 0x00,     0x00, 0x00, 0x00, 0x00,     0x00, 0x00, 0x00, 0x00,
    0x00, 0x00, 0x00, 0x00,     0x00, 0x00, 0x00, 0x00,     0x00, 0x00, 0x00, 0x00,     0x00, 0x00, 0x00, 0x00,
    0x00, 0x00, 0x00, 0x00,     0x00, 0x00, 0x00, 0x00,     0x00, 0x00, 0x00, 0x00,     0x00, 0x00, 0x00, 0x00,
    0x00, 0x00, 0x00, 0x00,     0x00, 0x00, 0x00, 0x00,     0x00, 0x00, 0x00, 0x00,     0x00, 0x00, 0x00, 0x00,
    0x00, 0x00, 0x00, 0x00,     0x00, 0x00, 0x00, 0x00,     0x00, 0x00, 0x00, 0x00,     0x00, 0x00, 0x00, 0x00,
    0x00, 0x00, 0x00, 0x00,     0x00, 0x00, 0x00, 0x00,     0x00, 0x00, 0x00, 0x00,     0x00, 0x00, 0x00, 0x00,
    0x00, 0x00, 0x00, 0x00,     0x00, 0x00, 0x00, 0x00,     0x00, 0x00, 0x00, 0x00,     0x00, 0x00, 0x00, 0x00,
    0x00, 0x00, 0x00, 0x00,     0x00, 0x00, 0x00, 0x00,     0x00, 0x00, 0x00, 0x00,     0x00, 0x00, 0x00, 0x00,
    0x00, 0x00, 0x00, 0x00,     0x00, 0x00, 0x00, 0x00,     0x00, 0x00, 0x00, 0x00,     0x00, 0x00, 0x00, 0x00,
    0x00, 0x00, 0x00, 0x00,     0x00, 0x00, 0x00, 0x00,     0x00, 0x00, 0x00, 0x00,     0x00, 0x00, 0x00, 0x00,
    0x00, 0x00, 0x00, 0x00,     0x00, 0x00, 0x00, 0x00,     0x00, 0x00, 0x00, 0x00,     0x00, 0x00, 0x00, 0x00,
    0x00, 0x00, 0x00, 0x00,     0x00, 0x00, 0x00, 0x00,     0x00, 0x00, 0x00, 0x00,     0x00, 0x00, 0x00, 0x00,
    0x00, 0x00, 0x00, 0x00,     0x00, 0x00, 0x00, 0x00,     0x00, 0x00, 0x00, 0x00,     0x00, 0x00, 0x00, 0x00,
    0x00, 0x00, 0x00, 0x00,     0x00, 0x00, 0x00, 0x00,     0x00, 0x00, 0x00, 0x00,     0x00, 0x00, 0x00, 0x00,
    0x00, 0x00, 0x00, 0x00,     0x00, 0x00, 0x00, 0x00,     0x00, 0x00, 0x00, 0x00,     0x00, 0x00, 0x00, 0x00,
    0x00, 0x00, 0x00, 0x00,     0x00, 0x00, 0x00, 0x00,     0x00, 0x00, 0x00, 0x00,     0x00, 0x00, 0x00, 0x00,
    0x00, 0x00, 0x00, 0x00,     0x00, 0x00, 0x00, 0x00,     0x00, 0x00, 0x00, 0x00,     0x00, 0x00, 0x00, 0x00,
    0x00, 0x00, 0x00, 0x00,     0x00, 0x00, 0x00, 0x00,     0x00, 0x00, 0x00, 0x00,     0x00, 0x00, 0x00, 0x00,
    0x00, 0x00, 0x00, 0x00,     0x00, 0x00, 0x00, 0x00,     0x00, 0x00, 0x00, 0x00,     0x00, 0x00, 0x00, 0x00,
    0x00, 0x00, 0x00, 0x00,     0x00, 0x00, 0x00, 0x00,     0x00, 0x00, 0x00, 0x00,     0x00, 0x00, 0x00, 0x00,
    0x00, 0x00, 0x00, 0x00,     0x00, 0x00, 0x00, 0x00,     0x00, 0x00, 0x00, 0x00,     0x00, 0x00, 0x00, 0x00,
    0x00, 0x00, 0x00, 0x00,     0x00, 0x00, 0x00, 0x00,     0x00, 0x00, 0x00, 0x00,     0x00, 0x00, 0x00, 0x00,
    0x00, 0x00, 0x00, 0x00,     0x00, 0x00, 0x00, 0x00,     0x00, 0x00, 0x00, 0x00,     0x00, 0x00, 0x00, 0x00,
    0x00, 0x00, 0x00, 0x00,     0x00, 0x00, 0x00, 0x00,     0x00, 0x00, 0x00, 0x00,     0x00, 0x00, 0x00, 0x00,
    0x00, 0x00, 0x00, 0x00,     0x00, 0x00, 0x00, 0x00,     0x00, 0x00, 0x00, 0x00,     0x00, 0x00, 0x00, 0x00,
    0x00, 0x00, 0x00, 0x00,     0x00, 0x00, 0x00, 0x00,     0x00, 0x00, 0x00, 0x00,     0x00, 0x00, 0x00, 0x00,
    0x00, 0x00, 0x00, 0x00,     0x00, 0x00, 0x00, 0x00,     0x00, 0x00, 0x00, 0x00,     0x00, 0x00, 0x00, 0x00,
    0x00, 0x00, 0x00, 0x00,     0x00, 0x00, 0x00, 0x00,     0x00, 0x00, 0x00, 0x00,     0x00, 0x00, 0x00, 0x00,
    0x00, 0x00, 0x00, 0x00,     0x00, 0x00, 0x00, 0x00,     0x00, 0x00, 0x00, 0x00,     0x00, 0x00, 0x00, 0x00,
    0x00, 0x00, 0x00, 0x00,     0x00, 0x00, 0x00, 0x00,     0x00, 0x00, 0x00, 0x00,     0x00, 0x00, 0x00, 0x00,
    0x00, 0x00, 0x00, 0x00,     0x00, 0x00, 0x00, 0x00,     0x00, 0x00, 0x00, 0x00,     0x00, 0x00, 0x00, 0x00,
    0x00, 0x00, 0x00, 0x00,     0x00, 0x00, 0x00, 0x00,     0x00, 0x00, 0x00, 0x00,     0x00, 0x00, 0x00, 0x00,
    0x00, 0x00, 0x00, 0x00,     0x00, 0x00, 0x00, 0x00,     0x00, 0x00, 0x00, 0x00,     0x00, 0x00, 0x00, 0x00,
    0x00, 0x00, 0x00, 0x00,     0x00, 0x00, 0x00, 0x00,     0x00, 0x00, 0x00, 0x00,     0x00, 0x00, 0x00, 0x00,
    0x00, 0x00, 0x00, 0x00,     0x00, 0x00, 0x00, 0x00,     0x00, 0x00, 0x00, 0x00,     0x00, 0x00, 0x00, 0x00,
    0x00, 0x00, 0x00, 0x00,     0x00, 0x00, 0x00, 0x00,     0x00, 0x00, 0x00, 0x00,     0x00, 0x00, 0x00, 0x00,
    0x00, 0x00, 0x00, 0x00,     0x00, 0x00, 0x00, 0x00,     0x00, 0x00, 0x00, 0x00,     0x00, 0x00, 0x00, 0x00,
    0x00, 0x00, 0x00, 0x00,     0x00, 0x00, 0x00, 0x00,     0x00, 0x00, 0x00, 0x00,     0x00, 0x00, 0x00, 0x00,
    0x00, 0x00, 0x00, 0x00,     0x00, 0x00, 0x00, 0x00,     0x00, 0x00, 0x00, 0x00,     0x00, 0x00, 0x00, 0x00,
    0x00, 0x00, 0x00, 0x00,     0x00, 0x00, 0x00, 0x00,     0x00, 0x00, 0x00, 0x00,     0x00, 0x00, 0x00, 0x00,
    0x00, 0x00, 0x00, 0x00,     0x00, 0x00, 0x00, 0x00,     0x00, 0x00, 0x00, 0x00,     0x00, 0x00, 0x00, 0x00,
    0x00, 0x00, 0x00, 0x00,     0x00, 0x00, 0x00, 0x00,     0x00, 0x00, 0x00, 0x00,     0x00, 0x00, 0x00, 0x00,
    0x00, 0x00, 0x00, 0x00,     0x00, 0x00, 0x00, 0x00,     0x00, 0x00, 0x00, 0x00,     0x00, 0x00, 0x00, 0x00,
    0x00, 0x00, 0x00, 0x00,     0x00, 0x00, 0x00, 0x00,     0x00, 0x00, 0x00, 0x00,     0x00, 0x00, 0x00, 0x00,
    0x00, 0x00, 0x00, 0x00,     0x00, 0x00, 0x00, 0x00,     0x00, 0x00, 0x00, 0x00,     0x00, 0x00, 0x00, 0x00,
    0x00, 0x00, 0x00, 0x00,     0x00, 0x00, 0x00, 0x00,     0x00, 0x00, 0x00, 0x00,     0x00, 0x00, 0x00, 0x00,
    0x00, 0x00, 0x00, 0x00,     0x00, 0x00, 0x00, 0x00,     0x00, 0x00, 0x00, 0x00,     0x00, 0x00, 0x00, 0x00,
    0x00, 0x00, 0x00, 0x00,     0x00, 0x00, 0x00, 0x00,     0x00, 0x00, 0x00, 0x00,     0x00, 0x00, 0x00, 0x00,
    0x00, 0x00, 0x00, 0x00,     0x00, 0x00, 0x00, 0x00,     0x00, 0x00, 0x00, 0x00,     0x00, 0x00, 0x00, 0x00,
    0x00, 0x00, 0x00, 0x00,     0x00, 0x00, 0x00, 0x00,     0x00, 0x00, 0x00, 0x00,     0x00, 0x00, 0x00, 0x00,
    0x00, 0x00, 0x00, 0x00,     0x00, 0x00, 0x00, 0x00,     0x00, 0x00, 0x00, 0x00,     0x00, 0x00, 0x00, 0x00,
    0x00, 0x00, 0x00, 0x00,     0x00, 0x00, 0x00, 0x00,     0x00, 0x00, 0x00, 0x00,     0x00, 0x00, 0x00, 0x00,
    0x00, 0x00, 0x00, 0x00,     0x00, 0x00, 0x00, 0x00,     0x00, 0x00, 0x00, 0x00,     0x00, 0x00, 0x00, 0x00,
    0x00, 0x00, 0x00, 0x00,     0x00, 0x00, 0x00, 0x00,     0x00, 0x00, 0x00, 0x00,     0x00, 0x00, 0x00, 0x00,
    0x00, 0x00, 0x00, 0x00,     0x00, 0x00, 0x00, 0x00,     0x00, 0x00, 0x00, 0x00,     0x00, 0x00, 0x00, 0x00,
    0x00, 0x00, 0x00, 0x00,     0x00, 0x00, 0x00, 0x00,     0x00, 0x00, 0x00, 0x00,     0x00, 0x00, 0x00, 0x00,
    0x00, 0x00, 0x00, 0x00,     0x00, 0x00, 0x00, 0x00,     0x00, 0x00, 0x00, 0x00,     0x00, 0x00, 0x00, 0x00,
    0x00, 0x00, 0x00, 0x00,     0x00, 0x00, 0x00, 0x00,     0x00, 0x00, 0x00, 0x00,     0x00, 0x00, 0x00, 0x00,
    0x00, 0x00, 0x00, 0x00,     0x00, 0x00, 0x00, 0x00,     0x00, 0x00, 0x00, 0x00,     0x00, 0x00, 0x00, 0x00,
    0x00, 0x00, 0x00, 0x00,     0x00, 0x00, 0x00, 0x00,     0x00, 0x00, 0x00, 0x00,     0x00, 0x00, 0x00, 0x00,
    0x00, 0x00, 0x00, 0x00,     0x00, 0x00, 0x00, 0x00,     0x00, 0x00, 0x00, 0x00,     0x00, 0x00, 0x00, 0x00,
    0x00, 0x00, 0x00, 0x00,     0x00, 0x00, 0x00, 0x00,     0x00, 0x00, 0x00, 0x00,     0x00, 0x00, 0x00, 0x00,
    0x00, 0x00, 0x00, 0x00,     0x00, 0x00, 0x00, 0x00,     0x00, 0x00, 0x00, 0x00,     0x00, 0x00, 0x00, 0x00,
    0x00, 0x00, 0x00, 0x00,     0x00, 0x00, 0x00, 0x00,     0x00, 0x00, 0x00, 0x00,     0x00, 0x00, 0x00, 0x00,
    0x00, 0x00, 0x00, 0x00,     0x00, 0x00, 0x00, 0x00,     0x00, 0x00, 0x00, 0x00,     0x00, 0x00, 0x00, 0x00,
    0x00, 0x00, 0x00, 0x00,     0x00, 0x00, 0x00, 0x00,     0x00, 0x00, 0x00, 0x00,     0x00, 0x00, 0x00, 0x00,
    0x00, 0x00, 0x00, 0x00,     0x00, 0x00, 0x00, 0x00,     0x00, 0x00, 0x00, 0x00,     0x00, 0x00, 0x00, 0x00,
    0x00, 0x00, 0x00, 0x00,     0x00, 0x00, 0x00, 0x00,     0x00, 0x00, 0x00, 0x00,     0x00, 0x00, 0x00, 0x00,
    0x00, 0x00, 0x00, 0x00,     0x00, 0x00, 0x00, 0x00,     0x00, 0x00, 0x00, 0x00,     0x00, 0x00, 0x00, 0x00,
    0x00, 0x00, 0x00, 0x00,     0x00, 0x00, 0x00, 0x00,     0x00, 0x00, 0x00, 0x00,     0x00, 0x00, 0x00, 0x00,
    0x00, 0x00, 0x00, 0x00,     0x00, 0x00, 0x00, 0x00,     0x00, 0x00, 0x00, 0x00,     0x00, 0x00, 0x00, 0x00,
    0x00, 0x00, 0x00, 0x00,     0x00, 0x00, 0x00, 0x00,     0x00, 0x00, 0x00, 0x00,     0x00, 0x00, 0x00, 0x00,
    0x00, 0x00, 0x00, 0x00,     0x00, 0x00, 0x00, 0x00,     0x00, 0x00, 0x00, 0x00,     0x00, 0x00, 0x00, 0x00,
    0x00, 0x00, 0x00, 0x00,     0x00, 0x00, 0x00, 0x00,     0x00, 0x00, 0x00, 0x00,     0x00, 0x00, 0x00, 0x00,
    0x00, 0x00, 0x00, 0x00,     0x00, 0x00, 0x00, 0x00,     0x00, 0x00, 0x00, 0x00,     0x00, 0x00, 0x00, 0x00,
    0x00, 0x00, 0x00, 0x00,     0x00, 0x00, 0x00, 0x00,     0x00, 0x00, 0x00, 0x00,     0x00, 0x00, 0x00, 0x00,
    0x00, 0x00, 0x00, 0x00,     0x00, 0x00, 0x00, 0x00,     0x00, 0x00, 0x00, 0x00,     0x00, 0x00, 0x00, 0x00,
    0x00, 0x00, 0x00, 0x00,     0x00, 0x00, 0x00, 0x00,     0x00, 0x00, 0x00, 0x00,     0x00, 0x00, 0x00, 0x00,
    0x00, 0x00, 0x00, 0x00,     0x00, 0x00, 0x00, 0x00,     0x00, 0x00, 0x00, 0x00,     0x00, 0x00, 0x00, 0x00,
    0x00, 0x00, 0x00, 0x00,     0x00, 0x00, 0x00, 0x00,     0x00, 0x00, 0x00, 0x00,     0x00, 0x00, 0x00, 0x00,
    0x00, 0x00, 0x00, 0x00,     0x00, 0x00, 0x00, 0x00,     0x00, 0x00, 0x00, 0x00,     0x00, 0x00, 0x00, 0x00,
    0x00, 0x00, 0x00, 0x00,     0x00, 0x00, 0x00, 0x00,     0x00, 0x00, 0x00, 0x00,     0x00, 0x00, 0x00, 0x00,
    0x00, 0x00, 0x00, 0x00,     0x00, 0x00, 0x00, 0x00,     0x00, 0x00, 0x00, 0x00,     0x00, 0x00, 0x00, 0x00,
    0x00, 0x00, 0x00, 0x00,     0x00, 0x00, 0x00, 0x00,     0x00, 0x00, 0x00, 0x00,     0x00, 0x00, 0x00, 0x00,
    0x00, 0x00, 0x00, 0x00,     0x00, 0x00, 0x00, 0x00,     0x00, 0x00, 0x00, 0x00,     0x00, 0x00, 0x00, 0x00,
    0x00, 0x00, 0x00, 0x00,     0x00, 0x00, 0x00, 0x00,     0x00, 0x00, 0x00, 0x00,     0x00, 0x00, 0x00, 0x00,
    0x00, 0x00, 0x00, 0x00,     0x00, 0x00, 0x00, 0x00,     0x00, 0x00, 0x00, 0x00,     0x00, 0x00, 0x00, 0x00,
    0x00, 0x00, 0x00, 0x00,     0x00, 0x00, 0x00, 0x00,     0x00, 0x00, 0x00, 0x00,     0x00, 0x00, 0x00, 0x00,
    0x00, 0x00, 0x00, 0x00,     0x00, 0x00, 0x00, 0x00,     0x00, 0x00, 0x00, 0x00,     0x00, 0x00, 0x00, 0x00,
    0x00, 0x00, 0x00, 0x00,     0x00, 0x00, 0x00, 0x00,     0x00, 0x00, 0x00, 0x00,     0x00, 0x00, 0x00, 0x00,
    0x00, 0x00, 0x00, 0x00,     0x00, 0x00, 0x00, 0x00,     0x00, 0x00, 0x00, 0x00,     0x00, 0x00, 0x00, 0x00,
    0x00, 0x00, 0x00, 0x00,     0x00, 0x00, 0x00, 0x00,     0x00, 0x00, 0x00, 0x00,     0x00, 0x00, 0x00, 0x00,
    0x00, 0x00, 0x00, 0x00,     0x00, 0x00, 0x00, 0x00,     0x00, 0x00, 0x00, 0x00,     0x00, 0x00, 0x00, 0x00,
    0x00, 0x00, 0x00, 0x00,     0x00, 0x00, 0x00, 0x00,     0x00, 0x00, 0x00, 0x00,     0x00, 0x00, 0x00, 0x00,
    0x00, 0x00, 0x00, 0x00,     0x00, 0x00, 0x00, 0x00,     0x00, 0x00, 0x00, 0x00,     0x00, 0x00, 0x00, 0x00,
    0xFF, 0xC1, 0x0F, 0x21,     0xFF, 0xC1, 0x0F, 0x21,     0xFF, 0xC1, 0x0F, 0x21,     0xFF, 0xC1, 0x0F, 0x21,
    0xFF, 0xC1, 0x0F, 0x21,     0xFF, 0xC1, 0x0F, 0x21,     0xFF, 0xC1, 0x0F, 0x21,     0xFF, 0xC1, 0x0F, 0x21,
    0xFF, 0xC1, 0x0F, 0x21,     0xFF, 0xC1, 0x0F, 0x21,     0xFF, 0xC1, 0x0F, 0x21,     0xFF, 0xC1, 0x0F, 0x21,
    0xFF, 0xC1, 0x0F, 0x21,     0xFF, 0xC1, 0x0F, 0x21,     0xFF, 0xC1, 0x0F, 0x21,     0xFF, 0xC1, 0x0F, 0x21,
    0xFF, 0xC1, 0x0F, 0x21,     0xFF, 0xC1, 0x0F, 0x21,     0xFF, 0xC1, 0x0F, 0x21,     0xFF, 0xC1, 0x0F, 0x21,
    0xFF, 0xC1, 0x0F, 0x21,     0xFF, 0xC1, 0x0F, 0x21,     0xFF, 0xC1, 0x0F, 0x21,     0x00, 0x00, 0x00, 0x00,
    0x00, 0x00, 0x00, 0x00,     0x00, 0x00, 0x00, 0x00,     0x00, 0x00, 0x00, 0x00,     0x00, 0x00, 0x00, 0x00,
    0x00, 0x00, 0x00, 0x00,     0x00, 0x00, 0x00, 0x00,     0x00, 0x00, 0x00, 0x00,     0x00, 0x00, 0x00, 0x00,
    0x00, 0x00, 0x00, 0x00,     0x00, 0x00, 0x00, 0x00,     0x00, 0x00, 0x00, 0x00,     0x00, 0x00, 0x00, 0x00,
    0x00, 0x00, 0x00, 0x00,     0x00, 0x00, 0x00, 0x00,     0x00, 0x00, 0x00, 0x00,     0x00, 0x00, 0x00, 0x00,
    0x00, 0x00, 0x00, 0x00,     0x00, 0x00, 0x00, 0x00,     0x00, 0x00, 0x00, 0x00,     0x00, 0x00, 0x00, 0x00,
    0x00, 0x00, 0x00, 0x00,     0x00, 0x00, 0x00, 0x00,     0x00, 0x00, 0x00, 0x00,     0x00, 0x00, 0x00, 0x00,
    0x00, 0x00, 0x00, 0x00,     0x00, 0x00, 0x00, 0x00,     0x00, 0x00, 0x00, 0x00,     0x00, 0x00, 0x00, 0x00,
    0x00, 0x00, 0x00, 0x00,     0x00, 0x00, 0x00, 0x00,     0x00, 0x00, 0x00, 0x00,     0x00, 0x00, 0x00, 0x00,
    0x00, 0x00, 0x00, 0x00,     0x00, 0x00, 0x00, 0x00,     0x00, 0x00, 0x00, 0x00,     0x00, 0x00, 0x00, 0x00,
    0x00, 0x00, 0x00, 0x00,     0x00, 0x00, 0x00, 0x00,     0x00, 0x00, 0x00, 0x00,     0x00, 0x00, 0x00, 0x00,
    0x00, 0x00, 0x00, 0x00,     0x00, 0x00, 0x00, 0x00,     0x00, 0x00, 0x00, 0x00,     0x00, 0x00, 0x00, 0x00,
    0x00, 0x00, 0x00, 0x00,     0x00, 0x00, 0x00, 0x00,     0x00, 0x00, 0x00, 0x00,     0x00, 0x00, 0x00, 0x00,
    0x00, 0x00, 0x00, 0x00,     0x00, 0x00, 0x00, 0x00,     0x00, 0x00, 0x00, 0x00,     0x00, 0x00, 0x00, 0x00,
    0x00, 0x00, 0x00, 0x00,     0x00, 0x00, 0x00, 0x00,     0x00, 0x00, 0x00, 0x00,     0x00, 0x00, 0x00, 0x00,
    0x00, 0x00, 0x00, 0x00,     0x00, 0x00, 0x00, 0x00,     0x00, 0x00, 0x00, 0x00,     0x00, 0x00, 0x00, 0x00,
    0x00, 0x00, 0x00, 0x00,     0x00, 0x00, 0x00, 0x00,     0x00, 0x00, 0x00, 0x00,     0x00, 0x00, 0x00, 0x00,
    0x00, 0x00, 0x00, 0x00,     0x00, 0x00, 0x00, 0x00,     0x00, 0x00, 0x00, 0x00,     0x00, 0x00, 0x00, 0x00,
    0x00, 0x00, 0x00, 0x00,     0x00, 0x00, 0x00, 0x00,     0x00, 0x00, 0x00, 0x00,     0x00, 0x00, 0x00, 0x00,
    0x00, 0x00, 0x00, 0x00,     0x00, 0x00, 0x00, 0x00,     0x00, 0x00, 0x00, 0x00,     0x00, 0x00, 0x00, 0x00,
    0x00, 0x00, 0x00, 0x00,     0x00, 0x00, 0x00, 0x00,     0x00, 0x00, 0x00, 0x00,     0x00, 0x00, 0x00, 0x00,
    0x00, 0x00, 0x00, 0x00,     0x00, 0x00, 0x00, 0x00,     0x00, 0x00, 0x00, 0x00,     0x00, 0x00, 0x00, 0x00,
    0x00, 0x00, 0x00, 0x00,     0x00, 0x00, 0x00, 0x00,     0x00, 0x00, 0x00, 0x00,     0x00, 0x00, 0x00, 0x00,
    0x00, 0x00, 0x00, 0x00,     0x00, 0x00, 0x00, 0x00,     0x00, 0x00, 0x00, 0x00,     0x00, 0x00, 0x00, 0x00,
    0x00, 0x00, 0x00, 0x00,     0x00, 0x00, 0x00, 0x00,     0x00, 0x00, 0x00, 0x00,     0x00, 0x00, 0x00, 0x00,
    0x00, 0x00, 0x00, 0x00,     0x00, 0x00, 0x00, 0x00,     0x00, 0x00, 0x00, 0x00,     0x00, 0x00, 0x00, 0x00,
    0x00, 0x00, 0x00, 0x00,     0x00, 0x00, 0x00, 0x00,     0x00, 0x00, 0x00, 0x00,     0x00, 0x00, 0x00, 0x00,
    0xFF, 0xC7, 0x13, 0xFF,     0xFF, 0xC6, 0x13, 0xFF,     0xFF, 0xC6, 0x13, 0xFF,     0xFF, 0xC5, 0x12, 0xFF,
    0xFF, 0xC5, 0x12, 0xFF,     0xFF, 0xC5, 0x12, 0xFF,     0xFF, 0xC4, 0x12, 0xFF,     0xFF, 0xC4, 0x12, 0xFF,
    0xFF, 0xC3, 0x12, 0xFF,     0xFF, 0xC3, 0x12, 0xFF,     0xFF, 0xC2, 0x11, 0xFF,     0xFF, 0xC2, 0x11, 0xFF,
    0xFF, 0xC1, 0x11, 0xFF,     0xFF, 0xC1, 0x11, 0xFF,     0xFF, 0xC0, 0x11, 0xFF,     0xFF, 0xC0, 0x11, 0xFF,
    0xFF, 0xC0, 0x11, 0xFF,     0xFF, 0xBF, 0x10, 0xFF,     0xFF, 0xBF, 0x10, 0xFF,     0xFF, 0xBE, 0x10, 0xFF,
    0xFF, 0xBE, 0x10, 0xFF,     0xFF, 0xBD, 0x10, 0xFF,     0xFF, 0xBD, 0x10, 0xFF,     0xFF, 0xBC, 0x10, 0xFF,
    0xFF, 0xBC, 0x0F, 0xFF,     0xFF, 0xBB, 0x0F, 0xFF,     0xFF, 0xBB, 0x0F, 0xFF,     0xFF, 0xBB, 0x0F, 0xFF,
    0xFF, 0xBA, 0x0F, 0xFF,     0xFF, 0xBA, 0x0F, 0xFF,     0xFF, 0xB9, 0x0E, 0xFF,     0xFF, 0xB9, 0x0E, 0xFF,
    0xFF, 0xB8, 0x0E, 0xFF,     0xFF, 0xB8, 0x0E, 0xFF,     0xFF, 0xB7, 0x0E, 0xFF,     0xFF, 0xB7, 0x0E, 0xFF,
    0xFF, 0xB6, 0x0E, 0xFF,     0xFF, 0xB6, 0x0D, 0xFF,     0xFF, 0xB6, 0x0D, 0xFF,     0xFF, 0xB5, 0x0D, 0xFF,
    0xFF, 0xB5, 0x0D, 0xFF,     0xFF, 0xB4, 0x0D, 0xFF,     0xFF, 0xB4, 0x0D, 0xFF,     0xFF, 0xB3, 0x0D, 0xFF,
    0xFF, 0xB3, 0x0C, 0xFF,     0xFF, 0xB2, 0x0C, 0xFF,     0xFF, 0xB2, 0x0C, 0xFF,     0xFF, 0xB1, 0x0C, 0xFF,
    0xFF, 0xB1, 0x0C, 0xFF,     0xFF, 0xB1, 0x0C, 0xFD,     0xFF, 0xB0, 0x0B, 0xC9,     0xFF, 0xB1, 0x0A, 0x31,
    0x00, 0x00, 0x00, 0x00,     0x00, 0x00, 0x00, 0x00,     0x00, 0x00, 0x00, 0x00,     0x00, 0x00, 0x00, 0x00,
    0x00, 0x00, 0x00, 0x00,     0x00, 0x00, 0x00, 0x00,     0x00, 0x00, 0x00, 0x00,     0x00, 0x00, 0x00, 0x00,
    0x00, 0x00, 0x00, 0x00,     0x00, 0x00, 0x00, 0x00,     0x00, 0x00, 0x00, 0x00,     0x00, 0x00, 0x00, 0x00,
    0x00, 0x00, 0x00, 0x00,     0x00, 0x00, 0x00, 0x00,     0x00, 0x00, 0x00, 0x00,     0x00, 0x00, 0x00, 0x00,
    0x00, 0x00, 0x00, 0x00,     0x00, 0x00, 0x00, 0x00,     0x00, 0x00, 0x00, 0x00,     0x00, 0x00, 0x00, 0x00,
    0x00, 0x00, 0x00, 0x00,     0x00, 0x00, 0x00, 0x00,     0x00, 0x00, 0x00, 0x00,     0x00, 0x00, 0x00, 0x00,
    0x00, 0x00, 0x00, 0x00,     0x00, 0x00, 0x00, 0x00,     0x00, 0x00, 0x00, 0x00,     0x00, 0x00, 0x00, 0x00,
    0x00, 0x00, 0x00, 0x00,     0x00, 0x00, 0x00, 0x00,     0x00, 0x00, 0x00, 0x00,     0x00, 0x00, 0x00, 0x00,
    0x00, 0x00, 0x00, 0x00,     0x00, 0x00, 0x00, 0x00,     0x00, 0x00, 0x00, 0x00,     0x00, 0x00, 0x00, 0x00,
    0x00, 0x00, 0x00, 0x00,     0x00, 0x00, 0x00, 0x00,     0x00, 0x00, 0x00, 0x00,     0x00, 0x00, 0x00, 0x00,
    0x00, 0x00, 0x00, 0x00,     0x00, 0x00, 0x00, 0x00,     0x00, 0x00, 0x00, 0x00,     0x00, 0x00, 0x00, 0x00,
    0x00, 0x00, 0x00, 0x00,     0x00, 0x00, 0x00, 0x00,     0x00, 0x00, 0x00, 0x00,     0x00, 0x00, 0x00, 0x00,
    0x00, 0x00, 0x00, 0x00,     0x00, 0x00, 0x00, 0x00,     0x00, 0x00, 0x00, 0x00,     0x00, 0x00, 0x00, 0x00,
    0x00, 0x00, 0x00, 0x00,     0x00, 0x00, 0x00, 0x00,     0x00, 0x00, 0x00, 0x00,     0x00, 0x00, 0x00, 0x00,
    0x00, 0x00, 0x00, 0x00,     0x00, 0x00, 0x00, 0x00,     0x00, 0x00, 0x00, 0x00,     0x00, 0x00, 0x00, 0x00,
    0x00, 0x00, 0x00, 0x00,     0x00, 0x00, 0x00, 0x00,     0x00, 0x00, 0x00, 0x00,     0x00, 0x00, 0x00, 0x00,
    0x00, 0x00, 0x00, 0x00,     0x00, 0x00, 0x00, 0x00,     0x00, 0x00, 0x00, 0x00,     0x00, 0x00, 0x00, 0x00,
    0x00, 0x00, 0x00, 0x00,     0x00, 0x00, 0x00, 0x00,     0x00, 0x00, 0x00, 0x00,     0x00, 0x00, 0x00, 0x00,
    0x00, 0x00, 0x00, 0x00,     0x00, 0x00, 0x00, 0x00,     0x00, 0x00, 0x00, 0x00,     0x00, 0x00, 0x00, 0x00,
    0xFF, 0xC7, 0x13, 0xFF,     0xFF, 0xC6, 0x13, 0xFF,     0xFF, 0xC6, 0x13, 0xFF,     0xFF, 0xC5, 0x12, 0xFF,
    0xFF, 0xC5, 0x12, 0xFF,     0xFF, 0xC5, 0x12, 0xFF,     0xFF, 0xC4, 0x12, 0xFF,     0xFF, 0xC4, 0x12, 0xFF,
    0xFF, 0xC3, 0x12, 0xFF,     0xFF, 0xC3, 0x12, 0xFF,     0xFF, 0xC2, 0x11, 0xFF,     0xFF, 0xC2, 0x11, 0xFF,
    0xFF, 0xC1, 0x11, 0xFF,     0xFF, 0xC1, 0x11, 0xFF,     0xFF, 0xC0, 0x11, 0xFF,     0xFF, 0xC0, 0x11, 0xFF,
    0xFF, 0xC0, 0x11, 0xFF,     0xFF, 0xBF, 0x10, 0xFF,     0xFF, 0xBF, 0x10, 0xFF,     0xFF, 0xBE, 0x10, 0xFF,
    0xFF, 0xBE, 0x10, 0xFF,     0xFF, 0xBD, 0x10, 0xFF,     0xFF, 0xBD, 0x10, 0xFF,     0xFF, 0xBC, 0x10, 0xFF,
    0xFF, 0xBC, 0x0F, 0xFF,     0xFF, 0xBB, 0x0F, 0xFF,     0xFF, 0xBB, 0x0F, 0xFF,     0xFF, 0xBB, 0x0F, 0xFF,
    0xFF, 0xBA, 0x0F, 0xFF,     0xFF, 0xBA, 0x0F, 0xFF,     0xFF, 0xB9, 0x0E, 0xFF,     0xFF, 0xB9, 0x0E, 0xFF,
    0xFF, 0xB8, 0x0E, 0xFF,     0xFF, 0xB8, 0x0E, 0xFF,     0xFF, 0xB7, 0x0E, 0xFF,     0xFF, 0xB7, 0x0E, 0xFF,
    0xFF, 0xB6, 0x0E, 0xFF,     0xFF, 0xB6, 0x0D, 0xFF,     0xFF, 0xB6, 0x0D, 0xFF,     0xFF, 0xB5, 0x0D, 0xFF,
    0xFF, 0xB5, 0x0D, 0xFF,     0xFF, 0xB4, 0x0D, 0xFF,     0xFF, 0xB4, 0x0D, 0xFF,     0xFF, 0xB3, 0x0D, 0xFF,
    0xFF, 0xB3, 0x0C, 0xFF,     0xFF, 0xB2, 0x0C, 0xFF,     0xFF, 0xB2, 0x0C, 0xFF,     0xFF, 0xB1, 0x0C, 0xFF,
    0xFF, 0xB1, 0x0C, 0xFF,     0xFF, 0xB1, 0x0C, 0xFF,     0xFF, 0xB0, 0x0C, 0xFF,     0xFF, 0xB0, 0x0B, 0xFE,
    0xFF, 0xB0, 0x0A, 0x84,     0x00, 0x00, 0x00, 0x00,     0x00, 0x00, 0x00, 0x00,     0x00, 0x00, 0x00, 0x00,
    0x00, 0x00, 0x00, 0x00,     0x00, 0x00, 0x00, 0x00,     0x00, 0x00, 0x00, 0x00,     0x00, 0x00, 0x00, 0x00,
    0x00, 0x00, 0x00, 0x00,     0x00, 0x00, 0x00, 0x00,     0x00, 0x00, 0x00, 0x00,     0x00, 0x00, 0x00, 0x00,
    0x00, 0x00, 0x00, 0x00,     0x00, 0x00, 0x00, 0x00,     0x00, 0x00, 0x00, 0x00,     0x00, 0x00, 0x00, 0x00,
    0x00, 0x00, 0x00, 0x00,     0x00, 0x00, 0x00, 0x00,     0x00, 0x00, 0x00, 0x00,     0x00, 0x00, 0x00, 0x00,
    0x00, 0x00, 0x00, 0x00,     0x00, 0x00, 0x00, 0x00,     0x00, 0x00, 0x00, 0x00,     0x00, 0x00, 0x00, 0x00,
    0x00, 0x00, 0x00, 0x00,     0x00, 0x00, 0x00, 0x00,     0x00, 0x00, 0x00, 0x00,     0x00, 0x00, 0x00, 0x00,
    0x00, 0x00, 0x00, 0x00,     0x00, 0x00, 0x00, 0x00,     0x00, 0x00, 0x00, 0x00,     0x00, 0x00, 0x00, 0x00,
    0x00, 0x00, 0x00, 0x00,     0x00, 0x00, 0x00, 0x00,     0x00, 0x00, 0x00, 0x00,     0x00, 0x00, 0x00, 0x00,
    0x00, 0x00, 0x00, 0x00,     0x00, 0x00, 0x00, 0x00,     0x00, 0x00, 0x00, 0x00,     0x00, 0x00, 0x00, 0x00,
    0x00, 0x00, 0x00, 0x00,     0x00, 0x00, 0x00, 0x00,     0x00, 0x00, 0x00, 0x00,     0x00, 0x00, 0x00, 0x00,
    0x00, 0x00, 0x00, 0x00,     0x00, 0x00, 0x00, 0x00,     0x00, 0x00, 0x00, 0x00,     0x00, 0x00, 0x00, 0x00,
    0x00, 0x00, 0x00, 0x00,     0x00, 0x00, 0x00, 0x00,     0x00, 0x00, 0x00, 0x00,     0x00, 0x00, 0x00, 0x00,
    0x00, 0x00, 0x00, 0x00,     0x00, 0x00, 0x00, 0x00,     0x00, 0x00, 0x00, 0x00,     0x00, 0x00, 0x00, 0x00,
    0x00, 0x00, 0x00, 0x00,     0x00, 0x00, 0x00, 0x00,     0x00, 0x00, 0x00, 0x00,     0x00, 0x00, 0x00, 0x00,
    0x00, 0x00, 0x00, 0x00,     0x00, 0x00, 0x00, 0x00,     0x00, 0x00, 0x00, 0x00,     0x00, 0x00, 0x00, 0x00,
    0x00, 0x00, 0x00, 0x00,     0x00, 0x00, 0x00, 0x00,     0x00, 0x00, 0x00, 0x00,     0x00, 0x00, 0x00, 0x00,
    0x00, 0x00, 0x00, 0x00,     0x00, 0x00, 0x00, 0x00,     0x00, 0x00, 0x00, 0x00,     0x00, 0x00, 0x00, 0x00,
    0x00, 0x00, 0x00, 0x00,     0x00, 0x00, 0x00, 0x00,     0x00, 0x00, 0x00, 0x00,     0x00, 0x00, 0x00, 0x00,
    0xFF, 0xC7, 0x13, 0xFF,     0xFF, 0xC6, 0x13, 0xFF,     0xFF, 0xC6, 0x13, 0xFF,     0xFF, 0xC5, 0x12, 0xFF,
    0xFF, 0xC5, 0x12, 0xFF,     0xFF, 0xC5, 0x12, 0xFF,     0xFF, 0xC4, 0x12, 0xFF,     0xFF, 0xC4, 0x12, 0xFF,
    0xFF, 0xC3, 0x12, 0xFF,     0xFF, 0xC3, 0x12, 0xFF,     0xFF, 0xC2, 0x11, 0xFF,     0xFF, 0xC2, 0x11, 0xFF,
    0xFF, 0xC1, 0x11, 0xFF,     0xFF, 0xC1, 0x11, 0xFF,     0xFF, 0xC0, 0x11, 0xFF,     0xFF, 0xC0, 0x11, 0xFF,
    0xFF, 0xC0, 0x11, 0xFF,     0xFF, 0xBF, 0x10, 0xFF,     0xFF, 0xBF, 0x10, 0xFF,     0xFF, 0xBE, 0x10, 0xFF,
    0xFF, 0xBE, 0x10, 0xFF,     0xFF, 0xBD, 0x10, 0xFF,     0xFF, 0xBD, 0x10, 0xFF,     0xFF, 0xBC, 0x10, 0xFF,
    0xFF, 0xBC, 0x0F, 0xFF,     0xFF, 0xBB, 0x0F, 0xFF,     0xFF, 0xBB, 0x0F, 0xFF,     0xFF, 0xBB, 0x0F, 0xFF,
    0xFF, 0xBA, 0x0F, 0xFF,     0xFF, 0xBA, 0x0F, 0xFF,     0xFF, 0xB9, 0x0E, 0xFF,     0xFF, 0xB9, 0x0E, 0xFF,
    0xFF, 0xB8, 0x0E, 0xFF,     0xFF, 0xB8, 0x0E, 0xFF,     0xFF, 0xB7, 0x0E, 0xFF,     0xFF, 0xB7, 0x0E, 0xFF,
    0xFF, 0xB6, 0x0E, 0xFF,     0xFF, 0xB6, 0x0D, 0xFF,     0xFF, 0xB6, 0x0D, 0xFF,     0xFF, 0xB5, 0x0D, 0xFF,
    0xFF, 0xB5, 0x0D, 0xFF,     0xFF, 0xB4, 0x0D, 0xFF,     0xFF, 0xB4, 0x0D, 0xFF,     0xFF, 0xB3, 0x0D, 0xFF,
    0xFF, 0xB3, 0x0C, 0xFF,     0xFF, 0xB2, 0x0C, 0xFF,     0xFF, 0xB2, 0x0C, 0xFF,     0xFF, 0xB1, 0x0C, 0xFF,
    0xFF, 0xB1, 0x0C, 0xFF,     0xFF, 0xB1, 0x0C, 0xFF,     0xFF, 0xB0, 0x0C, 0xFF,     0xFF, 0xB0, 0x0B, 0xFF,
    0xFF, 0xAF, 0x0B, 0xFF,     0xFF, 0xAF, 0x0C, 0x8F,     0x00, 0x00, 0x00, 0x00,     0x00, 0x00, 0x00, 0x00,
    0x00, 0x00, 0x00, 0x00,     0x00, 0x00, 0x00, 0x00,     0x00, 0x00, 0x00, 0x00,     0x00, 0x00, 0x00, 0x00,
    0x00, 0x00, 0x00, 0x00,     0x00, 0x00, 0x00, 0x00,     0x00, 0x00, 0x00, 0x00,     0x00, 0x00, 0x00, 0x00,
    0x00, 0x00, 0x00, 0x00,     0x00, 0x00, 0x00, 0x00,     0x00, 0x00, 0x00, 0x00,     0x00, 0x00, 0x00, 0x00,
    0x00, 0x00, 0x00, 0x00,     0x00, 0x00, 0x00, 0x00,     0x00, 0x00, 0x00, 0x00,     0x00, 0x00, 0x00, 0x00,
    0x00, 0x00, 0x00, 0x00,     0x00, 0x00, 0x00, 0x00,     0x00, 0x00, 0x00, 0x00,     0x00, 0x00, 0x00, 0x00,
    0x00, 0x00, 0x00, 0x00,     0x00, 0x00, 0x00, 0x00,     0x00, 0x00, 0x00, 0x00,     0x00, 0x00, 0x00, 0x00,
    0x00, 0x00, 0x00, 0x00,     0x00, 0x00, 0x00, 0x00,     0x00, 0x00, 0x00, 0x00,     0x00, 0x00, 0x00, 0x00,
    0x00, 0x00, 0x00, 0x00,     0x00, 0x00, 0x00, 0x00,     0x00, 0x00, 0x00, 0x00,     0x00, 0x00, 0x00, 0x00,
    0x00, 0x00, 0x00, 0x00,     0x00, 0x00, 0x00, 0x00,     0x00, 0x00, 0x00, 0x00,     0x00, 0x00, 0x00, 0x00,
    0x00, 0x00, 0x00, 0x00,     0x00, 0x00, 0x00, 0x00,     0x00, 0x00, 0x00, 0x00,     0x00, 0x00, 0x00, 0x00,
    0x00, 0x00, 0x00, 0x00,     0x00, 0x00, 0x00, 0x00,     0x00, 0x00, 0x00, 0x00,     0x00, 0x00, 0x00, 0x00,
    0x00, 0x00, 0x00, 0x00,     0x00, 0x00, 0x00, 0x00,     0x00, 0x00, 0x00, 0x00,     0x00, 0x00, 0x00, 0x00,
    0x00, 0x00, 0x00, 0x00,     0x00, 0x00, 0x00, 0x00,     0x00, 0x00, 0x00, 0x00,     0x00, 0x00, 0x00, 0x00,
    0x00, 0x00, 0x00, 0x00,     0x00, 0x00, 0x00, 0x00,     0x00, 0x00, 0x00, 0x00,     0x00, 0x00, 0x00, 0x00,
    0x00, 0x00, 0x00, 0x00,     0x00, 0x00, 0x00, 0x00,     0x00, 0x00, 0x00, 0x00,     0x00, 0x00, 0x00, 0x00,
    0x00, 0x00, 0x00, 0x00,     0x00, 0x00, 0x00, 0x00,     0x00, 0x00, 0x00, 0x00,     0x00, 0x00, 0x00, 0x00,
    0x00, 0x00, 0x00, 0x00,     0x00, 0x00, 0x00, 0x00,     0x00, 0x00, 0x00, 0x00,     0x00, 0x00, 0x00, 0x00,
    0x00, 0x00, 0x00, 0x00,     0x00, 0x00, 0x00, 0x00,     0x00, 0x00, 0x00, 0x00,     0x00, 0x00, 0x00, 0x00,
    0xFF, 0xC7, 0x13, 0xFF,     0xFF, 0xC6, 0x13, 0xFF,     0xFF, 0xC6, 0x13, 0xFF,     0xFF, 0xC5, 0x12, 0xFF,
    0xFF, 0xC5, 0x12, 0xFF,     0xFF, 0xC5, 0x12, 0xFF,     0xFF, 0xC4, 0x12, 0xFF,     0xFF, 0xC4, 0x12, 0xFF,
    0xFF, 0xC3, 0x12, 0xFF,     0xFF, 0xC3, 0x12, 0xFF,     0xFF, 0xC2, 0x11, 0xFF,     0xFF, 0xC2, 0x11, 0xFF,
    0xFF, 0xC1, 0x11, 0xFF,     0xFF, 0xC1, 0x11, 0xFF,     0xFF, 0xC0, 0x11, 0xFF,     0xFF, 0xC0, 0x11, 0xFF,
    0xFF, 0xC0, 0x11, 0xFF,     0xFF, 0xBF, 0x10, 0xFF,     0xFF, 0xBF, 0x10, 0xFF,     0xFF, 0xBE, 0x10, 0xFF,
    0xFF, 0xBE, 0x10, 0xFF,     0xFF, 0xBD, 0x10, 0xFF,     0xFF, 0xBD, 0x10, 0xFF,     0xFF, 0xBC, 0x10, 0xFF,
    0xFF, 0xBC, 0x0F, 0xFF,     0xFF, 0xBB, 0x0F, 0xFF,     0xFF, 0xBB, 0x0F, 0xFF,     0xFF, 0xBB, 0x0F, 0xFF,
    0xFF, 0xBA, 0x0F, 0xFF,     0xFF, 0xBA, 0x0F, 0xFF,     0xFF, 0xB9, 0x0E, 0xFF,     0xFF, 0xB9, 0x0E, 0xFF,
    0xFF, 0xB8, 0x0E, 0xFF,     0xFF, 0xB8, 0x0E, 0xFF,     0xFF, 0xB7, 0x0E, 0xFF,     0xFF, 0xB7, 0x0E, 0xFF,
    0xFF, 0xB6, 0x0E, 0xFF,     0xFF, 0xB6, 0x0D, 0xFF,     0xFF, 0xB6, 0x0D, 0xFF,     0xFF, 0xB5, 0x0D, 0xFF,
    0xFF, 0xB5, 0x0D, 0xFF,     0xFF, 0xB4, 0x0D, 0xFF,     0xFF, 0xB4, 0x0D, 0xFF,     0xFF, 0xB3, 0x0D, 0xFF,
    0xFF, 0xB3, 0x0C, 0xFF,     0xFF, 0xB2, 0x0C, 0xFF,     0xFF, 0xB2, 0x0C, 0xFF,     0xFF, 0xB1, 0x0C, 0xFF,
    0xFF, 0xB1, 0x0C, 0xFF,     0xFF, 0xB1, 0x0C, 0xFF,     0xFF, 0xB0, 0x0C, 0xFF,     0xFF, 0xB0, 0x0B, 0xFF,
    0xFF, 0xAF, 0x0B, 0xFF,     0xFF, 0xAF, 0x0B, 0xFF,     0xFF, 0xAC, 0x0B, 0x59,     0x00, 0x00, 0x00, 0x00,
    0x00, 0x00, 0x00, 0x00,     0x00, 0x00, 0x00, 0x00,     0x00, 0x00, 0x00, 0x00,     0x00, 0x00, 0x00, 0x00,
    0x00, 0x00, 0x00, 0x00,     0x00, 0x00, 0x00, 0x00,     0x00, 0x00, 0x00, 0x00,     0x00, 0x00, 0x00, 0x00,
    0x00, 0x00, 0x00, 0x00,     0x00, 0x00, 0x00, 0x00,     0x00, 0x00, 0x00, 0x00,     0x00, 0x00, 0x00, 0x00,
    0x00, 0x00, 0x00, 0x00,     0x00, 0x00, 0x00, 0x00,     0x00, 0x00, 0x00, 0x00,     0x00, 0x00, 0x00, 0x00,
    0x00, 0x00, 0x00, 0x00,     0x00, 0x00, 0x00, 0x00,     0x00, 0x00, 0x00, 0x00,     0x00, 0x00, 0x00, 0x00,
    0x00, 0x00, 0x00, 0x00,     0x00, 0x00, 0x00, 0x00,     0x00, 0x00, 0x00, 0x00,     0x00, 0x00, 0x00, 0x00,
    0x00, 0x00, 0x00, 0x00,     0x00, 0x00, 0x00, 0x00,     0x00, 0x00, 0x00, 0x00,     0x00, 0x00, 0x00, 0x00,
    0x00, 0x00, 0x00, 0x00,     0x00, 0x00, 0x00, 0x00,     0x00, 0x00, 0x00, 0x00,     0x00, 0x00, 0x00, 0x00,
    0x00, 0x00, 0x00, 0x00,     0x00, 0x00, 0x00, 0x00,     0x00, 0x00, 0x00, 0x00,     0x00, 0x00, 0x00, 0x00,
    0x00, 0x00, 0x00, 0x00,     0x00, 0x00, 0x00, 0x00,     0x00, 0x00, 0x00, 0x00,     0x00, 0x00, 0x00, 0x00,
    0x00, 0x00, 0x00, 0x00,     0x00, 0x00, 0x00, 0x00,     0x00, 0x00, 0x00, 0x00,     0x00, 0x00, 0x00, 0x00,
    0x00, 0x00, 0x00, 0x00,     0x00, 0x00, 0x00, 0x00,     0x00, 0x00, 0x00, 0x00,     0x00, 0x00, 0x00, 0x00,
    0x00, 0x00, 0x00, 0x00,     0x00, 0x00, 0x00, 0x00,     0x00, 0x00, 0x00, 0x00,     0x00, 0x00, 0x00, 0x00,
    0x00, 0x00, 0x00, 0x00,     0x00, 0x00, 0x00, 0x00,     0x00, 0x00, 0x00, 0x00,     0x00, 0x00, 0x00, 0x00,
    0x00, 0x00, 0x00, 0x00,     0x00, 0x00, 0x00, 0x00,     0x00, 0x00, 0x00, 0x00,     0x00, 0x00, 0x00, 0x00,
    0x00, 0x00, 0x00, 0x00,     0x00, 0x00, 0x00, 0x00,     0x00, 0x00, 0x00, 0x00,     0x00, 0x00, 0x00, 0x00,
    0x00, 0x00, 0x00, 0x00,     0x00, 0x00, 0x00, 0x00,     0x00, 0x00, 0x00, 0x00,     0x00, 0x00, 0x00, 0x00,
    0x00, 0x00, 0x00, 0x00,     0x00, 0x00, 0x00, 0x00,     0x00, 0x00, 0x00, 0x00,     0x00, 0x00, 0x00, 0x00,
    0xFF, 0xC7, 0x13, 0xFF,     0xFF, 0xC6, 0x13, 0xFF,     0xFF, 0xC6, 0x13, 0xFF,     0xFF, 0xC5, 0x12, 0xFF,
    0xFF, 0xC5, 0x12, 0xFF,     0xFF, 0xC5, 0x12, 0xFF,     0xFF, 0xC4, 0x12, 0xFF,     0xFF, 0xC4, 0x12, 0xFF,
    0xFF, 0xC3, 0x12, 0xFF,     0xFF, 0xC3, 0x12, 0xFF,     0xFF, 0xC2, 0x11, 0xFF,     0xFF, 0xC2, 0x11, 0xFF,
    0xFF, 0xC1, 0x11, 0xFF,     0xFF, 0xC1, 0x11, 0xFF,     0xFF, 0xC0, 0x11, 0xFF,     0xFF, 0xC0, 0x11, 0xFF,
    0xFF, 0xC0, 0x11, 0xFF,     0xFF, 0xBF, 0x10, 0xFF,     0xFF, 0xBF, 0x10, 0xFF,     0xFF, 0xBE, 0x10, 0xFF,
    0xFF, 0xBE, 0x10, 0xFF,     0xFF, 0xBD, 0x10, 0xFF,     0xFF, 0xBD, 0x10, 0xFF,     0xFF, 0xBC, 0x10, 0xFF,
    0xFF, 0xBC, 0x0F, 0xFF,     0xFF, 0xBB, 0x0F, 0xFF,     0xFF, 0xBB, 0x0F, 0xFF,     0xFF, 0xBB, 0x0F, 0xFF,
    0xFF, 0xBA, 0x0F, 0xFF,     0xFF, 0xBA, 0x0F, 0xFF,     0xFF, 0xB9, 0x0E, 0xFF,     0xFF, 0xB9, 0x0E, 0xFF,
    0xFF, 0xB8, 0x0E, 0xFF,     0xFF, 0xB8, 0x0E, 0xFF,     0xFF, 0xB7, 0x0E, 0xFF,     0xFF, 0xB7, 0x0E, 0xFF,
    0xFF, 0xB6, 0x0E, 0xFF,     0xFF, 0xB6, 0x0D, 0xFF,     0xFF, 0xB6, 0x0D, 0xFF,     0xFF, 0xB5, 0x0D, 0xFF,
    0xFF, 0xB5, 0x0D, 0xFF,     0xFF, 0xB4, 0x0D, 0xFF,     0xFF, 0xB4, 0x0D, 0xFF,     0xFF, 0xB3, 0x0D, 0xFF,
    0xFF, 0xB3, 0x0C, 0xFF,     0xFF, 0xB2, 0x0C, 0xFF,     0xFF, 0xB2, 0x0C, 0xFF,     0xFF, 0xB1, 0x0C, 0xFF,
    0xFF, 0xB1, 0x0C, 0xFF,     0xFF, 0xB1, 0x0C, 0xFF,     0xFF, 0xB0, 0x0C, 0xFF,     0xFF, 0xB0, 0x0B, 0xFF,
    0xFF, 0xAF, 0x0B, 0xFF,     0xFF, 0xAF, 0x0B, 0xFF,     0xFF, 0xAE, 0x0A, 0xF9,     0xFF, 0xB1, 0x16, 0x17,
    0x00, 0x00, 0x00, 0x00,     0x00, 0x00, 0x00, 0x00,     0x00, 0x00, 0x00, 0x00,     0x00, 0x00, 0x00, 0x00,
    0x00, 0x00, 0x00, 0x00,     0x00, 0x00, 0x00, 0x00,     0x00, 0x00, 0x00, 0x00,     0x00, 0x00, 0x00, 0x00,
    0x00, 0x00, 0x00, 0x00,     0x00, 0x00, 0x00, 0x00,     0x00, 0x00, 0x00, 0x00,     0x00, 0x00, 0x00, 0x00,
    0x00, 0x00, 0x00, 0x00,     0x00, 0x00, 0x00, 0x00,     0x00, 0x00, 0x00, 0x00,     0x00, 0x00, 0x00, 0x00,
    0x00, 0x00, 0x00, 0x00,     0x00, 0x00, 0x00, 0x00,     0x00, 0x00, 0x00, 0x00,     0x00, 0x00, 0x00, 0x00,
    0x00, 0x00, 0x00, 0x00,     0x00, 0x00, 0x00, 0x00,     0x00, 0x00, 0x00, 0x00,     0x00, 0x00, 0x00, 0x00,
    0x00, 0x00, 0x00, 0x00,     0x00, 0x00, 0x00, 0x00,     0x00, 0x00, 0x00, 0x00,     0x00, 0x00, 0x00, 0x00,
    0x00, 0x00, 0x00, 0x00,     0x00, 0x00, 0x00, 0x00,     0x00, 0x00, 0x00, 0x00,     0x00, 0x00, 0x00, 0x00,
    0x00, 0x00, 0x00, 0x00,     0x00, 0x00, 0x00, 0x00,     0x00, 0x00, 0x00, 0x00,     0x00, 0x00, 0x00, 0x00,
    0x00, 0x00, 0x00, 0x00,     0x00, 0x00, 0x00, 0x00,     0x00, 0x00, 0x00, 0x00,     0x00, 0x00, 0x00, 0x00,
    0x00, 0x00, 0x00, 0x00,     0x00, 0x00, 0x00, 0x00,     0x00, 0x00, 0x00, 0x00,     0x00, 0x00, 0x00, 0x00,
    0x00, 0x00, 0x00, 0x00,     0x00, 0x00, 0x00, 0x00,     0x00, 0x00, 0x00, 0x00,     0x00, 0x00, 0x00, 0x00,
    0x00, 0x00, 0x00, 0x00,     0x00, 0x00, 0x00, 0x00,     0x00, 0x00, 0x00, 0x00,     0x00, 0x00, 0x00, 0x00,
    0x00, 0x00, 0x00, 0x00,     0x00, 0x00, 0x00, 0x00,     0x00, 0x00, 0x00, 0x00,     0x00, 0x00, 0x00, 0x00,
    0x00, 0x00, 0x00, 0x00,     0x00, 0x00, 0x00, 0x00,     0x00, 0x00, 0x00, 0x00,     0x00, 0x00, 0x00, 0x00,
    0x00, 0x00, 0x00, 0x00,     0x00, 0x00, 0x00, 0x00,     0x00, 0x00, 0x00, 0x00,     0x00, 0x00, 0x00, 0x00,
    0x00, 0x00, 0x00, 0x00,     0x00, 0x00, 0x00, 0x00,     0x00, 0x00, 0x00, 0x00,     0x00, 0x00, 0x00, 0x00,
    0x00, 0x00, 0x00, 0x00,     0x00, 0x00, 0x00, 0x00,     0x00, 0x00, 0x00, 0x00,     0x00, 0x00, 0x00, 0x00,
    0xFF, 0xC7, 0x13, 0xFF,     0xFF, 0xC6, 0x13, 0xFF,     0xFF, 0xC6, 0x13, 0xFF,     0xFF, 0xC5, 0x12, 0xFF,
    0xFF, 0xC5, 0x12, 0xFF,     0xFF, 0xC5, 0x12, 0xFF,     0xFF, 0xC4, 0x12, 0xFF,     0xFF, 0xC4, 0x12, 0xFF,
    0xFF, 0xC3, 0x12, 0xFF,     0xFF, 0xC3, 0x12, 0xFF,     0xFF, 0xC2, 0x11, 0xFF,     0xFF, 0xC2, 0x11, 0xFF,
    0xFF, 0xC1, 0x11, 0xFF,     0xFF, 0xC1, 0x11, 0xFF,     0xFF, 0xC0, 0x11, 0xFF,     0xFF, 0xC0, 0x11, 0xFF,
    0xFF, 0xC0, 0x11, 0xFF,     0xFF, 0xBF, 0x10, 0xFF,     0xFF, 0xBF, 0x10, 0xFF,     0xFF, 0xBE, 0x10, 0xFF,
    0xFF, 0xBE, 0x10, 0xFF,     0xFF, 0xBD, 0x10, 0xFF,     0xFF, 0xBD, 0x10, 0xFF,     0xFF, 0xBC, 0x10, 0xFF,
    0xFF, 0xBC, 0x0F, 0xFF,     0xFF, 0xBB, 0x0F, 0xFF,     0xFF, 0xBB, 0x0F, 0xFF,     0xFF, 0xBB, 0x0F, 0xFF,
    0xFF, 0xBA, 0x0F, 0xFF,     0xFF, 0xBA, 0x0F, 0xFF,     0xFF, 0xB9, 0x0E, 0xFF,     0xFF, 0xB9, 0x0E, 0xFF,
    0xFF, 0xB8, 0x0E, 0xFF,     0xFF, 0xB8, 0x0E, 0xFF,     0xFF, 0xB7, 0x0E, 0xFF,     0xFF, 0xB7, 0x0E, 0xFF,
    0xFF, 0xB6, 0x0E, 0xFF,     0xFF, 0xB6, 0x0D, 0xFF,     0xFF, 0xB6, 0x0D, 0xFF,     0xFF, 0xB5, 0x0D, 0xFF,
    0xFF, 0xB5, 0x0D, 0xFF,     0xFF, 0xB4, 0x0D, 0xFF,     0xFF, 0xB4, 0x0D, 0xFF,     0xFF, 0xB3, 0x0D, 0xFF,
    0xFF, 0xB3, 0x0C, 0xFF,     0xFF, 0xB2, 0x0C, 0xFF,     0xFF, 0xB2, 0x0C, 0xFF,     0xFF, 0xB1, 0x0C, 0xFF,
    0xFF, 0xB1, 0x0C, 0xFF,     0xFF, 0xB1, 0x0C, 0xFF,     0xFF, 0xB0, 0x0C, 0xFF,     0xFF, 0xB0, 0x0B, 0xFF,
    0xFF, 0xAF, 0x0B, 0xFF,     0xFF, 0xAF, 0x0B, 0xFF,     0xFF, 0xAE, 0x0B, 0xFF,     0xFF, 0xAE, 0x0B, 0xD2,
    0x00, 0x00, 0x00, 0x00,     0x00, 0x00, 0x00, 0x00,     0x00, 0x00, 0x00, 0x00,     0x00, 0x00, 0x00, 0x00,
    0x00, 0x00, 0x00, 0x00,     0x00, 0x00, 0x00, 0x00,     0x00, 0x00, 0x00, 0x00,     0x00, 0x00, 0x00, 0x00,
    0x00, 0x00, 0x00, 0x00,     0x00, 0x00, 0x00, 0x00,     0x00, 0x00, 0x00, 0x00,     0x00, 0x00, 0x00, 0x00,
    0x00, 0x00, 0x00, 0x00,     0x00, 0x00, 0x00, 0x00,     0x00, 0x00, 0x00, 0x00,     0x00, 0x00, 0x00, 0x00,
    0x00, 0x00, 0x00, 0x00,     0x00, 0x00, 0x00, 0x00,     0x00, 0x00, 0x00, 0x00,     0x00, 0x00, 0x00, 0x00,
    0x00, 0x00, 0x00, 0x00,     0x00, 0x00, 0x00, 0x00,     0x00, 0x00, 0x00, 0x00,     0x00, 0x00, 0x00, 0x00,
    0x00, 0x00, 0x00, 0x00,     0x00, 0x00, 0x00, 0x00,     0x00, 0x00, 0x00, 0x00,     0x00, 0x00, 0x00, 0x00,
    0x00, 0x00, 0x00, 0x00,     0x00, 0x00, 0x00, 0x00,     0x00, 0x00, 0x00, 0x00,     0x00, 0x00, 0x00, 0x00,
    0x00, 0x00, 0x00, 0x00,     0x00, 0x00, 0x00, 0x00,     0x00, 0x00, 0x00, 0x00,     0x00, 0x00, 0x00, 0x00,
    0x00, 0x00, 0x00, 0x00,     0x00, 0x00, 0x00, 0x00,     0x00, 0x00, 0x00, 0x00,     0x00, 0x00, 0x00, 0x00,
    0x00, 0x00, 0x00, 0x00,     0x00, 0x00, 0x00, 0x00,     0x00, 0x00, 0x00, 0x00,     0x00, 0x00, 0x00, 0x00,
    0x00, 0x00, 0x00, 0x00,     0x00, 0x00, 0x00, 0x00,     0x00, 0x00, 0x00, 0x00,     0x00, 0x00, 0x00, 0x00,
    0x00, 0x00, 0x00, 0x00,     0x00, 0x00, 0x00, 0x00,     0x00, 0x00, 0x00, 0x00,     0x00, 0x00, 0x00, 0x00,
    0x00, 0x00, 0x00, 0x00,     0x00, 0x00, 0x00, 0x00,     0x00, 0x00, 0x00, 0x00,     0x00, 0x00, 0x00, 0x00,
    0x00, 0x00, 0x00, 0x00,     0x00, 0x00, 0x00, 0x00,     0x00, 0x00, 0x00, 0x00,     0x00, 0x00, 0x00, 0x00,
    0x00, 0x00, 0x00, 0x00,     0x00, 0x00, 0x00, 0x00,     0x00, 0x00, 0x00, 0x00,     0x00, 0x00, 0x00, 0x00,
    0x00, 0x00, 0x00, 0x00,     0x00, 0x00, 0x00, 0x00,     0x00, 0x00, 0x00, 0x00,     0x00, 0x00, 0x00, 0x00,
    0x00, 0x00, 0x00, 0x00,     0x00, 0x00, 0x00, 0x00,     0x00, 0x00, 0x00, 0x00,     0x00, 0x00, 0x00, 0x00,
    0xFF, 0xC7, 0x13, 0xFF,     0xFF, 0xC6, 0x13, 0xFF,     0xFF, 0xC6, 0x13, 0xFF,     0xFF, 0xC5, 0x12, 0xFF,
    0xFF, 0xC5, 0x12, 0xFF,     0xFF, 0xC5, 0x12, 0xFF,     0xFF, 0xC4, 0x12, 0xFF,     0xFF, 0xC4, 0x12, 0xFF,
    0xFF, 0xC3, 0x12, 0xFF,     0xFF, 0xC3, 0x12, 0xFF,     0xFF, 0xC2, 0x11, 0xFF,     0xFF, 0xC2, 0x11, 0xFF,
    0xFF, 0xC1, 0x11, 0xFF,     0xFF, 0xC1, 0x11, 0xFF,     0xFF, 0xC0, 0x11, 0xFF,     0xFF, 0xC0, 0x11, 0xFF,
    0xFF, 0xC0, 0x11, 0xFF,     0xFF, 0xBF, 0x10, 0xFF,     0xFF, 0xBF, 0x10, 0xFF,     0xFF, 0xBE, 0x10, 0xFF,
    0xFF, 0xBE, 0x10, 0xFF,     0xFF, 0xBD, 0x10, 0xFF,     0xFF, 0xBD, 0x10, 0xFF,     0xFF, 0xBC, 0x10, 0xFF,
    0xFF, 0xBC, 0x0F, 0xFF,     0xFF, 0xBB, 0x0F, 0xFF,     0xFF, 0xBB, 0x0F, 0xFF,     0xFF, 0xBB, 0x0F, 0xFF,
    0xFF, 0xBA, 0x0F, 0xFF,     0xFF, 0xBA, 0x0F, 0xFF,     0xFF, 0xB9, 0x0E, 0xFF,     0xFF, 0xB9, 0x0E, 0xFF,
    0xFF, 0xB8, 0x0E, 0xFF,     0xFF, 0xB8, 0x0E, 0xFF,     0xFF, 0xB7, 0x0E, 0xFF,     0xFF, 0xB7, 0x0E, 0xFF,
    0xFF, 0xB6, 0x0E, 0xFF,     0xFF, 0xB6, 0x0D, 0xFF,     0xFF, 0xB6, 0x0D, 0xFF,     0xFF, 0xB5, 0x0D, 0xFF,
    0xFF, 0xB5, 0x0D, 0xFF,     0xFF, 0xB4, 0x0D, 0xFF,     0xFF, 0xB4, 0x0D, 0xFF,     0xFF, 0xB3, 0x0D, 0xFF,
    0xFF, 0xB3, 0x0C, 0xFF,     0xFF, 0xB2, 0x0C, 0xFF,     0xFF, 0xB2, 0x0C, 0xFF,     0xFF, 0xB1, 0x0C, 0xFF,
    0xFF, 0xB1, 0x0C, 0xFF,     0xFF, 0xB1, 0x0C, 0xFF,     0xFF, 0xB0, 0x0C, 0xFF,     0xFF, 0xB0, 0x0B, 0xFF,
    0xFF, 0xAF, 0x0B, 0xFF,     0xFF, 0xAF, 0x0B, 0xFF,     0xFF, 0xAE, 0x0B, 0xFF,     0xFF, 0xAE, 0x0B, 0xFF,
    0xFF, 0xAE, 0x0B, 0x77,     0x00, 0x00, 0x00, 0x00,     0x00, 0x00, 0x00, 0x00,     0x00, 0x00, 0x00, 0x00,
    0x00, 0x00, 0x00, 0x00,     0x00, 0x00, 0x00, 0x00,     0x00, 0x00, 0x00, 0x00,     0x00, 0x00, 0x00, 0x00,
    0x00, 0x00, 0x00, 0x00,     0x00, 0x00, 0x00, 0x00,     0x00, 0x00, 0x00, 0x00,     0x00, 0x00, 0x00, 0x00,
    0x00, 0x00, 0x00, 0x00,     0x00, 0x00, 0x00, 0x00,     0x00, 0x00, 0x00, 0x00,     0x00, 0x00, 0x00, 0x00,
    0x00, 0x00, 0x00, 0x00,     0x00, 0x00, 0x00, 0x00,     0x00, 0x00, 0x00, 0x00,     0x00, 0x00, 0x00, 0x00,
    0x00, 0x00, 0x00, 0x00,     0x00, 0x00, 0x00, 0x00,     0x00, 0x00, 0x00, 0x00,     0x00, 0x00, 0x00, 0x00,
    0x00, 0x00, 0x00, 0x00,     0x00, 0x00, 0x00, 0x00,     0x00, 0x00, 0x00, 0x00,     0x00, 0x00, 0x00, 0x00,
    0x00, 0x00, 0x00, 0x00,     0x00, 0x00, 0x00, 0x00,     0x00, 0x00, 0x00, 0x00,     0x00, 0x00, 0x00, 0x00,
    0x00, 0x00, 0x00, 0x00,     0x00, 0x00, 0x00, 0x00,     0x00, 0x00, 0x00, 0x00,     0x00, 0x00, 0x00, 0x00,
    0x00, 0x00, 0x00, 0x00,     0x00, 0x00, 0x00, 0x00,     0x00, 0x00, 0x00, 0x00,     0x00, 0x00, 0x00, 0x00,
    0x00, 0x00, 0x00, 0x00,     0x00, 0x00, 0x00, 0x00,     0x00, 0x00, 0x00, 0x00,     0x00, 0x00, 0x00, 0x00,
    0x00, 0x00, 0x00, 0x00,     0x00, 0x00, 0x00, 0x00,     0x00, 0x00, 0x00, 0x00,     0x00, 0x00, 0x00, 0x00,
    0x00, 0x00, 0x00, 0x00,     0x00, 0x00, 0x00, 0x00,     0x00, 0x00, 0x00, 0x00,     0x00, 0x00, 0x00, 0x00,
    0x00, 0x00, 0x00, 0x00,     0x00, 0x00, 0x00, 0x00,     0x00, 0x00, 0x00, 0x00,     0x00, 0x00, 0x00, 0x00,
    0x00, 0x00, 0x00, 0x00,     0x00, 0x00, 0x00, 0x00,     0x00, 0x00, 0x00, 0x00,     0x00, 0x00, 0x00, 0x00,
    0x00, 0x00, 0x00, 0x00,     0x00, 0x00, 0x00, 0x00,     0x00, 0x00, 0x00, 0x00,     0x00, 0x00, 0x00, 0x00,
    0x00, 0x00, 0x00, 0x00,     0x00, 0x00, 0x00, 0x00,     0x00, 0x00, 0x00, 0x00,     0x00, 0x00, 0x00, 0x00,
    0x00, 0x00, 0x00, 0x00,     0x00, 0x00, 0x00, 0x00,     0x00, 0x00, 0x00, 0x00,     0x00, 0x00, 0x00, 0x00,
    0xFF, 0xC7, 0x13, 0xFF,     0xFF, 0xC6, 0x13, 0xFF,     0xFF, 0xC6, 0x13, 0xFF,     0xFF, 0xC5, 0x12, 0xFF,
    0xFF, 0xC5, 0x12, 0xFF,     0xFF, 0xC5, 0x12, 0xFF,     0xFF, 0xC4, 0x12, 0xFF,     0xFF, 0xC4, 0x12, 0xFF,
    0xFF, 0xC3, 0x12, 0xFF,     0xFF, 0xC3, 0x12, 0xFF,     0xFF, 0xC2, 0x11, 0xFF,     0xFF, 0xC2, 0x11, 0xFF,
    0xFF, 0xC1, 0x11, 0xFF,     0xFF, 0xC1, 0x11, 0xFF,     0xFF, 0xC0, 0x11, 0xFF,     0xFF, 0xC0, 0x11, 0xFF,
    0xFF, 0xC0, 0x11, 0xFF,     0xFF, 0xBF, 0x10, 0xFF,     0xFF, 0xBF, 0x10, 0xFF,     0xFF, 0xBE, 0x10, 0xFF,
    0xFF, 0xBE, 0x10, 0xFF,     0xFF, 0xBD, 0x10, 0xFF,     0xFF, 0xBD, 0x10, 0xFF,     0xFF, 0xBC, 0x10, 0xFF,
    0xFF, 0xBC, 0x0F, 0xFF,     0xFF, 0xBB, 0x0F, 0xFF,     0xFF, 0xBB, 0x0F, 0xFF,     0xFF, 0xBB, 0x0F, 0xFF,
    0xFF, 0xBA, 0x0F, 0xFF,     0xFF, 0xBA, 0x0F, 0xFF,     0xFF, 0xB9, 0x0E, 0xFF,     0xFF, 0xB9, 0x0E, 0xFF,
    0xFF, 0xB8, 0x0E, 0xFF,     0xFF, 0xB8, 0x0E, 0xFF,     0xFF, 0xB7, 0x0E, 0xFF,     0xFF, 0xB7, 0x0E, 0xFF,
    0xFF, 0xB6, 0x0E, 0xFF,     0xFF, 0xB6, 0x0D, 0xFF,     0xFF, 0xB6, 0x0D, 0xFF,     0xFF, 0xB5, 0x0D, 0xFF,
    0xFF, 0xB5, 0x0D, 0xFF,     0xFF, 0xB4, 0x0D, 0xFF,     0xFF, 0xB4, 0x0D, 0xFF,     0xFF, 0xB3, 0x0D, 0xFF,
    0xFF, 0xB3, 0x0C, 0xFF,     0xFF, 0xB2, 0x0C, 0xFF,     0xFF, 0xB2, 0x0C, 0xFF,     0xFF, 0xB1, 0x0C, 0xFF,
    0xFF, 0xB1, 0x0C, 0xFF,     0xFF, 0xB1, 0x0C, 0xFF,     0xFF, 0xB0, 0x0C, 0xFF,     0xFF, 0xB0, 0x0B, 0xFF,
    0xFF, 0xAF, 0x0B, 0xFF,     0xFF, 0xAF, 0x0B, 0xFF,     0xFF, 0xAE, 0x0B, 0xFF,     0xFF, 0xAE, 0x0B, 0xFF,
    0xFF, 0xAD, 0x0B, 0xFB,     0xFF, 0xB1, 0x00, 0x17,     0x00, 0x00, 0x00, 0x00,     0x00, 0x00, 0x00, 0x00,
    0x00, 0x00, 0x00, 0x00,     0x00, 0x00, 0x00, 0x00,     0x00, 0x00, 0x00, 0x00,     0x00, 0x00, 0x00, 0x00,
    0x00, 0x00, 0x00, 0x00,     0x00, 0x00, 0x00, 0x00,     0x00, 0x00, 0x00, 0x00,     0x00, 0x00, 0x00, 0x00,
    0x00, 0x00, 0x00, 0x00,     0x00, 0x00, 0x00, 0x00,     0x00, 0x00, 0x00, 0x00,     0x00, 0x00, 0x00, 0x00,
    0x00, 0x00, 0x00, 0x00,     0x00, 0x00, 0x00, 0x00,     0x00, 0x00, 0x00, 0x00,     0x00, 0x00, 0x00, 0x00,
    0x00, 0x00, 0x00, 0x00,     0x00, 0x00, 0x00, 0x00,     0x00, 0x00, 0x00, 0x00,     0x00, 0x00, 0x00, 0x00,
    0x00, 0x00, 0x00, 0x00,     0x00, 0x00, 0x00, 0x00,     0x00, 0x00, 0x00, 0x00,     0x00, 0x00, 0x00, 0x00,
    0x00, 0x00, 0x00, 0x00,     0x00, 0x00, 0x00, 0x00,     0x00, 0x00, 0x00, 0x00,     0x00, 0x00, 0x00, 0x00,
    0x00, 0x00, 0x00, 0x00,     0x00, 0x00, 0x00, 0x00,     0x00, 0x00, 0x00, 0x00,     0x00, 0x00, 0x00, 0x00,
    0x00, 0x00, 0x00, 0x00,     0x00, 0x00, 0x00, 0x00,     0x00, 0x00, 0x00, 0x00,     0x00, 0x00, 0x00, 0x00,
    0x00, 0x00, 0x00, 0x00,     0x00, 0x00, 0x00, 0x00,     0x00, 0x00, 0x00, 0x00,     0x00, 0x00, 0x00, 0x00,
    0x00, 0x00, 0x00, 0x00,     0x00, 0x00, 0x00, 0x00,     0x00, 0x00, 0x00, 0x00,     0x00, 0x00, 0x00, 0x00,
    0x00, 0x00, 0x00, 0x00,     0x00, 0x00, 0x00, 0x00,     0x00, 0x00, 0x00, 0x00,     0x00, 0x00, 0x00, 0x00,
    0x00, 0x00, 0x00, 0x00,     0x00, 0x00, 0x00, 0x00,     0x00, 0x00, 0x00, 0x00,     0x00, 0x00, 0x00, 0x00,
    0x00, 0x00, 0x00, 0x00,     0x00, 0x00, 0x00, 0x00,     0x00, 0x00, 0x00, 0x00,     0x00, 0x00, 0x00, 0x00,
    0x00, 0x00, 0x00, 0x00,     0x00, 0x00, 0x00, 0x00,     0x00, 0x00, 0x00, 0x00,     0x00, 0x00, 0x00, 0x00,
    0x00, 0x00, 0x00, 0x00,     0x00, 0x00, 0x00, 0x00,     0x00, 0x00, 0x00, 0x00,     0x00, 0x00, 0x00, 0x00,
    0x00, 0x00, 0x00, 0x00,     0x00, 0x00, 0x00, 0x00,     0x00, 0x00, 0x00, 0x00,     0x00, 0x00, 0x00, 0x00,
    0xFF, 0xC7, 0x13, 0xFF,     0xFF, 0xC6, 0x13, 0xFF,     0xFF, 0xC6, 0x13, 0xFF,     0xFF, 0xC5, 0x12, 0xFF,
    0xFF, 0xC5, 0x12, 0xFF,     0xFF, 0xC5, 0x12, 0xFF,     0xFF, 0xC4, 0x12, 0xFF,     0xFF, 0xC4, 0x12, 0xFF,
    0xFF, 0xC3, 0x12, 0xFF,     0xFF, 0xC3, 0x12, 0xFF,     0xFF, 0xC2, 0x11, 0xFF,     0xFF, 0xC2, 0x11, 0xFF,
    0xFF, 0xC1, 0x11, 0xFF,     0xFF, 0xC1, 0x11, 0xFF,     0xFF, 0xC0, 0x11, 0xFF,     0xFF, 0xC0, 0x11, 0xFF,
    0xFF, 0xC0, 0x11, 0xFF,     0xFF, 0xBF, 0x10, 0xFF,     0xFF, 0xBF, 0x10, 0xFF,     0xFF, 0xBE, 0x10, 0xFF,
    0xFF, 0xBE, 0x10, 0xFF,     0xFF, 0xBD, 0x10, 0xFF,     0xFF, 0xBD, 0x10, 0xFF,     0xFF, 0xBC, 0x10, 0xFF,
    0xFF, 0xBC, 0x0F, 0xFF,     0xFF, 0xBB, 0x0F, 0xFF,     0xFF, 0xBB, 0x0F, 0xFF,     0xFF, 0xBB, 0x0F, 0xFF,
    0xFF, 0xBA, 0x0F, 0xFF,     0xFF, 0xBA, 0x0F, 0xFF,     0xFF, 0xB9, 0x0E, 0xFF,     0xFF, 0xB9, 0x0E, 0xFF,
    0xFF, 0xB8, 0x0E, 0xFF,     0xFF, 0xB8, 0x0E, 0xFF,     0xFF, 0xB7, 0x0E, 0xFF,     0xFF, 0xB7, 0x0E, 0xFF,
    0xFF, 0xB6, 0x0E, 0xFF,     0xFF, 0xB6, 0x0D, 0xFF,     0xFF, 0xB6, 0x0D, 0xFF,     0xFF, 0xB5, 0x0D, 0xFF,
    0xFF, 0xB5, 0x0D, 0xFF,     0xFF, 0xB4, 0x0D, 0xFF,     0xFF, 0xB4, 0x0D, 0xFF,     0xFF, 0xB3, 0x0D, 0xFF,
    0xFF, 0xB3, 0x0C, 0xFF,     0xFF, 0xB2, 0x0C, 0xFF,     0xFF, 0xB2, 0x0C, 0xFF,     0xFF, 0xB1, 0x0C, 0xFF,
    0xFF, 0xB1, 0x0C, 0xFF,     0xFF, 0xB1, 0x0C, 0xFF,     0xFF, 0xB0, 0x0C, 0xFF,     0xFF, 0xB0, 0x0B, 0xFF,
    0xFF, 0xAF, 0x0B, 0xFF,     0xFF, 0xAF, 0x0B, 0xFF,     0xFF, 0xAE, 0x0B, 0xFF,     0xFF, 0xAE, 0x0B, 0xFF,
    0xFF, 0xAD, 0x0B, 0xFF,     0xFF, 0xAD, 0x0A, 0xD4,     0x00, 0x00, 0x00, 0x00,     0x00, 0x00, 0x00, 0x00,
    0x00, 0x00, 0x00, 0x00,     0x00, 0x00, 0x00, 0x00,     0x00, 0x00, 0x00, 0x00,     0x00, 0x00, 0x00, 0x00,
    0x00, 0x00, 0x00, 0x00,     0x00, 0x00, 0x00, 0x00,     0x00, 0x00, 0x00, 0x00,     0x00, 0x00, 0x00, 0x00,
    0x00, 0x00, 0x00, 0x00,     0x00, 0x00, 0x00, 0x00,     0x00, 0x00, 0x00, 0x00,     0x00, 0x00, 0x00, 0x00,
    0x00, 0x00, 0x00, 0x00,     0x00, 0x00, 0x00, 0x00,     0x00, 0x00, 0x00, 0x00,     0x00, 0x00, 0x00, 0x00,
    0x00, 0x00, 0x00, 0x00,     0x00, 0x00, 0x00, 0x00,     0x00, 0x00, 0x00, 0x00,     0x00, 0x00, 0x00, 0x00,
    0x00, 0x00, 0x00, 0x00,     0x00, 0x00, 0x00, 0x00,     0x00, 0x00, 0x00, 0x00,     0x00, 0x00, 0x00, 0x00,
    0x00, 0x00, 0x00, 0x00,     0x00, 0x00, 0x00, 0x00,     0x00, 0x00, 0x00, 0x00,     0x00, 0x00, 0x00, 0x00,
    0x00, 0x00, 0x00, 0x00,     0x00, 0x00, 0x00, 0x00,     0x00, 0x00, 0x00, 0x00,     0x00, 0x00, 0x00, 0x00,
    0x00, 0x00, 0x00, 0x00,     0x00, 0x00, 0x00, 0x00,     0x00, 0x00, 0x00, 0x00,     0x00, 0x00, 0x00, 0x00,
    0x00, 0x00, 0x00, 0x00,     0x00, 0x00, 0x00, 0x00,     0x00, 0x00, 0x00, 0x00,     0x00, 0x00, 0x00, 0x00,
    0x00, 0x00, 0x00, 0x00,     0x00, 0x00, 0x00, 0x00,     0x00, 0x00, 0x00, 0x00,     0x00, 0x00, 0x00, 0x00,
    0x00, 0x00, 0x00, 0x00,     0x00, 0x00, 0x00, 0x00,     0x00, 0x00, 0x00, 0x00,     0x00, 0x00, 0x00, 0x00,
    0x00, 0x00, 0x00, 0x00,     0x00, 0x00, 0x00, 0x00,     0x00, 0x00, 0x00, 0x00,     0x00, 0x00, 0x00, 0x00,
    0x00, 0x00, 0x00, 0x00,     0x00, 0x00, 0x00, 0x00,     0x00, 0x00, 0x00, 0x00,     0x00, 0x00, 0x00, 0x00,
    0x00, 0x00, 0x00, 0x00,     0x00, 0x00, 0x00, 0x00,     0x00, 0x00, 0x00, 0x00,     0x00, 0x00, 0x00, 0x00,
    0x00, 0x00, 0x00, 0x00,     0x00, 0x00, 0x00, 0x00,     0x00, 0x00, 0x00, 0x00,     0x00, 0x00, 0x00, 0x00,
    0x00, 0x00, 0x00, 0x00,     0x00, 0x00, 0x00, 0x00,     0x00, 0x00, 0x00, 0x00,     0x00, 0x00, 0x00, 0x00,
    0xFF, 0xC7, 0x13, 0xFF,     0xFF, 0xC6, 0x13, 0xFF,     0xFF, 0xC6, 0x13, 0xFF,     0xFF, 0xC5, 0x12, 0xFF,
    0xFF, 0xC5, 0x12, 0xFF,     0xFF, 0xC5, 0x12, 0xFF,     0xFF, 0xC4, 0x12, 0xFF,     0xFF, 0xC4, 0x12, 0xFF,
    0xFF, 0xC3, 0x12, 0xFF,     0xFF, 0xC3, 0x12, 0xFF,     0xFF, 0xC2, 0x11, 0xFF,     0xFF, 0xC2, 0x11, 0xFF,
    0xFF, 0xC1, 0x11, 0xFF,     0xFF, 0xC1, 0x11, 0xFF,     0xFF, 0xC0, 0x11, 0xFF,     0xFF, 0xC0, 0x11, 0xFF,
    0xFF, 0xC0, 0x11, 0xFF,     0xFF, 0xBF, 0x10, 0xFF,     0xFF, 0xBF, 0x10, 0xFF,     0xFF, 0xBE, 0x10, 0xFF,
    0xFF, 0xBE, 0x10, 0xFF,     0xFF, 0xBD, 0x10, 0xFF,     0xFF, 0xBD, 0x10, 0xFF,     0xFF, 0xBC, 0x10, 0xFF,
    0xFF, 0xBC, 0x0F, 0xFF,     0xFF, 0xBB, 0x0F, 0xFF,     0xFF, 0xBB, 0x0F, 0xFF,     0xFF, 0xBB, 0x0F, 0xFF,
    0xFF, 0xBA, 0x0F, 0xFF,     0xFF, 0xBA, 0x0F, 0xFF,     0xFF, 0xB9, 0x0E, 0xFF,     0xFF, 0xB9, 0x0E, 0xFF,
    0xFF, 0xB8, 0x0E, 0xFF,     0xFF, 0xB8, 0x0E, 0xFF,     0xFF, 0xB7, 0x0E, 0xFF,     0xFF, 0xB7, 0x0E, 0xFF,
    0xFF, 0xB6, 0x0E, 0xFF,     0xFF, 0xB6, 0x0D, 0xFF,     0xFF, 0xB6, 0x0D, 0xFF,     0xFF, 0xB5, 0x0D, 0xFF,
    0xFF, 0xB5, 0x0D, 0xFF,     0xFF, 0xB4, 0x0D, 0xFF,     0xFF, 0xB4, 0x0D, 0xFF,     0xFF, 0xB3, 0x0D, 0xFF,
    0xFF, 0xB3, 0x0C, 0xFF,     0xFF, 0xB2, 0x0C, 0xFF,     0xFF, 0xB2, 0x0C, 0xFF,     0xFF, 0xB1, 0x0C, 0xFF,
    0xFF, 0xB1, 0x0C, 0xFF,     0xFF, 0xB1, 0x0C, 0xFF,     0xFF, 0xB0, 0x0C, 0xFF,     0xFF, 0xB0, 0x0B, 0xFF,
    0xFF, 0xAF, 0x0B, 0xFF,     0xFF, 0xAF, 0x0B, 0xFF,     0xFF, 0xAE, 0x0B, 0xFF,     0xFF, 0xAE, 0x0B, 0xFF,
    0xFF, 0xAD, 0x0B, 0xFF,     0xFF, 0xAD, 0x0A, 0xFF,     0xFF, 0xAC, 0x0C, 0x94,     0x00, 0x00, 0x00, 0x00,
    0x00, 0x00, 0x00, 0x00,     0x00, 0x00, 0x00, 0x00,     0x00, 0x00, 0x00, 0x00,     0x00, 0x00, 0x00, 0x00,
    0x00, 0x00, 0x00, 0x00,     0x00, 0x00, 0x00, 0x00,     0x00, 0x00, 0x00, 0x00,     0x00, 0x00, 0x00, 0x00,
    0x00, 0x00, 0x00, 0x00,     0x00, 0x00, 0x00, 0x00,     0x00, 0x00, 0x00, 0x00,     0x00, 0x00, 0x00, 0x00,
    0x00, 0x00, 0x00, 0x00,     0x00, 0x00, 0x00, 0x00,     0x00, 0x00, 0x00, 0x00,     0x00, 0x00, 0x00, 0x00,
    0x00, 0x00, 0x00, 0x00,     0x00, 0x00, 0x00, 0x00,     0x00, 0x00, 0x00, 0x00,     0x00, 0x00, 0x00, 0x00,
    0x00, 0x00, 0x00, 0x00,     0x00, 0x00, 0x00, 0x00,     0x00, 0x00, 0x00, 0x00,     0x00, 0x00, 0x00, 0x00,
    0x00, 0x00, 0x00, 0x00,     0x00, 0x00, 0x00, 0x00,     0x00, 0x00, 0x00, 0x00,     0x00, 0x00, 0x00, 0x00,
    0x00, 0x00, 0x00, 0x00,     0x00, 0x00, 0x00, 0x00,     0x00, 0x00, 0x00, 0x00,     0x00, 0x00, 0x00, 0x00,
    0x00, 0x00, 0x00, 0x00,     0x00, 0x00, 0x00, 0x00,     0x00, 0x00, 0x00, 0x00,     0x00, 0x00, 0x00, 0x00,
    0x00, 0x00, 0x00, 0x00,     0x00, 0x00, 0x00, 0x00,     0x00, 0x00, 0x00, 0x00,     0x00, 0x00, 0x00, 0x00,
    0x00, 0x00, 0x00, 0x00,     0x00, 0x00, 0x00, 0x00,     0x00, 0x00, 0x00, 0x00,     0x00, 0x00, 0x00, 0x00,
    0x00, 0x00, 0x00, 0x00,     0x00, 0x00, 0x00, 0x00,     0x00, 0x00, 0x00, 0x00,     0x00, 0x00, 0x00, 0x00,
    0x00, 0x00, 0x00, 0x00,     0x00, 0x00, 0x00, 0x00,     0x00, 0x00, 0x00, 0x00,     0x00, 0x00, 0x00, 0x00,
    0x00, 0x00, 0x00, 0x00,     0x00, 0x00, 0x00, 0x00,     0x00, 0x00, 0x00, 0x00,     0x00, 0x00, 0x00, 0x00,
    0x00, 0x00, 0x00, 0x00,     0x00, 0x00, 0x00, 0x00,     0x00, 0x00, 0x00, 0x00,     0x00, 0x00, 0x00, 0x00,
    0x00, 0x00, 0x00, 0x00,     0x00, 0x00, 0x00, 0x00,     0x00, 0x00, 0x00, 0x00,     0x00, 0x00, 0x00, 0x00,
    0x00, 0x00, 0x00, 0x00,     0x00, 0x00, 0x00, 0x00,     0x00, 0x00, 0x00, 0x00,     0x00, 0x00, 0x00, 0x00,
    0xFF, 0xC7, 0x13, 0xFF,     0xFF, 0xC6, 0x13, 0xFF,     0xFF, 0xC6, 0x13, 0xFF,     0xFF, 0xC5, 0x12, 0xFF,
    0xFF, 0xC5, 0x12, 0xFF,     0xFF, 0xC5, 0x12, 0xFF,     0xFF, 0xC4, 0x12, 0xFF,     0xFF, 0xC4, 0x12, 0xFF,
    0xFF, 0xC3, 0x12, 0xFF,     0xFF, 0xC3, 0x12, 0xFF,     0xFF, 0xC2, 0x11, 0xFF,     0xFF, 0xC2, 0x11, 0xFF,
    0xFF, 0xC1, 0x11, 0xFF,     0xFF, 0xC1, 0x11, 0xFF,     0xFF, 0xC0, 0x11, 0xFF,     0xFF, 0xC0, 0x11, 0xFF,
    0xFF, 0xC0, 0x11, 0xFF,     0xFF, 0xBF, 0x10, 0xFF,     0xFF, 0xBF, 0x10, 0xFF,     0xFF, 0xBE, 0x10, 0xFF,
    0xFF, 0xBE, 0x10, 0xFF,     0xFF, 0xBD, 0x10, 0xFF,     0xFF, 0xBD, 0x10, 0xFF,     0xFF, 0xBC, 0x10, 0xFF,
    0xFF, 0xBC, 0x0F, 0xFF,     0xFF, 0xBB, 0x0F, 0xFF,     0xFF, 0xBB, 0x0F, 0xFF,     0xFF, 0xBB, 0x0F, 0xFF,
    0xFF, 0xBA, 0x0F, 0xFF,     0xFF, 0xBA, 0x0F, 0xFF,     0xFF, 0xB9, 0x0E, 0xFF,     0xFF, 0xB9, 0x0E, 0xFF,
    0xFF, 0xB8, 0x0E, 0xFF,     0xFF, 0xB8, 0x0E, 0xFF,     0xFF, 0xB7, 0x0E, 0xFF,     0xFF, 0xB7, 0x0E, 0xFF,
    0xFF, 0xB6, 0x0E, 0xFF,     0xFF, 0xB6, 0x0D, 0xFF,     0xFF, 0xB6, 0x0D, 0xFF,     0xFF, 0xB5, 0x0D, 0xFF,
    0xFF, 0xB5, 0x0D, 0xFF,     0xFF, 0xB4, 0x0D, 0xFF,     0xFF, 0xB4, 0x0D, 0xFF,     0xFF, 0xB3, 0x0D, 0xFF,
    0xFF, 0xB3, 0x0C, 0xFF,     0xFF, 0xB2, 0x0C, 0xFF,     0xFF, 0xB2, 0x0C, 0xFF,     0xFF, 0xB1, 0x0C, 0xFF,
    0xFF, 0xB1, 0x0C, 0xFF,     0xFF, 0xB1, 0x0C, 0xFF,     0xFF, 0xB0, 0x0C, 0xFF,     0xFF, 0xB0, 0x0B, 0xFF,
    0xFF, 0xAF, 0x0B, 0xFF,     0xFF, 0xAF, 0x0B, 0xFF,     0xFF, 0xAE, 0x0B, 0xFF,     0xFF, 0xAE, 0x0B, 0xFF,
    0xFF, 0xAD, 0x0B, 0xFF,     0xFF, 0xAD, 0x0A, 0xFF,     0xFF, 0xAD, 0x09, 0xFE,     0xFF, 0xA9, 0x0D, 0x4D,
    0x00, 0x00, 0x00, 0x00,     0x00, 0x00, 0x00, 0x00,     0x00, 0x00, 0x00, 0x00,     0x00, 0x00, 0x00, 0x00,
    0x00, 0x00, 0x00, 0x00,     0x00, 0x00, 0x00, 0x00,     0x00, 0x00, 0x00, 0x00,     0x00, 0x00, 0x00, 0x00,
    0x00, 0x00, 0x00, 0x00,     0x00, 0x00, 0x00, 0x00,     0x00, 0x00, 0x00, 0x00,     0x00, 0x00, 0x00, 0x00,
    0x00, 0x00, 0x00, 0x00,     0x00, 0x00, 0x00, 0x00,     0x00, 0x00, 0x00, 0x00,     0x00, 0x00, 0x00, 0x00,
    0x00, 0x00, 0x00, 0x00,     0x00, 0x00, 0x00, 0x00,     0x00, 0x00, 0x00, 0x00,     0x00, 0x00, 0x00, 0x00,
    0x00, 0x00, 0x00, 0x00,     0x00, 0x00, 0x00, 0x00,     0x00, 0x00, 0x00, 0x00,     0x00, 0x00, 0x00, 0x00,
    0x00, 0x00, 0x00, 0x00,     0x00, 0x00, 0x00, 0x00,     0x00, 0x00, 0x00, 0x00,     0x00, 0x00, 0x00, 0x00,
    0x00, 0x00, 0x00, 0x00,     0x00, 0x00, 0x00, 0x00,     0x00, 0x00, 0x00, 0x00,     0x00, 0x00, 0x00, 0x00,
    0x00, 0x00, 0x00, 0x00,     0x00, 0x00, 0x00, 0x00,     0x00, 0x00, 0x00, 0x00,     0x00, 0x00, 0x00, 0x00,
    0x00, 0x00, 0x00, 0x00,     0x00, 0x00, 0x00, 0x00,     0x00, 0x00, 0x00, 0x00,     0x00, 0x00, 0x00, 0x00,
    0x00, 0x00, 0x00, 0x00,     0x00, 0x00, 0x00, 0x00,     0x00, 0x00, 0x00, 0x00,     0x00, 0x00, 0x00, 0x00,
    0x00, 0x00, 0x00, 0x00,     0x00, 0x00, 0x00, 0x00,     0x00, 0x00, 0x00, 0x00,     0x00, 0x00, 0x00, 0x00,
    0x00, 0x00, 0x00, 0x00,     0x00, 0x00, 0x00, 0x00,     0x00, 0x00, 0x00, 0x00,     0x00, 0x00, 0x00, 0x00,
    0x00, 0x00, 0x00, 0x00,     0x00, 0x00, 0x00, 0x00,     0x00, 0x00, 0x00, 0x00,     0x00, 0x00, 0x00, 0x00,
    0x00, 0x00, 0x00, 0x00,     0x00, 0x00, 0x00, 0x00,     0x00, 0x00, 0x00, 0x00,     0x00, 0x00, 0x00, 0x00,
    0x00, 0x00, 0x00, 0x00,     0x00, 0x00, 0x00, 0x00,     0x00, 0x00, 0x00, 0x00,     0x00, 0x00, 0x00, 0x00,
    0x00, 0x00, 0x00, 0x00,     0x00, 0x00, 0x00, 0x00,     0x00, 0x00, 0x00, 0x00,     0x00, 0x00, 0x00, 0x00,
    0xFF, 0xC7, 0x13, 0xFF,     0xFF, 0xC6, 0x13, 0xFF,     0xFF, 0xC6, 0x13, 0xFF,     0xFF, 0xC5, 0x12, 0xFF,
    0xFF, 0xC5, 0x12, 0xFF,     0xFF, 0xC5, 0x12, 0xFF,     0xFF, 0xC4, 0x12, 0xFF,     0xFF, 0xC4, 0x12, 0xFF,
    0xFF, 0xC3, 0x12, 0xFF,     0xFF, 0xC3, 0x12, 0xFF,     0xFF, 0xC2, 0x11, 0xFF,     0xFF, 0xC2, 0x11, 0xFF,
    0xFF, 0xC1, 0x11, 0xFF,     0xFF, 0xC1, 0x11, 0xFF,     0xFF, 0xC0, 0x11, 0xFF,     0xFF, 0xC0, 0x11, 0xFF,
    0xFF, 0xC0, 0x11, 0xFF,     0xFF, 0xBF, 0x10, 0xFF,     0xFF, 0xBF, 0x10, 0xFF,     0xFF, 0xBE, 0x10, 0xFF,
    0xFF, 0xBE, 0x10, 0xFF,     0xFF, 0xBD, 0x10, 0xFF,     0xFF, 0xBD, 0x10, 0xFF,     0xFF, 0xBC, 0x10, 0xFF,
    0xFF, 0xBC, 0x0F, 0xFF,     0xFF, 0xBB, 0x0F, 0xFF,     0xFF, 0xBB, 0x0F, 0xFF,     0xFF, 0xBB, 0x0F, 0xFF,
    0xFF, 0xBA, 0x0F, 0xFF,     0xFF, 0xBA, 0x0F, 0xFF,     0xFF, 0xB9, 0x0E, 0xFF,     0xFF, 0xB9, 0x0E, 0xFF,
    0xFF, 0xB8, 0x0E, 0xFF,     0xFF, 0xB8, 0x0E, 0xFF,     0xFF, 0xB7, 0x0E, 0xFF,     0xFF, 0xB7, 0x0E, 0xFF,
    0xFF, 0xB6, 0x0E, 0xFF,     0xFF, 0xB6, 0x0D, 0xFF,     0xFF, 0xB6, 0x0D, 0xFF,     0xFF, 0xB5, 0x0D, 0xFF,
    0xFF, 0xB5, 0x0D, 0xFF,     0xFF, 0xB4, 0x0D, 0xFF,     0xFF, 0xB4, 0x0D, 0xFF,     0xFF, 0xB3, 0x0D, 0xFF,
    0xFF, 0xB3, 0x0C, 0xFF,     0xFF, 0xB2, 0x0C, 0xFF,     0xFF, 0xB2, 0x0C, 0xFF,     0xFF, 0xB1, 0x0C, 0xFF,
    0xFF, 0xB1, 0x0C, 0xFF,     0xFF, 0xB1, 0x0C, 0xFF,     0xFF, 0xB0, 0x0C, 0xFF,     0xFF, 0xB0, 0x0B, 0xFF,
    0xFF, 0xAF, 0x0B, 0xFF,     0xFF, 0xAF, 0x0B, 0xFF,     0xFF, 0xAE, 0x0B, 0xFF,     0xFF, 0xAE, 0x0B, 0xFF,
    0xFF, 0xAD, 0x0B, 0xFF,     0xFF, 0xAD, 0x0A, 0xFF,     0xFF, 0xAC, 0x0A, 0xFF,     0xFF, 0xAC, 0x0A, 0xFC,
    0xFF, 0xAB, 0x09, 0x3A,     0x00, 0x00, 0x00, 0x00,     0x00, 0x00, 0x00, 0x00,     0x00, 0x00, 0x00, 0x00,
    0x00, 0x00, 0x00, 0x00,     0x00, 0x00, 0x00, 0x00,     0x00, 0x00, 0x00, 0x00,     0x00, 0x00, 0x00, 0x00,
    0x00, 0x00, 0x00, 0x00,     0x00, 0x00, 0x00, 0x00,     0x00, 0x00, 0x00, 0x00,     0x00, 0x00, 0x00, 0x00,
    0x00, 0x00, 0x00, 0x00,     0x00, 0x00, 0x00, 0x00,     0x00, 0x00, 0x00, 0x00,     0x00, 0x00, 0x00, 0x00,
    0x00, 0x00, 0x00, 0x00,     0x00, 0x00, 0x00, 0x00,     0x00, 0x00, 0x00, 0x00,     0x00, 0x00, 0x00, 0x00,
    0x00, 0x00, 0x00, 0x00,     0x00, 0x00, 0x00, 0x00,     0x00, 0x00, 0x00, 0x00,     0x00, 0x00, 0x00, 0x00,
    0x00, 0x00, 0x00, 0x00,     0x00, 0x00, 0x00, 0x00,     0x00, 0x00, 0x00, 0x00,     0x00, 0x00, 0x00, 0x00,
    0x00, 0x00, 0x00, 0x00,     0x00, 0x00, 0x00, 0x00,     0x00, 0x00, 0x00, 0x00,     0x00, 0x00, 0x00, 0x00,
    0x00, 0x00, 0x00, 0x00,     0x00, 0x00, 0x00, 0x00,     0x00, 0x00, 0x00, 0x00,     0x00, 0x00, 0x00, 0x00,
    0x00, 0x00, 0x00, 0x00,     0x00, 0x00, 0x00, 0x00,     0x00, 0x00, 0x00, 0x00,     0x00, 0x00, 0x00, 0x00,
    0x00, 0x00, 0x00, 0x00,     0x00, 0x00, 0x00, 0x00,     0x00, 0x00, 0x00, 0x00,     0x00, 0x00, 0x00, 0x00,
    0x00, 0x00, 0x00, 0x00,     0x00, 0x00, 0x00, 0x00,     0x00, 0x00, 0x00, 0x00,     0x00, 0x00, 0x00, 0x00,
    0x00, 0x00, 0x00, 0x00,     0x00, 0x00, 0x00, 0x00,     0x00, 0x00, 0x00, 0x00,     0x00, 0x00, 0x00, 0x00,
    0x00, 0x00, 0x00, 0x00,     0x00, 0x00, 0x00, 0x00,     0x00, 0x00, 0x00, 0x00,     0x00, 0x00, 0x00, 0x00,
    0x00, 0x00, 0x00, 0x00,     0x00, 0x00, 0x00, 0x00,     0x00, 0x00, 0x00, 0x00,     0x00, 0x00, 0x00, 0x00,
    0x00, 0x00, 0x00, 0x00,     0x00, 0x00, 0x00, 0x00,     0x00, 0x00, 0x00, 0x00,     0x00, 0x00, 0x00, 0x00,
    0x00, 0x00, 0x00, 0x00,     0x00, 0x00, 0x00, 0x00,     0x00, 0x00, 0x00, 0x00,     0x00, 0x00, 0x00, 0x00,
    0xFF, 0xC7, 0x13, 0xFF,     0xFF, 0xC6, 0x13, 0xFF,     0xFF, 0xC6, 0x13, 0xFF,     0xFF, 0xC5, 0x12, 0xFF,
    0xFF, 0xC5, 0x12, 0xFF,     0xFF, 0xC5, 0x12, 0xFF,     0xFF, 0xC4, 0x12, 0xFF,     0xFF, 0xC4, 0x12, 0xFF,
    0xFF, 0xC3, 0x12, 0xFF,     0xFF, 0xC3, 0x12, 0xFF,     0xFF, 0xC2, 0x11, 0xFF,     0xFF, 0xC2, 0x11, 0xFF,
    0xFF, 0xC1, 0x11, 0xFF,     0xFF, 0xC1, 0x11, 0xFF,     0xFF, 0xC0, 0x11, 0xFF,     0xFF, 0xC0, 0x11, 0xFF,
    0xFF, 0xC0, 0x11, 0xFF,     0xFF, 0xBF, 0x10, 0xFF,     0xFF, 0xBF, 0x10, 0xFF,     0xFF, 0xBE, 0x10, 0xFF,
    0xFF, 0xBE, 0x10, 0xFF,     0xFF, 0xBD, 0x10, 0xFF,     0xFF, 0xBD, 0x10, 0xFF,     0xFF, 0xBC, 0x10, 0xFF,
    0xFF, 0xBC, 0x0F, 0xFF,     0xFF, 0xBB, 0x0F, 0xFF,     0xFF, 0xBB, 0x0F, 0xFF,     0xFF, 0xBB, 0x0F, 0xFF,
    0xFF, 0xBA, 0x0F, 0xFF,     0xFF, 0xBA, 0x0F, 0xFF,     0xFF, 0xB9, 0x0E, 0xFF,     0xFF, 0xB9, 0x0E, 0xFF,
    0xFF, 0xB8, 0x0E, 0xFF,     0xFF, 0xB8, 0x0E, 0xFF,     0xFF, 0xB7, 0x0E, 0xFF,     0xFF, 0xB7, 0x0E, 0xFF,
    0xFF, 0xB6, 0x0E, 0xFF,     0xFF, 0xB6, 0x0D, 0xFF,     0xFF, 0xB6, 0x0D, 0xFF,     0xFF, 0xB5, 0x0D, 0xFF,
    0xFF, 0xB5, 0x0D, 0xFF,     0xFF, 0xB4, 0x0D, 0xFF,     0xFF, 0xB4, 0x0D, 0xFF,     0xFF, 0xB3, 0x0D, 0xFF,
    0xFF, 0xB3, 0x0C, 0xFF,     0xFF, 0xB2, 0x0C, 0xFF,     0xFF, 0xB2, 0x0C, 0xFF,     0xFF, 0xB1, 0x0C, 0xFF,
    0xFF, 0xB1, 0x0C, 0xFF,     0xFF, 0xB1, 0x0C, 0xFF,     0xFF, 0xB0, 0x0C, 0xFF,     0xFF, 0xB0, 0x0B, 0xFF,
    0xFF, 0xAF, 0x0B, 0xFF,     0xFF, 0xAF, 0x0B, 0xFF,     0xFF, 0xAE, 0x0B, 0xFF,     0xFF, 0xAE, 0x0B, 0xFF,
    0xFF, 0xAD, 0x0B, 0xFF,     0xFF, 0xAD, 0x0A, 0xFF,     0xFF, 0xAC, 0x0A, 0xFF,     0xFF, 0xAC, 0x0A, 0xFF,
    0xFF, 0xAC, 0x09, 0xF8,     0xFF, 0xA9, 0x0A, 0x62,     0x00, 0x00, 0x00, 0x00,     0x00, 0x00, 0x00, 0x00,
    0x00, 0x00, 0x00, 0x00,     0x00, 0x00, 0x00, 0x00,     0x00, 0x00, 0x00, 0x00,     0x00, 0x00, 0x00, 0x00,
    0x00, 0x00, 0x00, 0x00,     0x00, 0x00, 0x00, 0x00,     0x00, 0x00, 0x00, 0x00,     0x00, 0x00, 0x00, 0x00,
    0x00, 0x00, 0x00, 0x00,     0x00, 0x00, 0x00, 0x00,     0x00, 0x00, 0x00, 0x00,     0x00, 0x00, 0x00, 0x00,
    0x00, 0x00, 0x00, 0x00,     0x00, 0x00, 0x00, 0x00,     0x00, 0x00, 0x00, 0x00,     0x00, 0x00, 0x00, 0x00,
    0x00, 0x00, 0x00, 0x00,     0x00, 0x00, 0x00, 0x00,     0x00, 0x00, 0x00, 0x00,     0x00, 0x00, 0x00, 0x00,
    0x00, 0x00, 0x00, 0x00,     0x00, 0x00, 0x00, 0x00,     0x00, 0x00, 0x00, 0x00,     0x00, 0x00, 0x00, 0x00,
    0x00, 0x00, 0x00, 0x00,     0x00, 0x00, 0x00, 0x00,     0x00, 0x00, 0x00, 0x00,     0x00, 0x00, 0x00, 0x00,
    0x00, 0x00, 0x00, 0x00,     0x00, 0x00, 0x00, 0x00,     0x00, 0x00, 0x00, 0x00,     0x00, 0x00, 0x00, 0x00,
    0x00, 0x00, 0x00, 0x00,     0x00, 0x00, 0x00, 0x00,     0x00, 0x00, 0x00, 0x00,     0x00, 0x00, 0x00, 0x00,
    0x00, 0x00, 0x00, 0x00,     0x00, 0x00, 0x00, 0x00,     0x00, 0x00, 0x00, 0x00,     0x00, 0x00, 0x00, 0x00,
    0x00, 0x00, 0x00, 0x00,     0x00, 0x00, 0x00, 0x00,     0x00, 0x00, 0x00, 0x00,     0x00, 0x00, 0x00, 0x00,
    0x00, 0x00, 0x00, 0x00,     0x00, 0x00, 0x00, 0x00,     0x00, 0x00, 0x00, 0x00,     0x00, 0x00, 0x00, 0x00,
    0x00, 0x00, 0x00, 0x00,     0x00, 0x00, 0x00, 0x00,     0x00, 0x00, 0x00, 0x00,     0x00, 0x00, 0x00, 0x00,
    0x00, 0x00, 0x00, 0x00,     0x00, 0x00, 0x00, 0x00,     0x00, 0x00, 0x00, 0x00,     0x00, 0x00, 0x00, 0x00,
    0x00, 0x00, 0x00, 0x00,     0x00, 0x00, 0x00, 0x00,     0x00, 0x00, 0x00, 0x00,     0x00, 0x00, 0x00, 0x00,
    0x00, 0x00, 0x00, 0x00,     0x00, 0x00, 0x00, 0x00,     0x00, 0x00, 0x00, 0x00,     0x00, 0x00, 0x00, 0x00,
    0xFF, 0xC7, 0x13, 0xFF,     0xFF, 0xC6, 0x13, 0xFF,     0xFF, 0xC6, 0x13, 0xFF,     0xFF, 0xC5, 0x12, 0xFF,
    0xFF, 0xC5, 0x12, 0xFF,     0xFF, 0xC5, 0x12, 0xFF,     0xFF, 0xC4, 0x12, 0xFF,     0xFF, 0xC4, 0x12, 0xFF,
    0xFF, 0xC3, 0x12, 0xFF,     0xFF, 0xC3, 0x12, 0xFF,     0xFF, 0xC2, 0x11, 0xFF,     0xFF, 0xC2, 0x11, 0xFF,
    0xFF, 0xC1, 0x11, 0xFF,     0xFF, 0xC1, 0x11, 0xFF,     0xFF, 0xC0, 0x11, 0xFF,     0xFF, 0xC0, 0x11, 0xFF,
    0xFF, 0xC0, 0x11, 0xFF,     0xFF, 0xBF, 0x10, 0xFF,     0xFF, 0xBF, 0x10, 0xFF,     0xFF, 0xBE, 0x10, 0xFF,
    0xFF, 0xBE, 0x10, 0xFF,     0xFF, 0xBD, 0x10, 0xFF,     0xFF, 0xBD, 0x10, 0xFF,     0xFF, 0xBC, 0x10, 0xFF,
    0xFF, 0xBC, 0x0F, 0xFF,     0xFF, 0xBB, 0x0F, 0xFF,     0xFF, 0xBB, 0x0F, 0xFF,     0xFF, 0xBB, 0x0F, 0xFF,
    0xFF, 0xBA, 0x0F, 0xFF,     0xFF, 0xBA, 0x0F, 0xFF,     0xFF, 0xB9, 0x0E, 0xFF,     0xFF, 0xB9, 0x0E, 0xFF,
    0xFF, 0xB8, 0x0E, 0xFF,     0xFF, 0xB8, 0x0E, 0xFF,     0xFF, 0xB7, 0x0E, 0xFF,     0xFF, 0xB7, 0x0E, 0xFF,
    0xFF, 0xB6, 0x0E, 0xFF,     0xFF, 0xB6, 0x0D, 0xFF,     0xFF, 0xB6, 0x0D, 0xFF,     0xFF, 0xB5, 0x0D, 0xFF,
    0xFF, 0xB5, 0x0D, 0xFF,     0xFF, 0xB4, 0x0D, 0xFF,     0xFF, 0xB4, 0x0D, 0xFF,     0xFF, 0xB3, 0x0D, 0xFF,
    0xFF, 0xB3, 0x0C, 0xFF,     0xFF, 0xB2, 0x0C, 0xFF,     0xFF, 0xB2, 0x0C, 0xFF,     0xFF, 0xB1, 0x0C, 0xFF,
    0xFF, 0xB1, 0x0C, 0xFF,     0xFF, 0xB1, 0x0C, 0xFF,     0xFF, 0xB0, 0x0C, 0xFF,     0xFF, 0xB0, 0x0B, 0xFF,
    0xFF, 0xAF, 0x0B, 0xFF,     0xFF, 0xAF, 0x0B, 0xFF,     0xFF, 0xAE, 0x0B, 0xFF,     0xFF, 0xAE, 0x0B, 0xFF,
    0xFF, 0xAD, 0x0B, 0xFF,     0xFF, 0xAD, 0x0A, 0xFF,     0xFF, 0xAC, 0x0A, 0xFF,     0xFF, 0xAC, 0x0A, 0xFF,
    0xFF, 0xAC, 0x0A, 0xFF,     0xFF, 0xAB, 0x0A, 0xFF,     0xFF, 0xAB, 0x0A, 0xF6,     0xFF, 0xAA, 0x0B, 0xB6,
    0xFF, 0xAA, 0x09, 0x72,     0xFF, 0xAA, 0x0A, 0x66,     0xFF, 0xAA, 0x0A, 0x66,     0xFF, 0xA8, 0x0A, 0x66,
    0xFF, 0xA8, 0x0A, 0x66,     0xFF, 0xA8, 0x0A, 0x66,     0xFF, 0xA8, 0x0A, 0x66,     0xFF, 0xA7, 0x08, 0x60,
    0xFF, 0xA5, 0x09, 0x55,     0xFF, 0xA5, 0x09, 0x55,     0xFF, 0xA5, 0x09, 0x55,     0xFF, 0xA5, 0x09, 0x55,
    0xFF, 0xA5, 0x09, 0x55,     0xFF, 0xA5, 0x06, 0x55,     0xFF, 0xA2, 0x06, 0x55,     0xFF, 0xA2, 0x06, 0x55,
    0xFF, 0xA2, 0x06, 0x55,     0xFF, 0xA2, 0x06, 0x55,     0xFF, 0xA2, 0x06, 0x55,     0xFF, 0xA2, 0x06, 0x55,
    0xFF, 0xA2, 0x06, 0x55,     0xFF, 0x9F, 0x06, 0x55,     0xFF, 0x9F, 0x06, 0x55,     0xFF, 0x9F, 0x06, 0x55,
    0xFF, 0x9F, 0x06, 0x55,     0xFF, 0x9F, 0x06, 0x55,     0xFF, 0x9F, 0x06, 0x55,     0xFF, 0x9F, 0x06, 0x55,
    0xFF, 0x9C, 0x06, 0x55,     0xFF, 0x9C, 0x06, 0x55,     0xFF, 0x9C, 0x06, 0x55,     0xFF, 0x9C, 0x06, 0x55,
    0xFF, 0x9C, 0x06, 0x55,     0xFF, 0x9C, 0x06, 0x55,     0xFF, 0x99, 0x03, 0x55,     0xFF, 0x99, 0x03, 0x55,
    0xFF, 0x99, 0x03, 0x55,     0xFF, 0x99, 0x03, 0x55,     0xFF, 0x99, 0x03, 0x55,     0xFF, 0x99, 0x03, 0x55,
    0xFF, 0x99, 0x03, 0x55,     0xFF, 0x96, 0x03, 0x55,     0xFF, 0x96, 0x03, 0x55,     0xFF, 0x96, 0x03, 0x55,
    0xFF, 0x96, 0x03, 0x55,     0xFF, 0x96, 0x03, 0x55,     0xFF, 0x94, 0x03, 0x4A,     0xFF, 0x92, 0x04, 0x44,
    0xFF, 0x92, 0x04, 0x44,     0xFF, 0x92, 0x04, 0x44,     0xFF, 0x92, 0x04, 0x44,     0xFF, 0x92, 0x04, 0x44,
    0xFF, 0x92, 0x04, 0x44,     0xFF, 0x92, 0x04, 0x44,     0xFF, 0x92, 0x00, 0x44,     0xFF, 0x92, 0x00, 0x44,
    0xFF, 0x8F, 0x00, 0x44,     0xFF, 0x8F, 0x00, 0x44,     0xFF, 0x91, 0x00, 0x43,     0xFF, 0x8E, 0x00, 0x12,
    0x00, 0x00, 0x00, 0x00,     0x00, 0x00, 0x00, 0x00,     0x00, 0x00, 0x00, 0x00,     0x00, 0x00, 0x00, 0x00,
    0xFF, 0xC7, 0x13, 0xFF,     0xFF, 0xC6, 0x13, 0xFF,     0xFF, 0xC6, 0x13, 0xFF,     0xFF, 0xC5, 0x12, 0xFF,
    0xFF, 0xC5, 0x12, 0xFF,     0xFF, 0xC5, 0x12, 0xFF,     0xFF, 0xC4, 0x12, 0xFF,     0xFF, 0xC4, 0x12, 0xFF,
    0xFF, 0xC3, 0x12, 0xFF,     0xFF, 0xC3, 0x12, 0xFF,     0xFF, 0xC2, 0x11, 0xFF,     0xFF, 0xC2, 0x11, 0xFF,
    0xFF, 0xC1, 0x11, 0xFF,     0xFF, 0xC1, 0x11, 0xFF,     0xFF, 0xC0, 0x11, 0xFF,     0xFF, 0xC0, 0x11, 0xFF,
    0xFF, 0xC0, 0x11, 0xFF,     0xFF, 0xBF, 0x10, 0xFF,     0xFF, 0xBF, 0x10, 0xFF,     0xFF, 0xBE, 0x10, 0xFF,
    0xFF, 0xBE, 0x10, 0xFF,     0xFF, 0xBD, 0x10, 0xFF,     0xFF, 0xBD, 0x10, 0xFF,     0xFF, 0xBC, 0x10, 0xFF,
    0xFF, 0xBC, 0x0F, 0xFF,     0xFF, 0xBB, 0x0F, 0xFF,     0xFF, 0xBB, 0x0F, 0xFF,     0xFF, 0xBB, 0x0F, 0xFF,
    0xFF, 0xBA, 0x0F, 0xFF,     0xFF, 0xBA, 0x0F, 0xFF,     0xFF, 0xB9, 0x0E, 0xFF,     0xFF, 0xB9, 0x0E, 0xFF,
    0xFF, 0xB8, 0x0E, 0xFF,     0xFF, 0xB8, 0x0E, 0xFF,     0xFF, 0xB7, 0x0E, 0xFF,     0xFF, 0xB7, 0x0E, 0xFF,
    0xFF, 0xB6, 0x0E, 0xFF,     0xFF, 0xB6, 0x0D, 0xFF,     0xFF, 0xB6, 0x0D, 0xFF,     0xFF, 0xB5, 0x0D, 0xFF,
    0xFF, 0xB5, 0x0D, 0xFF,     0xFF, 0xB4, 0x0D, 0xFF,     0xFF, 0xB4, 0x0D, 0xFF,     0xFF, 0xB3, 0x0D, 0xFF,
    0xFF, 0xB3, 0x0C, 0xFF,     0xFF, 0xB2, 0x0C, 0xFF,     0xFF, 0xB2, 0x0C, 0xFF,     0xFF, 0xB1, 0x0C, 0xFF,
    0xFF, 0xB1, 0x0C, 0xFF,     0xFF, 0xB1, 0x0C, 0xFF,     0xFF, 0xB0, 0x0C, 0xFF,     0xFF, 0xB0, 0x0B, 0xFF,
    0xFF, 0xAF, 0x0B, 0xFF,     0xFF, 0xAF, 0x0B, 0xFF,     0xFF, 0xAE, 0x0B, 0xFF,     0xFF, 0xAE, 0x0B, 0xFF,
    0xFF, 0xAD, 0x0B, 0xFF,     0xFF, 0xAD, 0x0A, 0xFF,     0xFF, 0xAC, 0x0A, 0xFF,     0xFF, 0xAC, 0x0A, 0xFF,
    0xFF, 0xAC, 0x0A, 0xFF,     0xFF, 0xAB, 0x0A, 0xFF,     0xFF, 0xAB, 0x0A, 0xFF,     0xFF, 0xAA, 0x0A, 0xFF,
    0xFF, 0xAA, 0x09, 0xFF,     0xFF, 0xA9, 0x09, 0xFF,     0xFF, 0xA9, 0x09, 0xFF,     0xFF, 0xA8, 0x09, 0xFF,
    0xFF, 0xA8, 0x09, 0xFF,     0xFF, 0xA8, 0x09, 0xFF,     0xFF, 0xA7, 0x09, 0xFF,     0xFF, 0xA7, 0x08, 0xFF,
    0xFF, 0xA6, 0x08, 0xFF,     0xFF, 0xA6, 0x08, 0xFF,     0xFF, 0xA5, 0x08, 0xFF,     0xFF, 0xA5, 0x08, 0xFF,
    0xFF, 0xA4, 0x08, 0xFF,     0xFF, 0xA4, 0x07, 0xFF,     0xFF, 0xA3, 0x07, 0xFF,     0xFF, 0xA3, 0x07, 0xFF,
    0xFF, 0xA3, 0x07, 0xFF,     0xFF, 0xA2, 0x07, 0xFF,     0xFF, 0xA2, 0x07, 0xFF,     0xFF, 0xA1, 0x07, 0xFF,
    0xFF, 0xA1, 0x06, 0xFF,     0xFF, 0xA0, 0x06, 0xFF,     0xFF, 0xA0, 0x06, 0xFF,     0xFF, 0x9F, 0x06, 0xFF,
    0xFF, 0x9F, 0x06, 0xFF,     0xFF, 0x9E, 0x06, 0xFF,     0xFF, 0x9E, 0x06, 0xFF,     0xFF, 0x9E, 0x05, 0xFF,
    0xFF, 0x9D, 0x05, 0xFF,     0xFF, 0x9D, 0x05, 0xFF,     0xFF, 0x9C, 0x05, 0xFF,     0xFF, 0x9C, 0x05, 0xFF,
    0xFF, 0x9B, 0x05, 0xFF,     0xFF, 0x9B, 0x05, 0xFF,     0xFF, 0x9A, 0x04, 0xFF,     0xFF, 0x9A, 0x04, 0xFF,
    0xFF, 0x99, 0x04, 0xFF,     0xFF, 0x99, 0x04, 0xFF,     0xFF, 0x99, 0x04, 0xFF,     0xFF, 0x98, 0x04, 0xFF,
    0xFF, 0x98, 0x03, 0xFF,     0xFF, 0x97, 0x03, 0xFF,     0xFF, 0x97, 0x03, 0xFF,     0xFF, 0x96, 0x03, 0xFF,
    0xFF, 0x96, 0x03, 0xFF,     0xFF, 0x95, 0x03, 0xFF,     0xFF, 0x95, 0x03, 0xFF,     0xFF, 0x94, 0x02, 0xFF,
    0xFF, 0x94, 0x02, 0xFF,     0xFF, 0x94, 0x02, 0xFF,     0xFF, 0x93, 0x02, 0xFF,     0xFF, 0x93, 0x02, 0xFF,
    0xFF, 0x92, 0x02, 0xFF,     0xFF, 0x92, 0x02, 0xFF,     0xFF, 0x91, 0x01, 0xFF,     0xFF, 0x91, 0x01, 0xFF,
    0xFF, 0x90, 0x01, 0xFF,     0xFF, 0x90, 0x01, 0xFF,     0xFF, 0x8F, 0x01, 0xFF,     0xFF, 0x8F, 0x01, 0xF8,
    0xFF, 0x8F, 0x02, 0x96,     0xFF, 0x87, 0x00, 0x11,     0x00, 0x00, 0x00, 0x00,     0x00, 0x00, 0x00, 0x00,
    0xFF, 0xC7, 0x13, 0xFF,     0xFF, 0xC6, 0x13, 0xFF,     0xFF, 0xC6, 0x13, 0xFF,     0xFF, 0xC5, 0x12, 0xFF,
    0xFF, 0xC5, 0x12, 0xFF,     0xFF, 0xC5, 0x12, 0xFF,     0xFF, 0xC4, 0x12, 0xFF,     0xFF, 0xC4, 0x12, 0xFF,
    0xFF, 0xC3, 0x12, 0xFF,     0xFF, 0xC3, 0x12, 0xFF,     0xFF, 0xC2, 0x11, 0xFF,     0xFF, 0xC2, 0x11, 0xFF,
    0xFF, 0xC1, 0x11, 0xFF,     0xFF, 0xC1, 0x11, 0xFF,     0xFF, 0xC0, 0x11, 0xFF,     0xFF, 0xC0, 0x11, 0xFF,
    0xFF, 0xC0, 0x11, 0xFF,     0xFF, 0xBF, 0x10, 0xFF,     0xFF, 0xBF, 0x10, 0xFF,     0xFF, 0xBE, 0x10, 0xFF,
    0xFF, 0xBE, 0x10, 0xFF,     0xFF, 0xBD, 0x10, 0xFF,     0xFF, 0xBD, 0x10, 0xFF,     0xFF, 0xBC, 0x10, 0xFF,
    0xFF, 0xBC, 0x0F, 0xFF,     0xFF, 0xBB, 0x0F, 0xFF,     0xFF, 0xBB, 0x0F, 0xFF,     0xFF, 0xBB, 0x0F, 0xFF,
    0xFF, 0xBA, 0x0F, 0xFF,     0xFF, 0xBA, 0x0F, 0xFF,     0xFF, 0xB9, 0x0E, 0xFF,     0xFF, 0xB9, 0x0E, 0xFF,
    0xFF, 0xB8, 0x0E, 0xFF,     0xFF, 0xB8, 0x0E, 0xFF,     0xFF, 0xB7, 0x0E, 0xFF,     0xFF, 0xB7, 0x0E, 0xFF,
    0xFF, 0xB6, 0x0E, 0xFF,     0xFF, 0xB6, 0x0D, 0xFF,     0xFF, 0xB6, 0x0D, 0xFF,     0xFF, 0xB5, 0x0D, 0xFF,
    0xFF, 0xB5, 0x0D, 0xFF,     0xFF, 0xB4, 0x0D, 0xFF,     0xFF, 0xB4, 0x0D, 0xFF,     0xFF, 0xB3, 0x0D, 0xFF,
    0xFF, 0xB3, 0x0C, 0xFF,     0xFF, 0xB2, 0x0C, 0xFF,     0xFF, 0xB2, 0x0C, 0xFF,     0xFF, 0xB1, 0x0C, 0xFF,
    0xFF, 0xB1, 0x0C, 0xFF,     0xFF, 0xB1, 0x0C, 0xFF,     0xFF, 0xB0, 0x0C, 0xFF,     0xFF, 0xB0, 0x0B, 0xFF,
    0xFF, 0xAF, 0x0B, 0xFF,     0xFF, 0xAF, 0x0B, 0xFF,     0xFF, 0xAE, 0x0B, 0xFF,     0xFF, 0xAE, 0x0B, 0xFF,
    0xFF, 0xAD, 0x0B, 0xFF,     0xFF, 0xAD, 0x0A, 0xFF,     0xFF, 0xAC, 0x0A, 0xFF,     0xFF, 0xAC, 0x0A, 0xFF,
    0xFF, 0xAC, 0x0A, 0xFF,     0xFF, 0xAB, 0x0A, 0xFF,     0xFF, 0xAB, 0x0A, 0xFF,     0xFF, 0xAA, 0x0A, 0xFF,
    0xFF, 0xAA, 0x09, 0xFF,     0xFF, 0xA9, 0x09, 0xFF,     0xFF, 0xA9, 0x09, 0xFF,     0xFF, 0xA8, 0x09, 0xFF,
    0xFF, 0xA8, 0x09, 0xFF,     0xFF, 0xA8, 0x09, 0xFF,     0xFF, 0xA7, 0x09, 0xFF,     0xFF, 0xA7, 0x08, 0xFF,
    0xFF, 0xA6, 0x08, 0xFF,     0xFF, 0xA6, 0x08, 0xFF,     0xFF, 0xA5, 0x08, 0xFF,     0xFF, 0xA5, 0x08, 0xFF,
    0xFF, 0xA4, 0x08, 0xFF,     0xFF, 0xA4, 0x07, 0xFF,     0xFF, 0xA3, 0x07, 0xFF,     0xFF, 0xA3, 0x07, 0xFF,
    0xFF, 0xA3, 0x07, 0xFF,     0xFF, 0xA2, 0x07, 0xFF,     0xFF, 0xA2, 0x07, 0xFF,     0xFF, 0xA1, 0x07, 0xFF,
    0xFF, 0xA1, 0x06, 0xFF,     0xFF, 0xA0, 0x06, 0xFF,     0xFF, 0xA0, 0x06, 0xFF,     0xFF, 0x9F, 0x06, 0xFF,
    0xFF, 0x9F, 0x06, 0xFF,     0xFF, 0x9E, 0x06, 0xFF,     0xFF, 0x9E, 0x06, 0xFF,     0xFF, 0x9E, 0x05, 0xFF,
    0xFF, 0x9D, 0x05, 0xFF,     0xFF, 0x9D, 0x05, 0xFF,     0xFF, 0x9C, 0x05, 0xFF,     0xFF, 0x9C, 0x05, 0xFF,
    0xFF, 0x9B, 0x05, 0xFF,     0xFF, 0x9B, 0x05, 0xFF,     0xFF, 0x9A, 0x04, 0xFF,     0xFF, 0x9A, 0x04, 0xFF,
    0xFF, 0x99, 0x04, 0xFF,     0xFF, 0x99, 0x04, 0xFF,     0xFF, 0x99, 0x04, 0xFF,     0xFF, 0x98, 0x04, 0xFF,
    0xFF, 0x98, 0x03, 0xFF,     0xFF, 0x97, 0x03, 0xFF,     0xFF, 0x97, 0x03, 0xFF,     0xFF, 0x96, 0x03, 0xFF,
    0xFF, 0x96, 0x03, 0xFF,     0xFF, 0x95, 0x03, 0xFF,     0xFF, 0x95, 0x03, 0xFF,     0xFF, 0x94, 0x02, 0xFF,
    0xFF, 0x94, 0x02, 0xFF,     0xFF, 0x94, 0x02, 0xFF,     0xFF, 0x93, 0x02, 0xFF,     0xFF, 0x93, 0x02, 0xFF,
    0xFF, 0x92, 0x02, 0xFF,     0xFF, 0x92, 0x02, 0xFF,     0xFF, 0x91, 0x01, 0xFF,     0xFF, 0x91, 0x01, 0xFF,
    0xFF, 0x90, 0x01, 0xFF,     0xFF, 0x90, 0x01, 0xFF,     0xFF, 0x8F, 0x01, 0xFF,     0xFF, 0x8F, 0x01, 0xFF,
    0xFF, 0x8F, 0x01, 0xFF,     0xFF, 0x8E, 0x00, 0xDA,     0xFF, 0x8C, 0x00, 0x1F,     0x00, 0x00, 0x00, 0x00,
    0xFF, 0xC7, 0x13, 0xFF,     0xFF, 0xC6, 0x13, 0xFF,     0xFF, 0xC6, 0x13, 0xFF,     0xFF, 0xC5, 0x12, 0xFF,
    0xFF, 0xC5, 0x12, 0xFF,     0xFF, 0xC5, 0x12, 0xFF,     0xFF, 0xC4, 0x12, 0xFF,     0xFF, 0xC4, 0x12, 0xFF,
    0xFF, 0xC3, 0x12, 0xFF,     0xFF, 0xC3, 0x12, 0xFF,     0xFF, 0xC2, 0x11, 0xFF,     0xFF, 0xC2, 0x11, 0xFF,
    0xFF, 0xC1, 0x11, 0xFF,     0xFF, 0xC1, 0x11, 0xFF,     0xFF, 0xC0, 0x11, 0xFF,     0xFF, 0xC0, 0x11, 0xFF,
    0xFF, 0xC0, 0x11, 0xFF,     0xFF, 0xBF, 0x10, 0xFF,     0xFF, 0xBF, 0x10, 0xFF,     0xFF, 0xBE, 0x10, 0xFF,
    0xFF, 0xBE, 0x10, 0xFF,     0xFF, 0xBD, 0x10, 0xFF,     0xFF, 0xBD, 0x10, 0xFF,     0xFF, 0xBC, 0x10, 0xFF,
    0xFF, 0xBC, 0x0F, 0xFF,     0xFF, 0xBB, 0x0F, 0xFF,     0xFF, 0xBB, 0x0F, 0xFF,     0xFF, 0xBB, 0x0F, 0xFF,
    0xFF, 0xBA, 0x0F, 0xFF,     0xFF, 0xBA, 0x0F, 0xFF,     0xFF, 0xB9, 0x0E, 0xFF,     0xFF, 0xB9, 0x0E, 0xFF,
    0xFF, 0xB8, 0x0E, 0xFF,     0xFF, 0xB8, 0x0E, 0xFF,     0xFF, 0xB7, 0x0E, 0xFF,     0xFF, 0xB7, 0x0E, 0xFF,
    0xFF, 0xB6, 0x0E, 0xFF,     0xFF, 0xB6, 0x0D, 0xFF,     0xFF, 0xB6, 0x0D, 0xFF,     0xFF, 0xB5, 0x0D, 0xFF,
    0xFF, 0xB5, 0x0D, 0xFF,     0xFF, 0xB4, 0x0D, 0xFF,     0xFF, 0xB4, 0x0D, 0xFF,     0xFF, 0xB3, 0x0D, 0xFF,
    0xFF, 0xB3, 0x0C, 0xFF,     0xFF, 0xB2, 0x0C, 0xFF,     0xFF, 0xB2, 0x0C, 0xFF,     0xFF, 0xB1, 0x0C, 0xFF,
    0xFF, 0xB1, 0x0C, 0xFF,     0xFF, 0xB1, 0x0C, 0xFF,     0xFF, 0xB0, 0x0C, 0xFF,     0xFF, 0xB0, 0x0B, 0xFF,
    0xFF, 0xAF, 0x0B, 0xFF,     0xFF, 0xAF, 0x0B, 0xFF,     0xFF, 0xAE, 0x0B, 0xFF,     0xFF, 0xAE, 0x0B, 0xFF,
    0xFF, 0xAD, 0x0B, 0xFF,     0xFF, 0xAD, 0x0A, 0xFF,     0xFF, 0xAC, 0x0A, 0xFF,     0xFF, 0xAC, 0x0A, 0xFF,
    0xFF, 0xAC, 0x0A, 0xFF,     0xFF, 0xAB, 0x0A, 0xFF,     0xFF, 0xAB, 0x0A, 0xFF,     0xFF, 0xAA, 0x0A, 0xFF,
    0xFF, 0xAA, 0x09, 0xFF,     0xFF, 0xA9, 0x09, 0xFF,     0xFF, 0xA9, 0x09, 0xFF,     0xFF, 0xA8, 0x09, 0xFF,
    0xFF, 0xA8, 0x09, 0xFF,     0xFF, 0xA8, 0x09, 0xFF,     0xFF, 0xA7, 0x09, 0xFF,     0xFF, 0xA7, 0x08, 0xFF,
    0xFF, 0xA6, 0x08, 0xFF,     0xFF, 0xA6, 0x08, 0xFF,     0xFF, 0xA5, 0x08, 0xFF,     0xFF, 0xA5, 0x08, 0xFF,
    0xFF, 0xA4, 0x08, 0xFF,     0xFF, 0xA4, 0x07, 0xFF,     0xFF, 0xA3, 0x07, 0xFF,     0xFF, 0xA3, 0x07, 0xFF,
    0xFF, 0xA3, 0x07, 0xFF,     0xFF, 0xA2, 0x07, 0xFF,     0xFF, 0xA2, 0x07, 0xFF,     0xFF, 0xA1, 0x07, 0xFF,
    0xFF, 0xA1, 0x06, 0xFF,     0xFF, 0xA0, 0x06, 0xFF,     0xFF, 0xA0, 0x06, 0xFF,     0xFF, 0x9F, 0x06, 0xFF,
    0xFF, 0x9F, 0x06, 0xFF,     0xFF, 0x9E, 0x06, 0xFF,     0xFF, 0x9E, 0x06, 0xFF,     0xFF, 0x9E, 0x05, 0xFF,
    0xFF, 0x9D, 0x05, 0xFF,     0xFF, 0x9D, 0x05, 0xFF,     0xFF, 0x9C, 0x05, 0xFF,     0xFF, 0x9C, 0x05, 0xFF,
    0xFF, 0x9B, 0x05, 0xFF,     0xFF, 0x9B, 0x05, 0xFF,     0xFF, 0x9A, 0x04, 0xFF,     0xFF, 0x9A, 0x04, 0xFF,
    0xFF, 0x99, 0x04, 0xFF,     0xFF, 0x99, 0x04, 0xFF,     0xFF, 0x99, 0x04, 0xFF,     0xFF, 0x98, 0x04, 0xFF,
    0xFF, 0x98, 0x03, 0xFF,     0xFF, 0x97, 0x03, 0xFF,     0xFF, 0x97, 0x03, 0xFF,     0xFF, 0x96, 0x03, 0xFF,
    0xFF, 0x96, 0x03, 0xFF,     0xFF, 0x95, 0x03, 0xFF,     0xFF, 0x95, 0x03, 0xFF,     0xFF, 0x94, 0x02, 0xFF,
    0xFF, 0x94, 0x02, 0xFF,     0xFF, 0x94, 0x02, 0xFF,     0xFF, 0x93, 0x02, 0xFF,     0xFF, 0x93, 0x02, 0xFF,
    0xFF, 0x92, 0x02, 0xFF,     0xFF, 0x92, 0x02, 0xFF,     0xFF, 0x91, 0x01, 0xFF,     0xFF, 0x91, 0x01, 0xFF,
    0xFF, 0x90, 0x01, 0xFF,     0xFF, 0x90, 0x01, 0xFF,     0xFF, 0x8F, 0x01, 0xFF,     0xFF, 0x8F, 0x01, 0xFF,
    0xFF, 0x8F, 0x01, 0xFF,     0xFF, 0x8E, 0x00, 0xFF,     0xFF, 0x8F, 0x00, 0xCC,     0xFF, 0x80, 0x00, 0x04,
    0xFF, 0xC7, 0x13, 0xFF,     0xFF, 0xC6, 0x13, 0xFF,     0xFF, 0xC6, 0x13, 0xFF,     0xFF, 0xC5, 0x12, 0xFF,
    0xFF, 0xC5, 0x12, 0xFF,     0xFF, 0xC5, 0x12, 0xFF,     0xFF, 0xC4, 0x12, 0xFF,     0xFF, 0xC4, 0x12, 0xFF,
    0xFF, 0xC3, 0x12, 0xFF,     0xFF, 0xC3, 0x12, 0xFF,     0xFF, 0xC2, 0x11, 0xFF,     0xFF, 0xC2, 0x11, 0xFF,
    0xFF, 0xC1, 0x11, 0xFF,     0xFF, 0xC1, 0x11, 0xFF,     0xFF, 0xC0, 0x11, 0xFF,     0xFF, 0xC0, 0x11, 0xFF,
    0xFF, 0xC0, 0x11, 0xFF,     0xFF, 0xBF, 0x10, 0xFF,     0xFF, 0xBF, 0x10, 0xFF,     0xFF, 0xBE, 0x10, 0xFF,
    0xFF, 0xBE, 0x10, 0xFF,     0xFF, 0xBD, 0x10, 0xFF,     0xFF, 0xBD, 0x10, 0xFF,     0xFF, 0xBC, 0x10, 0xFF,
    0xFF, 0xBC, 0x0F, 0xFF,     0xFF, 0xBB, 0x0F, 0xFF,     0xFF, 0xBB, 0x0F, 0xFF,     0xFF, 0xBB, 0x0F, 0xFF,
    0xFF, 0xBA, 0x0F, 0xFF,     0xFF, 0xBA, 0x0F, 0xFF,     0xFF, 0xB9, 0x0E, 0xFF,     0xFF, 0xB9, 0x0E, 0xFF,
    0xFF, 0xB8, 0x0E, 0xFF,     0xFF, 0xB8, 0x0E, 0xFF,     0xFF, 0xB7, 0x0E, 0xFF,     0xFF, 0xB7, 0x0E, 0xFF,
    0xFF, 0xB6, 0x0E, 0xFF,     0xFF, 0xB6, 0x0D, 0xFF,     0xFF, 0xB6, 0x0D, 0xFF,     0xFF, 0xB5, 0x0D, 0xFF,
    0xFF, 0xB5, 0x0D, 0xFF,     0xFF, 0xB4, 0x0D, 0xFF,     0xFF, 0xB4, 0x0D, 0xFF,     0xFF, 0xB3, 0x0D, 0xFF,
    0xFF, 0xB3, 0x0C, 0xFF,     0xFF, 0xB2, 0x0C, 0xFF,     0xFF, 0xB2, 0x0C, 0xFF,     0xFF, 0xB1, 0x0C, 0xFF,
    0xFF, 0xB1, 0x0C, 0xFF,     0xFF, 0xB1, 0x0C, 0xFF,     0xFF, 0xB0, 0x0C, 0xFF,     0xFF, 0xB0, 0x0B, 0xFF,
    0xFF, 0xAF, 0x0B, 0xFF,     0xFF, 0xAF, 0x0B, 0xFF,     0xFF, 0xAE, 0x0B, 0xFF,     0xFF, 0xAE, 0x0B, 0xFF,
    0xFF, 0xAD, 0x0B, 0xFF,     0xFF, 0xAD, 0x0A, 0xFF,     0xFF, 0xAC, 0x0A, 0xFF,     0xFF, 0xAC, 0x0A, 0xFF,
    0xFF, 0xAC, 0x0A, 0xFF,     0xFF, 0xAB, 0x0A, 0xFF,     0xFF, 0xAB, 0x0A, 0xFF,     0xFF, 0xAA, 0x0A, 0xFF,
    0xFF, 0xAA, 0x09, 0xFF,     0xFF, 0xA9, 0x09, 0xFF,     0xFF, 0xA9, 0x09, 0xFF,     0xFF, 0xA8, 0x09, 0xFF,
    0xFF, 0xA8, 0x09, 0xFF,     0xFF, 0xA8, 0x09, 0xFF,     0xFF, 0xA7, 0x09, 0xFF,     0xFF, 0xA7, 0x08, 0xFF,
    0xFF, 0xA6, 0x08, 0xFF,     0xFF, 0xA6, 0x08, 0xFF,     0xFF, 0xA5, 0x08, 0xFF,     0xFF, 0xA5, 0x08, 0xFF,
    0xFF, 0xA4, 0x08, 0xFF,     0xFF, 0xA4, 0x07, 0xFF,     0xFF, 0xA3, 0x07, 0xFF,     0xFF, 0xA3, 0x07, 0xFF,
    0xFF, 0xA3, 0x07, 0xFF,     0xFF, 0xA2, 0x07, 0xFF,     0xFF, 0xA2, 0x07, 0xFF,     0xFF, 0xA1, 0x07, 0xFF,
    0xFF, 0xA1, 0x06, 0xFF,     0xFF, 0xA0, 0x06, 0xFF,     0xFF, 0xA0, 0x06, 0xFF,     0xFF, 0x9F, 0x06, 0xFF,
    0xFF, 0x9F, 0x06, 0xFF,     0xFF, 0x9E, 0x06, 0xFF,     0xFF, 0x9E, 0x06, 0xFF,     0xFF, 0x9E, 0x05, 0xFF,
    0xFF, 0x9D, 0x05, 0xFF,     0xFF, 0x9D, 0x05, 0xFF,     0xFF, 0x9C, 0x05, 0xFF,     0xFF, 0x9C, 0x05, 0xFF,
    0xFF, 0x9B, 0x05, 0xFF,     0xFF, 0x9B, 0x05, 0xFF,     0xFF, 0x9A, 0x04, 0xFF,     0xFF, 0x9A, 0x04, 0xFF,
    0xFF, 0x99, 0x04, 0xFF,     0xFF, 0x99, 0x04, 0xFF,     0xFF, 0x99, 0x04, 0xFF,     0xFF, 0x98, 0x04, 0xFF,
    0xFF, 0x98, 0x03, 0xFF,     0xFF, 0x97, 0x03, 0xFF,     0xFF, 0x97, 0x03, 0xFF,     0xFF, 0x96, 0x03, 0xFF,
    0xFF, 0x96, 0x03, 0xFF,     0xFF, 0x95, 0x03, 0xFF,     0xFF, 0x95, 0x03, 0xFF,     0xFF, 0x94, 0x02, 0xFF,
    0xFF, 0x94, 0x02, 0xFF,     0xFF, 0x94, 0x02, 0xFF,     0xFF, 0x93, 0x02, 0xFF,     0xFF, 0x93, 0x02, 0xFF,
    0xFF, 0x92, 0x02, 0xFF,     0xFF, 0x92, 0x02, 0xFF,     0xFF, 0x91, 0x01, 0xFF,     0xFF, 0x91, 0x01, 0xFF,
    0xFF, 0x90, 0x01, 0xFF,     0xFF, 0x90, 0x01, 0xFF,     0xFF, 0x8F, 0x01, 0xFF,     0xFF, 0x8F, 0x01, 0xFF,
    0xFF, 0x8F, 0x01, 0xFF,     0xFF, 0x8E, 0x00, 0xFF,     0xFF, 0x8E, 0x00, 0xFF,     0xFF, 0x8E, 0x00, 0x5A,
    0xFF, 0xC7, 0x13, 0xFF,     0xFF, 0xC6, 0x13, 0xFF,     0xFF, 0xC6, 0x13, 0xFF,     0xFF, 0xC5, 0x12, 0xFF,
    0xFF, 0xC5, 0x12, 0xFF,     0xFF, 0xC5, 0x12, 0xFF,     0xFF, 0xC4, 0x12, 0xFF,     0xFF, 0xC4, 0x12, 0xFF,
    0xFF, 0xC3, 0x12, 0xFF,     0xFF, 0xC3, 0x12, 0xFF,     0xFF, 0xC2, 0x11, 0xFF,     0xFF, 0xC2, 0x11, 0xFF,
    0xFF, 0xC1, 0x11, 0xFF,     0xFF, 0xC1, 0x11, 0xFF,     0xFF, 0xC0, 0x11, 0xFF,     0xFF, 0xC0, 0x11, 0xFF,
    0xFF, 0xC0, 0x11, 0xFF,     0xFF, 0xBF, 0x10, 0xFF,     0xFF, 0xBF, 0x10, 0xFF,     0xFF, 0xBE, 0x10, 0xFF,
    0xFF, 0xBE, 0x10, 0xFF,     0xFF, 0xBD, 0x10, 0xFF,     0xFF, 0xBD, 0x10, 0xFF,     0xFF, 0xBC, 0x10, 0xFF,
    0xFF, 0xBC, 0x0F, 0xFF,     0xFF, 0xBB, 0x0F, 0xFF,     0xFF, 0xBB, 0x0F, 0xFF,     0xFF, 0xBB, 0x0F, 0xFF,
    0xFF, 0xBA, 0x0F, 0xFF,     0xFF, 0xBA, 0x0F, 0xFF,     0xFF, 0xB9, 0x0E, 0xFF,     0xFF, 0xB9, 0x0E, 0xFF,
    0xFF, 0xB8, 0x0E, 0xFF,     0xFF, 0xB8, 0x0E, 0xFF,     0xFF, 0xB7, 0x0E, 0xFF,     0xFF, 0xB7, 0x0E, 0xFF,
    0xFF, 0xB6, 0x0E, 0xFF,     0xFF, 0xB6, 0x0D, 0xFF,     0xFF, 0xB6, 0x0D, 0xFF,     0xFF, 0xB5, 0x0D, 0xFF,
    0xFF, 0xB5, 0x0D, 0xFF,     0xFF, 0xB4, 0x0D, 0xFF,     0xFF, 0xB4, 0x0D, 0xFF,     0xFF, 0xB3, 0x0D, 0xFF,
    0xFF, 0xB3, 0x0C, 0xFF,     0xFF, 0xB2, 0x0C, 0xFF,     0xFF, 0xB2, 0x0C, 0xFF,     0xFF, 0xB1, 0x0C, 0xFF,
    0xFF, 0xB1, 0x0C, 0xFF,     0xFF, 0xB1, 0x0C, 0xFF,     0xFF, 0xB0, 0x0C, 0xFF,     0xFF, 0xB0, 0x0B, 0xFF,
    0xFF, 0xAF, 0x0B, 0xFF,     0xFF, 0xAF, 0x0B, 0xFF,     0xFF, 0xAE, 0x0B, 0xFF,     0xFF, 0xAE, 0x0B, 0xFF,
    0xFF, 0xAD, 0x0B, 0xFF,     0xFF, 0xAD, 0x0A, 0xFF,     0xFF, 0xAC, 0x0A, 0xFF,     0xFF, 0xAC, 0x0A, 0xFF,
    0xFF, 0xAC, 0x0A, 0xFF,     0xFF, 0xAB, 0x0A, 0xFF,     0xFF, 0xAB, 0x0A, 0xFF,     0xFF, 0xAA, 0x0A, 0xFF,
    0xFF, 0xAA, 0x09, 0xFF,     0xFF, 0xA9, 0x09, 0xFF,     0xFF, 0xA9, 0x09, 0xFF,     0xFF, 0xA8, 0x09, 0xFF,
    0xFF, 0xA8, 0x09, 0xFF,     0xFF, 0xA8, 0x09, 0xFF,     0xFF, 0xA7, 0x09, 0xFF,     0xFF, 0xA7, 0x08, 0xFF,
    0xFF, 0xA6, 0x08, 0xFF,     0xFF, 0xA6, 0x08, 0xFF,     0xFF, 0xA5, 0x08, 0xFF,     0xFF, 0xA5, 0x08, 0xFF,
    0xFF, 0xA4, 0x08, 0xFF,     0xFF, 0xA4, 0x07, 0xFF,     0xFF, 0xA3, 0x07, 0xFF,     0xFF, 0xA3, 0x07, 0xFF,
    0xFF, 0xA3, 0x07, 0xFF,     0xFF, 0xA2, 0x07, 0xFF,     0xFF, 0xA2, 0x07, 0xFF,     0xFF, 0xA1, 0x07, 0xFF,
    0xFF, 0xA1, 0x06, 0xFF,     0xFF, 0xA0, 0x06, 0xFF,     0xFF, 0xA0, 0x06, 0xFF,     0xFF, 0x9F, 0x06, 0xFF,
    0xFF, 0x9F, 0x06, 0xFF,     0xFF, 0x9E, 0x06, 0xFF,     0xFF, 0x9E, 0x06, 0xFF,     0xFF, 0x9E, 0x05, 0xFF,
    0xFF, 0x9D, 0x05, 0xFF,     0xFF, 0x9D, 0x05, 0xFF,     0xFF, 0x9C, 0x05, 0xFF,     0xFF, 0x9C, 0x05, 0xFF,
    0xFF, 0x9B, 0x05, 0xFF,     0xFF, 0x9B, 0x05, 0xFF,     0xFF, 0x9A, 0x04, 0xFF,     0xFF, 0x9A, 0x04, 0xFF,
    0xFF, 0x99, 0x04, 0xFF,     0xFF, 0x99, 0x04, 0xFF,     0xFF, 0x99, 0x04, 0xFF,     0xFF, 0x98, 0x04, 0xFF,
    0xFF, 0x98, 0x03, 0xFF,     0xFF, 0x97, 0x03, 0xFF,     0xFF, 0x97, 0x03, 0xFF,     0xFF, 0x96, 0x03, 0xFF,
    0xFF, 0x96, 0x03, 0xFF,     0xFF, 0x95, 0x03, 0xFF,     0xFF, 0x95, 0x03, 0xFF,     0xFF, 0x94, 0x02, 0xFF,
    0xFF, 0x94, 0x02, 0xFF,     0xFF, 0x94, 0x02, 0xFF,     0xFF, 0x93, 0x02, 0xFF,     0xFF, 0x93, 0x02, 0xFF,
    0xFF, 0x92, 0x02, 0xFF,     0xFF, 0x92, 0x02, 0xFF,     0xFF, 0x91, 0x01, 0xFF,     0xFF, 0x91, 0x01, 0xFF,
    0xFF, 0x90, 0x01, 0xFF,     0xFF, 0x90, 0x01, 0xFF,     0xFF, 0x8F, 0x01, 0xFF,     0xFF, 0x8F, 0x01, 0xFF,
    0xFF, 0x8F, 0x01, 0xFF,     0xFF, 0x8E, 0x00, 0xFF,     0xFF, 0x8E, 0x00, 0xFF,     0xFF, 0x8E, 0x00, 0xB4,
    0xFF, 0xC7, 0x13, 0xFF,     0xFF, 0xC6, 0x13, 0xFF,     0xFF, 0xC6, 0x13, 0xFF,     0xFF, 0xC5, 0x12, 0xFF,
    0xFF, 0xC5, 0x12, 0xFF,     0xFF, 0xC5, 0x12, 0xFF,     0xFF, 0xC4, 0x12, 0xFF,     0xFF, 0xC4, 0x12, 0xFF,
    0xFF, 0xC3, 0x12, 0xFF,     0xFF, 0xC3, 0x12, 0xFF,     0xFF, 0xC2, 0x11, 0xFF,     0xFF, 0xC2, 0x11, 0xFF,
    0xFF, 0xC1, 0x11, 0xFF,     0xFF, 0xC1, 0x11, 0xFF,     0xFF, 0xC0, 0x11, 0xFF,     0xFF, 0xC0, 0x11, 0xFF,
    0xFF, 0xC0, 0x11, 0xFF,     0xFF, 0xBF, 0x10, 0xFF,     0xFF, 0xBF, 0x10, 0xFF,     0xFF, 0xBE, 0x10, 0xFF,
    0xFF, 0xBE, 0x10, 0xFF,     0xFF, 0xBD, 0x10, 0xFF,     0xFF, 0xBD, 0x10, 0xFF,     0xFF, 0xBC, 0x10, 0xFF,
    0xFF, 0xBC, 0x0F, 0xFF,     0xFF, 0xBB, 0x0F, 0xFF,     0xFF, 0xBB, 0x0F, 0xFF,     0xFF, 0xBB, 0x0F, 0xFF,
    0xFF, 0xBA, 0x0F, 0xFF,     0xFF, 0xBA, 0x0F, 0xFF,     0xFF, 0xB9, 0x0E, 0xFF,     0xFF, 0xB9, 0x0E, 0xFF,
    0xFF, 0xB8, 0x0E, 0xFF,     0xFF, 0xB8, 0x0E, 0xFF,     0xFF, 0xB7, 0x0E, 0xFF,     0xFF, 0xB7, 0x0E, 0xFF,
    0xFF, 0xB6, 0x0E, 0xFF,     0xFF, 0xB6, 0x0D, 0xFF,     0xFF, 0xB6, 0x0D, 0xFF,     0xFF, 0xB5, 0x0D, 0xFF,
    0xFF, 0xB5, 0x0D, 0xFF,     0xFF, 0xB4, 0x0D, 0xFF,     0xFF, 0xB4, 0x0D, 0xFF,     0xFF, 0xB3, 0x0D, 0xFF,
    0xFF, 0xB3, 0x0C, 0xFF,     0xFF, 0xB2, 0x0C, 0xFF,     0xFF, 0xB2, 0x0C, 0xFF,     0xFF, 0xB1, 0x0C, 0xFF,
    0xFF, 0xB1, 0x0C, 0xFF,     0xFF, 0xB1, 0x0C, 0xFF,     0xFF, 0xB0, 0x0C, 0xFF,     0xFF, 0xB0, 0x0B, 0xFF,
    0xFF, 0xAF, 0x0B, 0xFF,     0xFF, 0xAF, 0x0B, 0xFF,     0xFF, 0xAE, 0x0B, 0xFF,     0xFF, 0xAE, 0x0B, 0xFF,
    0xFF, 0xAD, 0x0B, 0xFF,     0xFF, 0xAD, 0x0A, 0xFF,     0xFF, 0xAC, 0x0A, 0xFF,     0xFF, 0xAC, 0x0A, 0xFF,
    0xFF, 0xAC, 0x0A, 0xFF,     0xFF, 0xAB, 0x0A, 0xFF,     0xFF, 0xAB, 0x0A, 0xF3,     0xFF, 0xAA, 0x0A, 0xEE,
    0xFF, 0xAA, 0x09, 0xEE,     0xFF, 0xA9, 0x09, 0xEE,     0xFF, 0xA9, 0x09, 0xEE,     0xFF, 0xA8, 0x09, 0xEE,
    0xFF, 0xA8, 0x09, 0xEE,     0xFF, 0xA8, 0x09, 0xEE,     0xFF, 0xA7, 0x09, 0xEE,     0xFF, 0xA7, 0x08, 0xEE,
    0xFF, 0xA6, 0x08, 0xEE,     0xFF, 0xA6, 0x08, 0xEE,     0xFF, 0xA5, 0x08, 0xEE,     0xFF, 0xA5, 0x08, 0xEE,
    0xFF, 0xA4, 0x08, 0xEE,     0xFF, 0xA4, 0x08, 0xEE,     0xFF, 0xA3, 0x08, 0xEE,     0xFF, 0xA3, 0x08, 0xEE,
    0xFF, 0xA3, 0x08, 0xEE,     0xFF, 0xA2, 0x08, 0xEE,     0xFF, 0xA2, 0x08, 0xEE,     0xFF, 0xA1, 0x08, 0xEE,
    0xFF, 0xA1, 0x06, 0xEE,     0xFF, 0xA0, 0x06, 0xEE,     0xFF, 0xA0, 0x06, 0xEE,     0xFF, 0x9F, 0x06, 0xEE,
    0xFF, 0x9F, 0x06, 0xEE,     0xFF, 0x9E, 0x06, 0xEE,     0xFF, 0x9E, 0x06, 0xEE,     0xFF, 0x9E, 0x05, 0xEE,
    0xFF, 0x9E, 0x05, 0xEE,     0xFF, 0x9E, 0x05, 0xEE,     0xFF, 0x9C, 0x05, 0xEE,     0xFF, 0x9C, 0x05, 0xEE,
    0xFF, 0x9B, 0x05, 0xEE,     0xFF, 0x9B, 0x05, 0xEE,     0xFF, 0x9A, 0x04, 0xEE,     0xFF, 0x9A, 0x04, 0xEE,
    0xFF, 0x99, 0x04, 0xF8,     0xFF, 0x99, 0x04, 0xFF,     0xFF, 0x99, 0x04, 0xFF,     0xFF, 0x98, 0x04, 0xFF,
    0xFF, 0x98, 0x03, 0xFF,     0xFF, 0x97, 0x03, 0xFF,     0xFF, 0x97, 0x03, 0xFF,     0xFF, 0x96, 0x03, 0xFF,
    0xFF, 0x96, 0x03, 0xFF,     0xFF, 0x95, 0x03, 0xFF,     0xFF, 0x95, 0x03, 0xFF,     0xFF, 0x94, 0x02, 0xFF,
    0xFF, 0x94, 0x02, 0xFF,     0xFF, 0x94, 0x02, 0xFF,     0xFF, 0x93, 0x02, 0xFF,     0xFF, 0x93, 0x02, 0xFF,
    0xFF, 0x92, 0x02, 0xFF,     0xFF, 0x92, 0x02, 0xFF,     0xFF, 0x91, 0x01, 0xFF,     0xFF, 0x91, 0x01, 0xFF,
    0xFF, 0x90, 0x01, 0xFF,     0xFF, 0x90, 0x01, 0xFF,     0xFF, 0x8F, 0x01, 0xFF,     0xFF, 0x8F, 0x01, 0xFF,
    0xFF, 0x8F, 0x01, 0xFF,     0xFF, 0x8E, 0x00, 0xFF,     0xFF, 0x8E, 0x00, 0xFF,     0xFF, 0x8D, 0x00, 0xE5,
    0xFF, 0xC7, 0x13, 0xFF,     0xFF, 0xC6, 0x13, 0xFF,     0xFF, 0xC6, 0x13, 0xFF,     0xFF, 0xC5, 0x12, 0xFF,
    0xFF, 0xC5, 0x12, 0xFF,     0xFF, 0xC5, 0x12, 0xFF,     0xFF, 0xC4, 0x12, 0xFF,     0xFF, 0xC4, 0x12, 0xFF,
    0xFF, 0xC3, 0x12, 0xFF,     0xFF, 0xC3, 0x12, 0xFF,     0xFF, 0xC2, 0x11, 0xFF,     0xFF, 0xC2, 0x11, 0xFF,
    0xFF, 0xC1, 0x11, 0xFF,     0xFF, 0xC1, 0x11, 0xFF,     0xFF, 0xC0, 0x11, 0xFF,     0xFF, 0xC0, 0x11, 0xFF,
    0xFF, 0xC0, 0x11, 0xFF,     0xFF, 0xBF, 0x10, 0xFF,     0xFF, 0xBF, 0x10, 0xFF,     0xFF, 0xBE, 0x10, 0xFF,
    0xFF, 0xBE, 0x10, 0xFF,     0xFF, 0xBD, 0x10, 0xFF,     0xFF, 0xBD, 0x10, 0xFF,     0xFF, 0xBC, 0x10, 0xFF,
    0xFF, 0xBC, 0x0F, 0xFF,     0xFF, 0xBB, 0x0F, 0xFF,     0xFF, 0xBB, 0x0F, 0xFF,     0xFF, 0xBB, 0x0F, 0xFF,
    0xFF, 0xBA, 0x0F, 0xFF,     0xFF, 0xBA, 0x0F, 0xFF,     0xFF, 0xB9, 0x0E, 0xFF,     0xFF, 0xB9, 0x0E, 0xFF,
    0xFF, 0xB8, 0x0E, 0xFF,     0xFF, 0xB8, 0x0E, 0xFF,     0xFF, 0xB7, 0x0E, 0xFF,     0xFF, 0xB7, 0x0E, 0xFF,
    0xFF, 0xB6, 0x0E, 0xFF,     0xFF, 0xB6, 0x0D, 0xFF,     0xFF, 0xB6, 0x0D, 0xFF,     0xFF, 0xB5, 0x0D, 0xFF,
    0xFF, 0xB5, 0x0D, 0xFF,     0xFF, 0xB4, 0x0D, 0xFF,     0xFF, 0xB4, 0x0D, 0xFF,     0xFF, 0xB3, 0x0D, 0xFF,
    0xFF, 0xB3, 0x0C, 0xFF,     0xFF, 0xB2, 0x0C, 0xFF,     0xFF, 0xB2, 0x0C, 0xFF,     0xFF, 0xB1, 0x0C, 0xFF,
    0xFF, 0xB1, 0x0C, 0xFF,     0xFF, 0xB1, 0x0C, 0xFF,     0xFF, 0xB0, 0x0C, 0xFF,     0xFF, 0xB0, 0x0B, 0xFF,
    0xFF, 0xAF, 0x0B, 0xFF,     0xFF, 0xAF, 0x0B, 0xFF,     0xFF, 0xAE, 0x0B, 0xFF,     0xFF, 0xAE, 0x0B, 0xFF,
    0xFF, 0xAD, 0x0B, 0xFF,     0xFF, 0xAD, 0x0A, 0xFF,     0xFF, 0xAC, 0x0A, 0xFF,     0xFF, 0xAC, 0x0A, 0xED,
    0xFF, 0xAB, 0x0B, 0x86,     0xFF, 0xA6, 0x0D, 0x14,     0x00, 0x00, 0x00, 0x00,     0x00, 0x00, 0x00, 0x00,
    0x00, 0x00, 0x00, 0x00,     0x00, 0x00, 0x00, 0x00,     0x00, 0x00, 0x00, 0x00,     0x00, 0x00, 0x00, 0x00,
    0x00, 0x00, 0x00, 0x00,     0x00, 0x00, 0x00, 0x00,     0x00, 0x00, 0x00, 0x00,     0x00, 0x00, 0x00, 0x00,
    0x00, 0x00, 0x00, 0x00,     0x00, 0x00, 0x00, 0x00,     0x00, 0x00, 0x00, 0x00,     0x00, 0x00, 0x00, 0x00,
    0x00, 0x00, 0x00, 0x00,     0x00, 0x00, 0x00, 0x00,     0x00, 0x00, 0x00, 0x00,     0x00, 0x00, 0x00, 0x00,
    0x00, 0x00, 0x00, 0x00,     0x00, 0x00, 0x00, 0x00,     0x00, 0x00, 0x00, 0x00,     0x00, 0x00, 0x00, 0x00,
    0x00, 0x00, 0x00, 0x00,     0x00, 0x00, 0x00, 0x00,     0x00, 0x00, 0x00, 0x00,     0x00, 0x00, 0x00, 0x00,
    0x00, 0x00, 0x00, 0x00,     0x00, 0x00, 0x00, 0x00,     0x00, 0x00, 0x00, 0x00,     0x00, 0x00, 0x00, 0x00,
    0x00, 0x00, 0x00, 0x00,     0x00, 0x00, 0x00, 0x00,     0x00, 0x00, 0x00, 0x00,     0x00, 0x00, 0x00, 0x00,
    0x00, 0x00, 0x00, 0x00,     0x00, 0x00, 0x00, 0x00,     0x00, 0x00, 0x00, 0x00,     0x00, 0x00, 0x00, 0x00,
    0x00, 0x00, 0x00, 0x00,     0x00, 0x00, 0x00, 0x00,     0x00, 0x00, 0x00, 0x00,     0x00, 0x00, 0x00, 0x00,
    0x00, 0x00, 0x00, 0x00,     0x00, 0x00, 0x00, 0x00,     0x00, 0x00, 0x00, 0x00,     0x00, 0x00, 0x00, 0x00,
    0x00, 0x00, 0x00, 0x00,     0x00, 0x00, 0x00, 0x00,     0x00, 0x00, 0x00, 0x00,     0x00, 0x00, 0x00, 0x00,
    0x00, 0x00, 0x00, 0x00,     0x00, 0x00, 0x00, 0x00,     0x00, 0x00, 0x00, 0x00,     0x00, 0x00, 0x00, 0x00,
    0x00, 0x00, 0x00, 0x00,     0x00, 0x00, 0x00, 0x00,     0x00, 0x00, 0x00, 0x00,     0x00, 0x00, 0x00, 0x00,
    0x00, 0x00, 0x00, 0x00,     0x00, 0x00, 0x00, 0x00,     0xFF, 0x89, 0x00, 0x0D,     0xFF, 0x90, 0x00, 0x45,
    0xFF, 0x90, 0x02, 0x95,     0xFF, 0x8E, 0x00, 0xEA,     0xFF, 0x8E, 0x00, 0xFF,     0xFF, 0x8D, 0x00, 0xFB,
    0xFF, 0xC7, 0x13, 0xFF,     0xFF, 0xC6, 0x13, 0xFF,     0xFF, 0xC6, 0x13, 0xFF,     0xFF, 0xC5, 0x12, 0xFF,
    0xFF, 0xC5, 0x12, 0xFF,     0xFF, 0xC5, 0x12, 0xFF,     0xFF, 0xC4, 0x12, 0xFF,     0xFF, 0xC4, 0x12, 0xFF,
    0xFF, 0xC3, 0x12, 0xFF,     0xFF, 0xC3, 0x12, 0xFF,     0xFF, 0xC2, 0x11, 0xFF,     0xFF, 0xC2, 0x11, 0xFF,
    0xFF, 0xC1, 0x11, 0xFF,     0xFF, 0xC1, 0x11, 0xFF,     0xFF, 0xC0, 0x11, 0xFF,     0xFF, 0xC0, 0x11, 0xFF,
    0xFF, 0xC0, 0x11, 0xFF,     0xFF, 0xBF, 0x10, 0xFF,     0xFF, 0xBF, 0x10, 0xFF,     0xFF, 0xBE, 0x10, 0xFF,
    0xFF, 0xBE, 0x10, 0xFF,     0xFF, 0xBD, 0x10, 0xFF,     0xFF, 0xBD, 0x10, 0xFF,     0xFF, 0xBC, 0x10, 0xFF,
    0xFF, 0xBC, 0x0F, 0xFF,     0xFF, 0xBB, 0x0F, 0xFF,     0xFF, 0xBB, 0x0F, 0xFF,     0xFF, 0xBB, 0x0F, 0xFF,
    0xFF, 0xBA, 0x0F, 0xFF,     0xFF, 0xBA, 0x0F, 0xFF,     0xFF, 0xB9, 0x0E, 0xFF,     0xFF, 0xB9, 0x0E, 0xFF,
    0xFF, 0xB8, 0x0E, 0xFF,     0xFF, 0xB8, 0x0E, 0xFF,     0xFF, 0xB7, 0x0E, 0xFF,     0xFF, 0xB7, 0x0E, 0xFF,
    0xFF, 0xB6, 0x0E, 0xFF,     0xFF, 0xB6, 0x0D, 0xFF,     0xFF, 0xB6, 0x0D, 0xFF,     0xFF, 0xB5, 0x0D, 0xFF,
    0xFF, 0xB5, 0x0D, 0xFF,     0xFF, 0xB4, 0x0D, 0xFF,     0xFF, 0xB4, 0x0D, 0xFF,     0xFF, 0xB3, 0x0D, 0xFF,
    0xFF, 0xB3, 0x0C, 0xFF,     0xFF, 0xB2, 0x0C, 0xFF,     0xFF, 0xB2, 0x0C, 0xFF,     0xFF, 0xB1, 0x0C, 0xFF,
    0xFF, 0xB1, 0x0C, 0xFF,     0xFF, 0xB1, 0x0C, 0xFF,     0xFF, 0xB0, 0x0C, 0xFF,     0xFF, 0xB0, 0x0B, 0xFF,
    0xFF, 0xAF, 0x0B, 0xFF,     0xFF, 0xAF, 0x0B, 0xFF,     0xFF, 0xAE, 0x0B, 0xFF,     0xFF, 0xAE, 0x0B, 0xFF,
    0xFF, 0xAD, 0x0B, 0xFF,     0xFF, 0xAD, 0x0A, 0xFE,     0xFF, 0xAB, 0x0A, 0x86,     0xFF, 0x99, 0x00, 0x05,
    0x00, 0x00, 0x00, 0x00,     0x00, 0x00, 0x00, 0x00,     0x00, 0x00, 0x00, 0x00,     0x00, 0x00, 0x00, 0x00,
    0x00, 0x00, 0x00, 0x00,     0x00, 0x00, 0x00, 0x00,     0x00, 0x00, 0x00, 0x00,     0x00, 0x00, 0x00, 0x00,
    0x00, 0x00, 0x00, 0x00,     0x00, 0x00, 0x00, 0x00,     0x00, 0x00, 0x00, 0x00,     0x00, 0x00, 0x00, 0x00,
    0x00, 0x00, 0x00, 0x00,     0x00, 0x00, 0x00, 0x00,     0x00, 0x00, 0x00, 0x00,     0x00, 0x00, 0x00, 0x00,
    0x00, 0x00, 0x00, 0x00,     0x00, 0x00, 0x00, 0x00,     0x00, 0x00, 0x00, 0x00,     0x00, 0x00, 0x00, 0x00,
    0x00, 0x00, 0x00, 0x00,     0x00, 0x00, 0x00, 0x00,     0x00, 0x00, 0x00, 0x00,     0x00, 0x00, 0x00, 0x00,
    0x00, 0x00, 0x00, 0x00,     0x00, 0x00, 0x00, 0x00,     0x00, 0x00, 0x00, 0x00,     0x00, 0x00, 0x00, 0x00,
    0x00, 0x00, 0x00, 0x00,     0x00, 0x00, 0x00, 0x00,     0x00, 0x00, 0x00, 0x00,     0x00, 0x00, 0x00, 0x00,
    0x00, 0x00, 0x00, 0x00,     0x00, 0x00, 0x00, 0x00,     0x00, 0x00, 0x00, 0x00,     0x00, 0x00, 0x00, 0x00,
    0x00, 0x00, 0x00, 0x00,     0x00, 0x00, 0x00, 0x00,     0x00, 0x00, 0x00, 0x00,     0x00, 0x00, 0x00, 0x00,
    0x00, 0x00, 0x00, 0x00,     0x00, 0x00, 0x00, 0x00,     0x00, 0x00, 0x00, 0x00,     0x00, 0x00, 0x00, 0x00,
    0x00, 0x00, 0x00, 0x00,     0x00, 0x00, 0x00, 0x00,     0x00, 0x00, 0x00, 0x00,     0x00, 0x00, 0x00, 0x00,
    0x00, 0x00, 0x00, 0x00,     0x00, 0x00, 0x00, 0x00,     0x00, 0x00, 0x00, 0x00,     0x00, 0x00, 0x00, 0x00,
    0x00, 0x00, 0x00, 0x00,     0x00, 0x00, 0x00, 0x00,     0x00, 0x00, 0x00, 0x00,     0x00, 0x00, 0x00, 0x00,
    0x00, 0x00, 0x00, 0x00,     0x00, 0x00, 0x00, 0x00,     0x00, 0x00, 0x00, 0x00,     0x00, 0x00, 0x00, 0x00,
    0x00, 0x00, 0x00, 0x00,     0x00, 0x00, 0x00, 0x00,     0x00, 0x00, 0x00, 0x00,     0x00, 0x00, 0x00, 0x00,
    0x00, 0x00, 0x00, 0x00,     0xFF, 0x8B, 0x00, 0x0B,     0xFF, 0x8F, 0x00, 0x74,     0xFF, 0x8D, 0x00, 0xF2,
    0xFF, 0xC7, 0x13, 0xFF,     0xFF, 0xC6, 0x13, 0xFF,     0xFF, 0xC6, 0x13, 0xFF,     0xFF, 0xC5, 0x12, 0xFF,
    0xFF, 0xC5, 0x12, 0xFF,     0xFF, 0xC5, 0x12, 0xFF,     0xFF, 0xC4, 0x12, 0xFF,     0xFF, 0xC4, 0x12, 0xFF,
    0xFF, 0xC3, 0x12, 0xFF,     0xFF, 0xC3, 0x12, 0xFF,     0xFF, 0xC2, 0x11, 0xFF,     0xFF, 0xC2, 0x11, 0xFF,
    0xFF, 0xC1, 0x11, 0xFF,     0xFF, 0xC1, 0x11, 0xFF,     0xFF, 0xC0, 0x11, 0xFF,     0xFF, 0xC0, 0x11, 0xFF,
    0xFF, 0xC0, 0x11, 0xFF,     0xFF, 0xBF, 0x10, 0xFF,     0xFF, 0xBF, 0x10, 0xFF,     0xFF, 0xBE, 0x10, 0xFF,
    0xFF, 0xBE, 0x10, 0xFF,     0xFF, 0xBD, 0x10, 0xFF,     0xFF, 0xBD, 0x10, 0xFF,     0xFF, 0xBC, 0x10, 0xFF,
    0xFF, 0xBC, 0x0F, 0xFF,     0xFF, 0xBB, 0x0F, 0xFF,     0xFF, 0xBB, 0x0F, 0xFF,     0xFF, 0xBB, 0x0F, 0xFF,
    0xFF, 0xBA, 0x0F, 0xFF,     0xFF, 0xBA, 0x0F, 0xFF,     0xFF, 0xB9, 0x0E, 0xFF,     0xFF, 0xB9, 0x0E, 0xFF,
    0xFF, 0xB8, 0x0E, 0xFF,     0xFF, 0xB8, 0x0E, 0xFF,     0xFF, 0xB7, 0x0E, 0xFF,     0xFF, 0xB7, 0x0E, 0xFF,
    0xFF, 0xB6, 0x0E, 0xFF,     0xFF, 0xB6, 0x0D, 0xFF,     0xFF, 0xB6, 0x0D, 0xFF,     0xFF, 0xB5, 0x0D, 0xFF,
    0xFF, 0xB5, 0x0D, 0xFF,     0xFF, 0xB4, 0x0D, 0xFF,     0xFF, 0xB4, 0x0D, 0xFF,     0xFF, 0xB3, 0x0D, 0xFF,
    0xFF, 0xB3, 0x0C, 0xFF,     0xFF, 0xB2, 0x0C, 0xFF,     0xFF, 0xB2, 0x0C, 0xFF,     0xFF, 0xB1, 0x0C, 0xFF,
    0xFF, 0xB1, 0x0C, 0xFF,     0xFF, 0xB1, 0x0C, 0xFF,     0xFF, 0xB0, 0x0C, 0xFF,     0xFF, 0xB0, 0x0B, 0xFF,
    0xFF, 0xAF, 0x0B, 0xFF,     0xFF, 0xAF, 0x0B, 0xFF,     0xFF, 0xAE, 0x0B, 0xFF,     0xFF, 0xAE, 0x0B, 0xFF,
    0xFF, 0xAC, 0x0B, 0xFA,     0xFF, 0xAC, 0x09, 0x56,     0x00, 0x00, 0x00, 0x00,     0x00, 0x00, 0x00, 0x00,
    0xFF, 0xAA, 0x00, 0x0C,     0xFF, 0xAC, 0x09, 0x56,     0xFF, 0xAA, 0x0B, 0x75,     0xFF, 0xA9, 0x0B, 0x77,
    0xFF, 0xA9, 0x09, 0x77,     0xFF, 0xA9, 0x09, 0x77,     0xFF, 0xA9, 0x09, 0x77,     0xFF, 0xA7, 0x09, 0x77,
    0xFF, 0xA7, 0x09, 0x77,     0xFF, 0xA7, 0x09, 0x77,     0xFF, 0xA7, 0x09, 0x77,     0xFF, 0xA7, 0x09, 0x77,
    0xFF, 0xA5, 0x09, 0x77,     0xFF, 0xA5, 0x09, 0x77,     0xFF, 0xA5, 0x09, 0x77,     0xFF, 0xA5, 0x09, 0x77,
    0xFF, 0xA5, 0x09, 0x77,     0xFF, 0xA5, 0x06, 0x77,     0xFF, 0xA3, 0x06, 0x77,     0xFF, 0xA3, 0x06, 0x77,
    0xFF, 0xA3, 0x06, 0x77,     0xFF, 0xA3, 0x06, 0x77,     0xFF, 0xA3, 0x06, 0x77,     0xFF, 0xA1, 0x06, 0x77,
    0xFF, 0xA1, 0x06, 0x77,     0xFF, 0xA1, 0x06, 0x77,     0xFF, 0xA0, 0x06, 0x84,     0xFF, 0x9F, 0x06, 0x88,
    0xFF, 0x9F, 0x06, 0x88,     0xFF, 0x9E, 0x06, 0x88,     0xFF, 0x9E, 0x06, 0x88,     0xFF, 0x9E, 0x06, 0x88,
    0xFF, 0x9E, 0x06, 0x88,     0xFF, 0x9E, 0x06, 0x88,     0xFF, 0x9C, 0x06, 0x88,     0xFF, 0x9C, 0x06, 0x88,
    0xFF, 0x9C, 0x06, 0x88,     0xFF, 0x9C, 0x06, 0x88,     0xFF, 0x9A, 0x04, 0x88,     0xFF, 0x9A, 0x04, 0x88,
    0xFF, 0x9A, 0x04, 0x88,     0xFF, 0x9A, 0x04, 0x88,     0xFF, 0x9A, 0x04, 0x88,     0xFF, 0x98, 0x04, 0x88,
    0xFF, 0x98, 0x04, 0x88,     0xFF, 0x98, 0x04, 0x88,     0xFF, 0x98, 0x04, 0x88,     0xFF, 0x96, 0x04, 0x88,
    0xFF, 0x96, 0x04, 0x88,     0xFF, 0x94, 0x04, 0x88,     0xFF, 0x94, 0x04, 0x88,     0xFF, 0x94, 0x02, 0x88,
    0xFF, 0x94, 0x02, 0x88,     0xFF, 0x94, 0x02, 0x88,     0xFF, 0x92, 0x02, 0x88,     0xFF, 0x92, 0x02, 0x88,
    0xFF, 0x92, 0x02, 0x88,     0xFF, 0x92, 0x02, 0x88,     0xFF, 0x90, 0x02, 0x88,     0xFF, 0x90, 0x02, 0x88,
    0xFF, 0x90, 0x02, 0x88,     0xFF, 0x8F, 0x02, 0x92,     0xFF, 0x90, 0x02, 0x85,     0xFF, 0x8F, 0x00, 0x4B,
    0xFF, 0x80, 0x00, 0x04,     0x00, 0x00, 0x00, 0x00,     0x00, 0x00, 0x00, 0x00,     0xFF, 0x8B, 0x00, 0x40,
    0xFF, 0xC7, 0x13, 0xFF,     0xFF, 0xC6, 0x13, 0xFF,     0xFF, 0xC6, 0x13, 0xFF,     0xFF, 0xC5, 0x12, 0xFF,
    0xFF, 0xC5, 0x12, 0xFF,     0xFF, 0xC5, 0x12, 0xFF,     0xFF, 0xC4, 0x12, 0xFF,     0xFF, 0xC4, 0x12, 0xFF,
    0xFF, 0xC3, 0x12, 0xFF,     0xFF, 0xC3, 0x12, 0xFF,     0xFF, 0xC2, 0x11, 0xFF,     0xFF, 0xC2, 0x11, 0xFF,
    0xFF, 0xC1, 0x11, 0xFF,     0xFF, 0xC1, 0x11, 0xFF,     0xFF, 0xC0, 0x11, 0xFF,     0xFF, 0xC0, 0x11, 0xFF,
    0xFF, 0xC0, 0x11, 0xFF,     0xFF, 0xBF, 0x10, 0xFF,     0xFF, 0xBF, 0x10, 0xFF,     0xFF, 0xBE, 0x10, 0xFF,
    0xFF, 0xBE, 0x10, 0xFF,     0xFF, 0xBD, 0x10, 0xFF,     0xFF, 0xBD, 0x10, 0xFF,     0xFF, 0xBC, 0x10, 0xFF,
    0xFF, 0xBC, 0x0F, 0xFF,     0xFF, 0xBB, 0x0F, 0xFF,     0xFF, 0xBB, 0x0F, 0xFF,     0xFF, 0xBB, 0x0F, 0xFF,
    0xFF, 0xBA, 0x0F, 0xFF,     0xFF, 0xBA, 0x0F, 0xFF,     0xFF, 0xB9, 0x0E, 0xFF,     0xFF, 0xB9, 0x0E, 0xFF,
    0xFF, 0xB8, 0x0E, 0xFF,     0xFF, 0xB8, 0x0E, 0xFF,     0xFF, 0xB7, 0x0E, 0xFF,     0xFF, 0xB7, 0x0E, 0xFF,
    0xFF, 0xB6, 0x0E, 0xFF,     0xFF, 0xB6, 0x0D, 0xFF,     0xFF, 0xB6, 0x0D, 0xFF,     0xFF, 0xB5, 0x0D, 0xFF,
    0xFF, 0xB5, 0x0D, 0xFF,     0xFF, 0xB4, 0x0D, 0xFF,     0xFF, 0xB4, 0x0D, 0xFF,     0xFF, 0xB3, 0x0D, 0xFF,
    0xFF, 0xB3, 0x0C, 0xFF,     0xFF, 0xB2, 0x0C, 0xFF,     0xFF, 0xB2, 0x0C, 0xFF,     0xFF, 0xB1, 0x0C, 0xFF,
    0xFF, 0xB1, 0x0C, 0xFF,     0xFF, 0xB1, 0x0C, 0xFF,     0xFF, 0xB0, 0x0C, 0xFF,     0xFF, 0xB0, 0x0B, 0xFF,
    0xFF, 0xAF, 0x0B, 0xFF,     0xFF, 0xAF, 0x0B, 0xFF,     0xFF, 0xAE, 0x0B, 0xFF,     0xFF, 0xAE, 0x0B, 0xFD,
    0xFF, 0xAD, 0x09, 0x51,     0x00, 0x00, 0x00, 0x00,     0x00, 0x00, 0x00, 0x00,     0xFF, 0xAD, 0x0B, 0x44,
    0xFF, 0xAC, 0x0A, 0xE1,     0xFF, 0xAB, 0x0A, 0xFF,     0xFF, 0xAB, 0x0A, 0xFF,     0xFF, 0xAA, 0x0A, 0xFF,
    0xFF, 0xAA, 0x09, 0xFF,     0xFF, 0xA9, 0x09, 0xFF,     0xFF, 0xA9, 0x09, 0xFF,     0xFF, 0xA8, 0x09, 0xFF,
    0xFF, 0xA8, 0x09, 0xFF,     0xFF, 0xA8, 0x09, 0xFF,     0xFF, 0xA7, 0x09, 0xFF,     0xFF, 0xA7, 0x08, 0xFF,
    0xFF, 0xA6, 0x08, 0xFF,     0xFF, 0xA6, 0x08, 0xFF,     0xFF, 0xA5, 0x08, 0xFF,     0xFF, 0xA5, 0x08, 0xFF,
    0xFF, 0xA4, 0x08, 0xFF,     0xFF, 0xA4, 0x07, 0xFF,     0xFF, 0xA3, 0x07, 0xFF,     0xFF, 0xA3, 0x07, 0xFF,
    0xFF, 0xA3, 0x07, 0xFF,     0xFF, 0xA2, 0x07, 0xFF,     0xFF, 0xA2, 0x07, 0xFF,     0xFF, 0xA1, 0x07, 0xFF,
    0xFF, 0xA1, 0x06, 0xFF,     0xFF, 0xA0, 0x06, 0xFF,     0xFF, 0xA0, 0x06, 0xFF,     0xFF, 0x9F, 0x06, 0xFF,
    0xFF, 0x9F, 0x06, 0xFF,     0xFF, 0x9E, 0x06, 0xFF,     0xFF, 0x9E, 0x06, 0xFF,     0xFF, 0x9E, 0x05, 0xFF,
    0xFF, 0x9D, 0x05, 0xFF,     0xFF, 0x9D, 0x05, 0xFF,     0xFF, 0x9C, 0x05, 0xFF,     0xFF, 0x9C, 0x05, 0xFF,
    0xFF, 0x9B, 0x05, 0xFF,     0xFF, 0x9B, 0x05, 0xFF,     0xFF, 0x9A, 0x04, 0xFF,     0xFF, 0x9A, 0x04, 0xFF,
    0xFF, 0x99, 0x04, 0xFF,     0xFF, 0x99, 0x04, 0xFF,     0xFF, 0x99, 0x04, 0xFF,     0xFF, 0x98, 0x04, 0xFF,
    0xFF, 0x98, 0x03, 0xFF,     0xFF, 0x97, 0x03, 0xFF,     0xFF, 0x97, 0x03, 0xFF,     0xFF, 0x96, 0x03, 0xFF,
    0xFF, 0x96, 0x03, 0xFF,     0xFF, 0x95, 0x03, 0xFF,     0xFF, 0x95, 0x03, 0xFF,     0xFF, 0x94, 0x02, 0xFF,
    0xFF, 0x94, 0x02, 0xFF,     0xFF, 0x94, 0x02, 0xFF,     0xFF, 0x93, 0x02, 0xFF,     0xFF, 0x93, 0x02, 0xFF,
    0xFF, 0x92, 0x02, 0xFF,     0xFF, 0x92, 0x02, 0xFF,     0xFF, 0x91, 0x01, 0xFF,     0xFF, 0x91, 0x01, 0xFF,
    0xFF, 0x90, 0x01, 0xFF,     0xFF, 0x90, 0x01, 0xFF,     0xFF, 0x8F, 0x01, 0xFF,     0xFF, 0x8F, 0x01, 0xFF,
    0xFF, 0x8F, 0x01, 0xDF,     0xFF, 0x8C, 0x00, 0x45,     0x00, 0x00, 0x00, 0x00,     0x00, 0x00, 0x00, 0x00,
    0xFF, 0xC7, 0x13, 0xFF,     0xFF, 0xC6, 0x13, 0xFF,     0xFF, 0xC6, 0x13, 0xFF,     0xFF, 0xC5, 0x12, 0xFF,
    0xFF, 0xC5, 0x12, 0xFF,     0xFF, 0xC5, 0x12, 0xFF,     0xFF, 0xC4, 0x12, 0xFF,     0xFF, 0xC4, 0x12, 0xFF,
    0xFF, 0xC3, 0x12, 0xFF,     0xFF, 0xC3, 0x12, 0xFF,     0xFF, 0xC2, 0x11, 0xFF,     0xFF, 0xC2, 0x11, 0xFF,
    0xFF, 0xC1, 0x11, 0xFF,     0xFF, 0xC1, 0x11, 0xFF,     0xFF, 0xC0, 0x11, 0xFF,     0xFF, 0xC0, 0x11, 0xFF,
    0xFF, 0xC0, 0x11, 0xFF,     0xFF, 0xBF, 0x10, 0xFF,     0xFF, 0xBF, 0x10, 0xFF,     0xFF, 0xBE, 0x10, 0xFF,
    0xFF, 0xBE, 0x10, 0xFF,     0xFF, 0xBD, 0x10, 0xFF,     0xFF, 0xBD, 0x10, 0xFF,     0xFF, 0xBC, 0x10, 0xFF,
    0xFF, 0xBC, 0x0F, 0xFF,     0xFF, 0xBB, 0x0F, 0xFF,     0xFF, 0xBB, 0x0F, 0xFF,     0xFF, 0xBB, 0x0F, 0xFF,
    0xFF, 0xBA, 0x0F, 0xFF,     0xFF, 0xBA, 0x0F, 0xFF,     0xFF, 0xB9, 0x0E, 0xFF,     0xFF, 0xB9, 0x0E, 0xFF,
    0xFF, 0xB8, 0x0E, 0xFF,     0xFF, 0xB8, 0x0E, 0xFF,     0xFF, 0xB7, 0x0E, 0xFF,     0xFF, 0xB7, 0x0E, 0xFF,
    0xFF, 0xB6, 0x0E, 0xFF,     0xFF, 0xB6, 0x0D, 0xFF,     0xFF, 0xB6, 0x0D, 0xFF,     0xFF, 0xB5, 0x0D, 0xFF,
    0xFF, 0xB5, 0x0D, 0xFF,     0xFF, 0xB4, 0x0D, 0xFF,     0xFF, 0xB4, 0x0D, 0xFF,     0xFF, 0xB3, 0x0D, 0xFF,
    0xFF, 0xB3, 0x0C, 0xFF,     0xFF, 0xB2, 0x0C, 0xFF,     0xFF, 0xB2, 0x0C, 0xFF,     0xFF, 0xB1, 0x0C, 0xFF,
    0xFF, 0xB1, 0x0C, 0xFF,     0xFF, 0xB1, 0x0C, 0xFF,     0xFF, 0xB0, 0x0C, 0xFF,     0xFF, 0xB0, 0x0B, 0xFF,
    0xFF, 0xAF, 0x0B, 0xFF,     0xFF, 0xAF, 0x0B, 0xFF,     0xFF, 0xAE, 0x0B, 0xFF,     0xFF, 0xAD, 0x0C, 0x6A,
    0x00, 0x00, 0x00, 0x00,     0x00, 0x00, 0x00, 0x00,     0xFF, 0xAC, 0x0B, 0x5C,     0xFF, 0xAC, 0x0A, 0xFD,
    0xFF, 0xAC, 0x0A, 0xFF,     0xFF, 0xAB, 0x0A, 0xFF,     0xFF, 0xAB, 0x0A, 0xFF,     0xFF, 0xAA, 0x0A, 0xFF,
    0xFF, 0xAA, 0x09, 0xFF,     0xFF, 0xA9, 0x09, 0xFF,     0xFF, 0xA9, 0x09, 0xFF,     0xFF, 0xA8, 0x09, 0xFF,
    0xFF, 0xA8, 0x09, 0xFF,     0xFF, 0xA8, 0x09, 0xFF,     0xFF, 0xA7, 0x09, 0xFF,     0xFF, 0xA7, 0x08, 0xFF,
    0xFF, 0xA6, 0x08, 0xFF,     0xFF, 0xA6, 0x08, 0xFF,     0xFF, 0xA5, 0x08, 0xFF,     0xFF, 0xA5, 0x08, 0xFF,
    0xFF, 0xA4, 0x08, 0xFF,     0xFF, 0xA4, 0x07, 0xFF,     0xFF, 0xA3, 0x07, 0xFF,     0xFF, 0xA3, 0x07, 0xFF,
    0xFF, 0xA3, 0x07, 0xFF,     0xFF, 0xA2, 0x07, 0xFF,     0xFF, 0xA2, 0x07, 0xFF,     0xFF, 0xA1, 0x07, 0xFF,
    0xFF, 0xA1, 0x06, 0xFF,     0xFF, 0xA0, 0x06, 0xFF,     0xFF, 0xA0, 0x06, 0xFF,     0xFF, 0x9F, 0x06, 0xFF,
    0xFF, 0x9F, 0x06, 0xFF,     0xFF, 0x9E, 0x06, 0xFF,     0xFF, 0x9E, 0x06, 0xFF,     0xFF, 0x9E, 0x05, 0xFF,
    0xFF, 0x9D, 0x05, 0xFF,     0xFF, 0x9D, 0x05, 0xFF,     0xFF, 0x9C, 0x05, 0xFF,     0xFF, 0x9C, 0x05, 0xFF,
    0xFF, 0x9B, 0x05, 0xFF,     0xFF, 0x9B, 0x05, 0xFF,     0xFF, 0x9A, 0x04, 0xFF,     0xFF, 0x9A, 0x04, 0xFF,
    0xFF, 0x99, 0x04, 0xFF,     0xFF, 0x99, 0x04, 0xFF,     0xFF, 0x99, 0x04, 0xFF,     0xFF, 0x98, 0x04, 0xFF,
    0xFF, 0x98, 0x03, 0xFF,     0xFF, 0x97, 0x03, 0xFF,     0xFF, 0x97, 0x03, 0xFF,     0xFF, 0x96, 0x03, 0xFF,
    0xFF, 0x96, 0x03, 0xFF,     0xFF, 0x95, 0x03, 0xFF,     0xFF, 0x95, 0x03, 0xFF,     0xFF, 0x94, 0x02, 0xFF,
    0xFF, 0x94, 0x02, 0xFF,     0xFF, 0x94, 0x02, 0xFF,     0xFF, 0x93, 0x02, 0xFF,     0xFF, 0x93, 0x02, 0xFF,
    0xFF, 0x92, 0x02, 0xFF,     0xFF, 0x92, 0x02, 0xFF,     0xFF, 0x91, 0x01, 0xFF,     0xFF, 0x91, 0x01, 0xFF,
    0xFF, 0x90, 0x01, 0xFF,     0xFF, 0x90, 0x01, 0xFF,     0xFF, 0x8F, 0x01, 0xFF,     0xFF, 0x8F, 0x01, 0xFF,
    0xFF, 0x8F, 0x01, 0xFF,     0xFF, 0x8E, 0x00, 0xFC,     0xFF, 0x8D, 0x00, 0x57,     0x00, 0x00, 0x00, 0x00,
    0xFF, 0xC7, 0x13, 0xFF,     0xFF, 0xC6, 0x13, 0xFF,     0xFF, 0xC6, 0x13, 0xFF,     0xFF, 0xC5, 0x12, 0xFF,
    0xFF, 0xC5, 0x12, 0xFF,     0xFF, 0xC5, 0x12, 0xFF,     0xFF, 0xC4, 0x12, 0xFF,     0xFF, 0xC4, 0x12, 0xFF,
    0xFF, 0xC3, 0x12, 0xFF,     0xFF, 0xC3, 0x12, 0xFF,     0xFF, 0xC2, 0x11, 0xFF,     0xFF, 0xC2, 0x11, 0xFF,
    0xFF, 0xC1, 0x11, 0xFF,     0xFF, 0xC1, 0x11, 0xFF,     0xFF, 0xC0, 0x11, 0xFF,     0xFF, 0xC0, 0x11, 0xFF,
    0xFF, 0xC0, 0x11, 0xFF,     0xFF, 0xBF, 0x10, 0xFF,     0xFF, 0xBF, 0x10, 0xFF,     0xFF, 0xBE, 0x10, 0xFF,
    0xFF, 0xBE, 0x10, 0xFF,     0xFF, 0xBD, 0x10, 0xFF,     0xFF, 0xBD, 0x10, 0xFF,     0xFF, 0xBC, 0x10, 0xFF,
    0xFF, 0xBC, 0x0F, 0xFF,     0xFF, 0xBB, 0x0F, 0xFF,     0xFF, 0xBB, 0x0F, 0xFF,     0xFF, 0xBB, 0x0F, 0xFF,
    0xFF, 0xBA, 0x0F, 0xFF,     0xFF, 0xBA, 0x0F, 0xFF,     0xFF, 0xB9, 0x0E, 0xFF,     0xFF, 0xB9, 0x0E, 0xFF,
    0xFF, 0xB8, 0x0E, 0xFF,     0xFF, 0xB8, 0x0E, 0xFF,     0xFF, 0xB7, 0x0E, 0xFF,     0xFF, 0xB7, 0x0E, 0xFF,
    0xFF, 0xB6, 0x0E, 0xFF,     0xFF, 0xB6, 0x0D, 0xFF,     0xFF, 0xB6, 0x0D, 0xFF,     0xFF, 0xB5, 0x0D, 0xFF,
    0xFF, 0xB5, 0x0D, 0xFF,     0xFF, 0xB4, 0x0D, 0xFF,     0xFF, 0xB4, 0x0D, 0xFF,     0xFF, 0xB3, 0x0D, 0xFF,
    0xFF, 0xB3, 0x0C, 0xFF,     0xFF, 0xB2, 0x0C, 0xFF,     0xFF, 0xB2, 0x0C, 0xFF,     0xFF, 0xB1, 0x0C, 0xFF,
    0xFF, 0xB1, 0x0C, 0xFF,     0xFF, 0xB1, 0x0C, 0xFF,     0xFF, 0xB0, 0x0C, 0xFF,     0xFF, 0xB0, 0x0B, 0xFF,
    0xFF, 0xAF, 0x0B, 0xFF,     0xFF, 0xAF, 0x0B, 0xFF,     0xFF, 0xAF, 0x0B, 0xA2,     0x00, 0x00, 0x00, 0x00,
    0x00, 0x00, 0x00, 0x00,     0xFF, 0xAE, 0x0A, 0x4C,     0xFF, 0xAC, 0x0A, 0xFA,     0xFF, 0xAC, 0x0A, 0xFF,
    0xFF, 0xAC, 0x0A, 0xFF,     0xFF, 0xAB, 0x0A, 0xFF,     0xFF, 0xAB, 0x0A, 0xFF,     0xFF, 0xAA, 0x0A, 0xFF,
    0xFF, 0xAA, 0x09, 0xFF,     0xFF, 0xA9, 0x09, 0xFF,     0xFF, 0xA9, 0x09, 0xFF,     0xFF, 0xA8, 0x09, 0xFF,
    0xFF, 0xA8, 0x09, 0xFF,     0xFF, 0xA8, 0x09, 0xFF,     0xFF, 0xA7, 0x09, 0xFF,     0xFF, 0xA7, 0x08, 0xFF,
    0xFF, 0xA6, 0x08, 0xFF,     0xFF, 0xA6, 0x08, 0xFF,     0xFF, 0xA5, 0x08, 0xFF,     0xFF, 0xA5, 0x08, 0xFF,
    0xFF, 0xA4, 0x08, 0xFF,     0xFF, 0xA4, 0x07, 0xFF,     0xFF, 0xA3, 0x07, 0xFF,     0xFF, 0xA3, 0x07, 0xFF,
    0xFF, 0xA3, 0x07, 0xFF,     0xFF, 0xA2, 0x07, 0xFF,     0xFF, 0xA2, 0x07, 0xFF,     0xFF, 0xA1, 0x07, 0xFF,
    0xFF, 0xA1, 0x06, 0xFF,     0xFF, 0xA0, 0x06, 0xFF,     0xFF, 0xA0, 0x06, 0xFF,     0xFF, 0x9F, 0x06, 0xFF,
    0xFF, 0x9F, 0x06, 0xFF,     0xFF, 0x9E, 0x06, 0xFF,     0xFF, 0x9E, 0x06, 0xFF,     0xFF, 0x9E, 0x05, 0xFF,
    0xFF, 0x9D, 0x05, 0xFF,     0xFF, 0x9D, 0x05, 0xFF,     0xFF, 0x9C, 0x05, 0xFF,     0xFF, 0x9C, 0x05, 0xFF,
    0xFF, 0x9B, 0x05, 0xFF,     0xFF, 0x9B, 0x05, 0xFF,     0xFF, 0x9A, 0x04, 0xFF,     0xFF, 0x9A, 0x04, 0xFF,
    0xFF, 0x99, 0x04, 0xFF,     0xFF, 0x99, 0x04, 0xFF,     0xFF, 0x99, 0x04, 0xFF,     0xFF, 0x98, 0x04, 0xFF,
    0xFF, 0x98, 0x03, 0xFF,     0xFF, 0x97, 0x03, 0xFF,     0xFF, 0x97, 0x03, 0xFF,     0xFF, 0x96, 0x03, 0xFF,
    0xFF, 0x96, 0x03, 0xFF,     0xFF, 0x95, 0x03, 0xFF,     0xFF, 0x95, 0x03, 0xFF,     0xFF, 0x94, 0x02, 0xFF,
    0xFF, 0x94, 0x02, 0xFF,     0xFF, 0x94, 0x02, 0xFF,     0xFF, 0x93, 0x02, 0xFF,     0xFF, 0x93, 0x02, 0xFF,
    0xFF, 0x92, 0x02, 0xFF,     0xFF, 0x92, 0x02, 0xFF,     0xFF, 0x91, 0x01, 0xFF,     0xFF, 0x91, 0x01, 0xFF,
    0xFF, 0x90, 0x01, 0xFF,     0xFF, 0x90, 0x01, 0xFF,     0xFF, 0x8F, 0x01, 0xFF,     0xFF, 0x8F, 0x01, 0xFF,
    0xFF, 0x8F, 0x01, 0xFF,     0xFF, 0x8E, 0x00, 0xFF,     0xFF, 0x8E, 0x00, 0xF3,     0xFF, 0x8F, 0x00, 0x20,
    0xFF, 0xC7, 0x13, 0xFF,     0xFF, 0xC6, 0x13, 0xFF,     0xFF, 0xC6, 0x13, 0xFF,     0xFF, 0xC5, 0x12, 0xFF,
    0xFF, 0xC5, 0x12, 0xFF,     0xFF, 0xC5, 0x12, 0xFF,     0xFF, 0xC4, 0x12, 0xFF,     0xFF, 0xC4, 0x12, 0xFF,
    0xFF, 0xC3, 0x12, 0xFF,     0xFF, 0xC3, 0x12, 0xFF,     0xFF, 0xC2, 0x11, 0xFF,     0xFF, 0xC2, 0x11, 0xFF,
    0xFF, 0xC1, 0x11, 0xFF,     0xFF, 0xC1, 0x11, 0xFF,     0xFF, 0xC0, 0x11, 0xFF,     0xFF, 0xC0, 0x11, 0xFF,
    0xFF, 0xC0, 0x11, 0xFF,     0xFF, 0xBF, 0x10, 0xFF,     0xFF, 0xBF, 0x10, 0xFF,     0xFF, 0xBE, 0x10, 0xFF,
    0xFF, 0xBE, 0x10, 0xFF,     0xFF, 0xBD, 0x10, 0xFF,     0xFF, 0xBD, 0x10, 0xFF,     0xFF, 0xBC, 0x10, 0xFF,
    0xFF, 0xBC, 0x0F, 0xFF,     0xFF, 0xBB, 0x0F, 0xFF,     0xFF, 0xBB, 0x0F, 0xFF,     0xFF, 0xBB, 0x0F, 0xFF,
    0xFF, 0xBA, 0x0F, 0xFF,     0xFF, 0xBA, 0x0F, 0xFF,     0xFF, 0xB9, 0x0E, 0xFF,     0xFF, 0xB9, 0x0E, 0xFF,
    0xFF, 0xB8, 0x0E, 0xFF,     0xFF, 0xB8, 0x0E, 0xFF,     0xFF, 0xB7, 0x0E, 0xFF,     0xFF, 0xB7, 0x0E, 0xFF,
    0xFF, 0xB6, 0x0E, 0xFF,     0xFF, 0xB6, 0x0D, 0xFF,     0xFF, 0xB6, 0x0D, 0xFF,     0xFF, 0xB5, 0x0D, 0xFF,
    0xFF, 0xB5, 0x0D, 0xFF,     0xFF, 0xB4, 0x0D, 0xFF,     0xFF, 0xB4, 0x0D, 0xFF,     0xFF, 0xB3, 0x0D, 0xFF,
    0xFF, 0xB3, 0x0C, 0xFF,     0xFF, 0xB2, 0x0C, 0xFF,     0xFF, 0xB2, 0x0C, 0xFF,     0xFF, 0xB1, 0x0C, 0xFF,
    0xFF, 0xB1, 0x0C, 0xFF,     0xFF, 0xB1, 0x0C, 0xFF,     0xFF, 0xB0, 0x0C, 0xFF,     0xFF, 0xB0, 0x0B, 0xFF,
    0xFF, 0xAF, 0x0B, 0xFF,     0xFF, 0xAF, 0x0B, 0xD3,     0xFF, 0xAA, 0x00, 0x09,     0x00, 0x00, 0x00, 0x00,
    0xFF, 0xAD, 0x09, 0x1C,     0xFF, 0xAD, 0x0A, 0xEF,     0xFF, 0xAC, 0x0A, 0xFF,     0xFF, 0xAC, 0x0A, 0xFF,
    0xFF, 0xAC, 0x0A, 0xFF,     0xFF, 0xAB, 0x0A, 0xFF,     0xFF, 0xAB, 0x0A, 0xFF,     0xFF, 0xAA, 0x0A, 0xFF,
    0xFF, 0xAA, 0x09, 0xFF,     0xFF, 0xA9, 0x09, 0xFF,     0xFF, 0xA9, 0x09, 0xFF,     0xFF, 0xA8, 0x09, 0xFF,
    0xFF, 0xA8, 0x09, 0xFF,     0xFF, 0xA8, 0x09, 0xFF,     0xFF, 0xA7, 0x09, 0xFF,     0xFF, 0xA7, 0x08, 0xFF,
    0xFF, 0xA6, 0x08, 0xFF,     0xFF, 0xA6, 0x08, 0xFF,     0xFF, 0xA5, 0x08, 0xFF,     0xFF, 0xA5, 0x08, 0xFF,
    0xFF, 0xA4, 0x08, 0xFF,     0xFF, 0xA4, 0x07, 0xFF,     0xFF, 0xA3, 0x07, 0xFF,     0xFF, 0xA3, 0x07, 0xFF,
    0xFF, 0xA3, 0x07, 0xFF,     0xFF, 0xA2, 0x07, 0xFF,     0xFF, 0xA2, 0x07, 0xFF,     0xFF, 0xA1, 0x07, 0xFF,
    0xFF, 0xA1, 0x06, 0xFF,     0xFF, 0xA0, 0x06, 0xFF,     0xFF, 0xA0, 0x06, 0xFF,     0xFF, 0x9F, 0x06, 0xFF,
    0xFF, 0x9F, 0x06, 0xFF,     0xFF, 0x9E, 0x06, 0xFF,     0xFF, 0x9E, 0x06, 0xFF,     0xFF, 0x9E, 0x05, 0xFF,
    0xFF, 0x9D, 0x05, 0xFF,     0xFF, 0x9D, 0x05, 0xFF,     0xFF, 0x9C, 0x05, 0xFF,     0xFF, 0x9C, 0x05, 0xFF,
    0xFF, 0x9B, 0x05, 0xFF,     0xFF, 0x9B, 0x05, 0xFF,     0xFF, 0x9A, 0x04, 0xFF,     0xFF, 0x9A, 0x04, 0xFF,
    0xFF, 0x99, 0x04, 0xFF,     0xFF, 0x99, 0x04, 0xFF,     0xFF, 0x99, 0x04, 0xFF,     0xFF, 0x98, 0x04, 0xFF,
    0xFF, 0x98, 0x03, 0xFF,     0xFF, 0x97, 0x03, 0xFF,     0xFF, 0x97, 0x03, 0xFF,     0xFF, 0x96, 0x03, 0xFF,
    0xFF, 0x96, 0x03, 0xFF,     0xFF, 0x95, 0x03, 0xFF,     0xFF, 0x95, 0x03, 0xFF,     0xFF, 0x94, 0x02, 0xFF,
    0xFF, 0x94, 0x02, 0xFF,     0xFF, 0x94, 0x02, 0xFF,     0xFF, 0x93, 0x02, 0xFF,     0xFF, 0x93, 0x02, 0xFF,
    0xFF, 0x92, 0x02, 0xFF,     0xFF, 0x92, 0x02, 0xFF,     0xFF, 0x91, 0x01, 0xFF,     0xFF, 0x91, 0x01, 0xFF,
    0xFF, 0x90, 0x01, 0xFF,     0xFF, 0x90, 0x01, 0xFF,     0xFF, 0x8F, 0x01, 0xFF,     0xFF, 0x8F, 0x01, 0xFF,
    0xFF, 0x8F, 0x01, 0xFF,     0xFF, 0x8E, 0x00, 0xFF,     0xFF, 0x8E, 0x00, 0xFF,     0xFF, 0x8D, 0x00, 0x91,
    0xFF, 0xC7, 0x13, 0xFF,     0xFF, 0xC6, 0x13, 0xFF,     0xFF, 0xC6, 0x13, 0xFF,     0xFF, 0xC5, 0x12, 0xFF,
    0xFF, 0xC5, 0x12, 0xFF,     0xFF, 0xC5, 0x12, 0xFF,     0xFF, 0xC4, 0x12, 0xFF,     0xFF, 0xC4, 0x12, 0xFF,
    0xFF, 0xC3, 0x12, 0xFF,     0xFF, 0xC3, 0x12, 0xFF,     0xFF, 0xC2, 0x11, 0xFF,     0xFF, 0xC2, 0x11, 0xFF,
    0xFF, 0xC1, 0x11, 0xFF,     0xFF, 0xC1, 0x11, 0xFF,     0xFF, 0xC0, 0x11, 0xFF,     0xFF, 0xC0, 0x11, 0xFF,
    0xFF, 0xC0, 0x11, 0xFF,     0xFF, 0xBF, 0x10, 0xFF,     0xFF, 0xBF, 0x10, 0xFF,     0xFF, 0xBE, 0x10, 0xFF,
    0xFF, 0xBE, 0x10, 0xFF,     0xFF, 0xBD, 0x10, 0xFF,     0xFF, 0xBD, 0x10, 0xFF,     0xFF, 0xBC, 0x10, 0xFF,
    0xFF, 0xBC, 0x0F, 0xFF,     0xFF, 0xBB, 0x0F, 0xFF,     0xFF, 0xBB, 0x0F, 0xFF,     0xFF, 0xBB, 0x0F, 0xFF,
    0xFF, 0xBA, 0x0F, 0xFF,     0xFF, 0xBA, 0x0F, 0xFF,     0xFF, 0xB9, 0x0E, 0xFF,     0xFF, 0xB9, 0x0E, 0xFF,
    0xFF, 0xB8, 0x0E, 0xFF,     0xFF, 0xB8, 0x0E, 0xFF,     0xFF, 0xB7, 0x0E, 0xFF,     0xFF, 0xB7, 0x0E, 0xFF,
    0xFF, 0xB6, 0x0E, 0xFF,     0xFF, 0xB6, 0x0D, 0xFF,     0xFF, 0xB6, 0x0D, 0xFF,     0xFF, 0xB5, 0x0D, 0xFF,
    0xFF, 0xB5, 0x0D, 0xFF,     0xFF, 0xB4, 0x0D, 0xFF,     0xFF, 0xB4, 0x0D, 0xFF,     0xFF, 0xB3, 0x0D, 0xFF,
    0xFF, 0xB3, 0x0C, 0xFF,     0xFF, 0xB2, 0x0C, 0xFF,     0xFF, 0xB2, 0x0C, 0xFF,     0xFF, 0xB1, 0x0C, 0xFF,
    0xFF, 0xB1, 0x0C, 0xFF,     0xFF, 0xB1, 0x0C, 0xFF,     0xFF, 0xB0, 0x0C, 0xFF,     0xFF, 0xB0, 0x0B, 0xFF,
    0xFF, 0xAF, 0x0B, 0xF0,     0xFF, 0xB0, 0x09, 0x1D,     0x00, 0x00, 0x00, 0x00,     0xFF, 0xFF, 0x00, 0x01,
    0xFF, 0xAC, 0x0B, 0xB6,     0xFF, 0xAD, 0x0A, 0xFF,     0xFF, 0xAC, 0x0A, 0xFF,     0xFF, 0xAC, 0x0A, 0xFF,
    0xFF, 0xAC, 0x0A, 0xFF,     0xFF, 0xAB, 0x0A, 0xFF,     0xFF, 0xAB, 0x0A, 0xFF,     0xFF, 0xAA, 0x0A, 0xFF,
    0xFF, 0xAA, 0x09, 0xFF,     0xFF, 0xA9, 0x09, 0xFF,     0xFF, 0xA9, 0x09, 0xFF,     0xFF, 0xA8, 0x09, 0xFF,
    0xFF, 0xA8, 0x09, 0xFF,     0xFF, 0xA8, 0x09, 0xFF,     0xFF, 0xA7, 0x09, 0xFF,     0xFF, 0xA7, 0x08, 0xFF,
    0xFF, 0xA6, 0x08, 0xFF,     0xFF, 0xA6, 0x08, 0xFF,     0xFF, 0xA5, 0x08, 0xFF,     0xFF, 0xA5, 0x08, 0xFF,
    0xFF, 0xA4, 0x08, 0xFF,     0xFF, 0xA4, 0x07, 0xFF,     0xFF, 0xA3, 0x07, 0xFF,     0xFF, 0xA3, 0x07, 0xFF,
    0xFF, 0xA3, 0x07, 0xFF,     0xFF, 0xA2, 0x07, 0xFF,     0xFF, 0xA2, 0x07, 0xFF,     0xFF, 0xA1, 0x07, 0xFF,
    0xFF, 0xA1, 0x06, 0xFF,     0xFF, 0xA0, 0x06, 0xFF,     0xFF, 0xA0, 0x06, 0xFF,     0xFF, 0x9F, 0x06, 0xFF,
    0xFF, 0x9F, 0x06, 0xFF,     0xFF, 0x9E, 0x06, 0xFF,     0xFF, 0x9E, 0x06, 0xFF,     0xFF, 0x9E, 0x05, 0xFF,
    0xFF, 0x9D, 0x05, 0xFF,     0xFF, 0x9D, 0x05, 0xFF,     0xFF, 0x9C, 0x05, 0xFF,     0xFF, 0x9C, 0x05, 0xFF,
    0xFF, 0x9B, 0x05, 0xFF,     0xFF, 0x9B, 0x05, 0xFF,     0xFF, 0x9A, 0x04, 0xFF,     0xFF, 0x9A, 0x04, 0xFF,
    0xFF, 0x99, 0x04, 0xFF,     0xFF, 0x99, 0x04, 0xFF,     0xFF, 0x99, 0x04, 0xFF,     0xFF, 0x98, 0x04, 0xFF,
    0xFF, 0x98, 0x03, 0xFF,     0xFF, 0x97, 0x03, 0xFF,     0xFF, 0x97, 0x03, 0xFF,     0xFF, 0x96, 0x03, 0xFF,
    0xFF, 0x96, 0x03, 0xFF,     0xFF, 0x95, 0x03, 0xFF,     0xFF, 0x95, 0x03, 0xFF,     0xFF, 0x94, 0x02, 0xFF,
    0xFF, 0x94, 0x02, 0xFF,     0xFF, 0x94, 0x02, 0xFF,     0xFF, 0x93, 0x02, 0xFF,     0xFF, 0x93, 0x02, 0xFF,
    0xFF, 0x92, 0x02, 0xFF,     0xFF, 0x92, 0x02, 0xFF,     0xFF, 0x91, 0x01, 0xFF,     0xFF, 0x91, 0x01, 0xFF,
    0xFF, 0x90, 0x01, 0xFF,     0xFF, 0x90, 0x01, 0xFF,     0xFF, 0x8F, 0x01, 0xFF,     0xFF, 0x8F, 0x01, 0xFF,
    0xFF, 0x8F, 0x01, 0xFF,     0xFF, 0x8E, 0x00, 0xFF,     0xFF, 0x8E, 0x00, 0xFF,     0xFF, 0x8D, 0x00, 0xDD,
    0xFF, 0xC7, 0x13, 0xFF,     0xFF, 0xC6, 0x13, 0xFF,     0xFF, 0xC6, 0x13, 0xFF,     0xFF, 0xC5, 0x12, 0xFF,
    0xFF, 0xC5, 0x12, 0xFF,     0xFF, 0xC5, 0x12, 0xFF,     0xFF, 0xC4, 0x12, 0xFF,     0xFF, 0xC4, 0x12, 0xFF,
    0xFF, 0xC3, 0x12, 0xFF,     0xFF, 0xC3, 0x12, 0xFF,     0xFF, 0xC2, 0x11, 0xFF,     0xFF, 0xC2, 0x11, 0xFF,
    0xFF, 0xC1, 0x11, 0xFF,     0xFF, 0xC1, 0x11, 0xFF,     0xFF, 0xC0, 0x11, 0xFF,     0xFF, 0xC0, 0x11, 0xFF,
    0xFF, 0xC0, 0x11, 0xFF,     0xFF, 0xBF, 0x10, 0xFF,     0xFF, 0xBF, 0x10, 0xFF,     0xFF, 0xBE, 0x10, 0xFF,
    0xFF, 0xBE, 0x10, 0xFF,     0xFF, 0xBD, 0x10, 0xFF,     0xFF, 0xBD, 0x10, 0xFF,     0xFF, 0xBC, 0x10, 0xFF,
    0xFF, 0xBC, 0x0F, 0xFF,     0xFF, 0xBB, 0x0F, 0xFF,     0xFF, 0xBB, 0x0F, 0xFF,     0xFF, 0xBB, 0x0F, 0xFF,
    0xFF, 0xBA, 0x0F, 0xFF,     0xFF, 0xBA, 0x0F, 0xFF,     0xFF, 0xB9, 0x0E, 0xFF,     0xFF, 0xB9, 0x0E, 0xFF,
    0xFF, 0xB8, 0x0E, 0xFF,     0xFF, 0xB8, 0x0E, 0xFF,     0xFF, 0xB7, 0x0E, 0xFF,     0xFF, 0xB7, 0x0E, 0xFF,
    0xFF, 0xB6, 0x0E, 0xFF,     0xFF, 0xB6, 0x0D, 0xFF,     0xFF, 0xB6, 0x0D, 0xFF,     0xFF, 0xB5, 0x0D, 0xFF,
    0xFF, 0xB5, 0x0D, 0xFF,     0xFF, 0xB4, 0x0D, 0xFF,     0xFF, 0xB4, 0x0D, 0xFF,     0xFF, 0xB3, 0x0D, 0xFF,
    0xFF, 0xB3, 0x0C, 0xFF,     0xFF, 0xB2, 0x0C, 0xFF,     0xFF, 0xB2, 0x0C, 0xFF,     0xFF, 0xB1, 0x0C, 0xFF,
    0xFF, 0xB1, 0x0C, 0xFF,     0xFF, 0xB1, 0x0C, 0xFF,     0xFF, 0xB0, 0x0C, 0xFF,     0xFF, 0xAF, 0x0B, 0xFD,
    0xFF, 0xAD, 0x09, 0x38,     0x00, 0x00, 0x00, 0x00,     0x00, 0x00, 0x00, 0x00,     0xFF, 0xAF, 0x0C, 0x6C,
    0xFF, 0xAD, 0x0B, 0xFF,     0xFF, 0xAD, 0x0A, 0xFF,     0xFF, 0xAC, 0x0A, 0xFF,     0xFF, 0xAC, 0x0A, 0xFF,
    0xFF, 0xAC, 0x0A, 0xFF,     0xFF, 0xAB, 0x0A, 0xFF,     0xFF, 0xAB, 0x0A, 0xFF,     0xFF, 0xAA, 0x0A, 0xFF,
    0xFF, 0xAA, 0x09, 0xFF,     0xFF, 0xA9, 0x09, 0xFF,     0xFF, 0xA9, 0x09, 0xFF,     0xFF, 0xA8, 0x09, 0xFF,
    0xFF, 0xA8, 0x09, 0xFF,     0xFF, 0xA8, 0x09, 0xFF,     0xFF, 0xA7, 0x09, 0xFF,     0xFF, 0xA7, 0x08, 0xFF,
    0xFF, 0xA6, 0x08, 0xFF,     0xFF, 0xA6, 0x08, 0xFF,     0xFF, 0xA5, 0x08, 0xFF,     0xFF, 0xA5, 0x08, 0xFF,
    0xFF, 0xA4, 0x08, 0xFF,     0xFF, 0xA4, 0x07, 0xFF,     0xFF, 0xA3, 0x07, 0xFF,     0xFF, 0xA3, 0x07, 0xFF,
    0xFF, 0xA3, 0x07, 0xFF,     0xFF, 0xA2, 0x07, 0xFF,     0xFF, 0xA2, 0x07, 0xFF,     0xFF, 0xA1, 0x07, 0xFF,
    0xFF, 0xA1, 0x06, 0xFF,     0xFF, 0xA0, 0x06, 0xFF,     0xFF, 0xA0, 0x06, 0xFF,     0xFF, 0x9F, 0x06, 0xFF,
    0xFF, 0x9F, 0x06, 0xFF,     0xFF, 0x9E, 0x06, 0xFF,     0xFF, 0x9E, 0x06, 0xFF,     0xFF, 0x9E, 0x05, 0xFF,
    0xFF, 0x9D, 0x05, 0xFF,     0xFF, 0x9D, 0x05, 0xFF,     0xFF, 0x9C, 0x05, 0xFF,     0xFF, 0x9C, 0x05, 0xFF,
    0xFF, 0x9B, 0x05, 0xFF,     0xFF, 0x9B, 0x05, 0xFF,     0xFF, 0x9A, 0x04, 0xFF,     0xFF, 0x9A, 0x04, 0xFF,
    0xFF, 0x99, 0x04, 0xFF,     0xFF, 0x99, 0x04, 0xFF,     0xFF, 0x99, 0x04, 0xFF,     0xFF, 0x98, 0x04, 0xFF,
    0xFF, 0x98, 0x03, 0xFF,     0xFF, 0x97, 0x03, 0xFF,     0xFF, 0x97, 0x03, 0xFF,     0xFF, 0x96, 0x03, 0xFF,
    0xFF, 0x96, 0x03, 0xFF,     0xFF, 0x95, 0x03, 0xFF,     0xFF, 0x95, 0x03, 0xFF,     0xFF, 0x94, 0x02, 0xFF,
    0xFF, 0x94, 0x02, 0xFF,     0xFF, 0x94, 0x02, 0xFF,     0xFF, 0x93, 0x02, 0xFF,     0xFF, 0x93, 0x02, 0xFF,
    0xFF, 0x92, 0x02, 0xFF,     0xFF, 0x92, 0x02, 0xFF,     0xFF, 0x91, 0x01, 0xFF,     0xFF, 0x91, 0x01, 0xFF,
    0xFF, 0x90, 0x01, 0xFF,     0xFF, 0x90, 0x01, 0xFF,     0xFF, 0x8F, 0x01, 0xFF,     0xFF, 0x8F, 0x01, 0xFF,
    0xFF, 0x8F, 0x01, 0xFF,     0xFF, 0x8E, 0x00, 0xFF,     0xFF, 0x8E, 0x00, 0xFF,     0xFF, 0x8D, 0x00, 0xFE,
    0xFF, 0xC7, 0x13, 0xFF,     0xFF, 0xC6, 0x13, 0xFF,     0xFF, 0xC6, 0x13, 0xFF,     0xFF, 0xC5, 0x12, 0xFF,
    0xFF, 0xC5, 0x12, 0xFF,     0xFF, 0xC5, 0x12, 0xFF,     0xFF, 0xC4, 0x12, 0xFF,     0xFF, 0xC4, 0x12, 0xFF,
    0xFF, 0xC3, 0x12, 0xFF,     0xFF, 0xC3, 0x12, 0xFF,     0xFF, 0xC2, 0x11, 0xFF,     0xFF, 0xC2, 0x11, 0xFF,
    0xFF, 0xC1, 0x11, 0xFF,     0xFF, 0xC1, 0x11, 0xFF,     0xFF, 0xC0, 0x11, 0xFF,     0xFF, 0xC0, 0x11, 0xFF,
    0xFF, 0xC1, 0x11, 0xFE,     0xFF, 0xBE, 0x10, 0xFC,     0xFF, 0xC0, 0x10, 0xFA,     0xFF, 0xBF, 0x10, 0xFA,
    0xFF, 0xBE, 0x0F, 0xF8,     0xFF, 0xBC, 0x11, 0xF5,     0xFF, 0xBC, 0x11, 0xF5,     0xFF, 0xBC, 0x10, 0xF3,
    0xFF, 0xBC, 0x0F, 0xED,     0xFF, 0xBB, 0x0F, 0xED,     0xFF, 0xBB, 0x0F, 0xED,     0xFF, 0xBB, 0x0F, 0xED,
    0xFF, 0xB9, 0x0F, 0xED,     0xFF, 0xB9, 0x0F, 0xED,     0xFF, 0xB9, 0x0E, 0xED,     0xFF, 0xB9, 0x0E, 0xED,
    0xFF, 0xB8, 0x0E, 0xED,     0xFF, 0xB9, 0x0E, 0xED,     0xFF, 0xB6, 0x0E, 0xF5,     0xFF, 0xB6, 0x0E, 0xF5,
    0xFF, 0xB6, 0x0E, 0xF5,     0xFF, 0xB6, 0x0C, 0xF5,     0xFF, 0xB6, 0x0C, 0xF5,     0xFF, 0xB5, 0x0C, 0xF5,
    0xFF, 0xB5, 0x0C, 0xF5,     0xFF, 0xB4, 0x0C, 0xF5,     0xFF, 0xB4, 0x0C, 0xF5,     0xFF, 0xB4, 0x0C, 0xFA,
    0xFF, 0xB4, 0x0B, 0xFA,     0xFF, 0xB1, 0x0C, 0xFC,     0xFF, 0xB2, 0x0C, 0xFE,     0xFF, 0xB1, 0x0C, 0xFE,
    0xFF, 0xB1, 0x0C, 0xFF,     0xFF, 0xB1, 0x0C, 0xFF,     0xFF, 0xB0, 0x0C, 0xFF,     0xFF, 0xAF, 0x09, 0x6C,
    0x00, 0x00, 0x00, 0x00,     0x00, 0x00, 0x00, 0x00,     0xFF, 0xAD, 0x0A, 0x35,     0xFF, 0xAE, 0x0B, 0xF8,
    0xFF, 0xAD, 0x0B, 0xFF,     0xFF, 0xAD, 0x0A, 0xFF,     0xFF, 0xAC, 0x0A, 0xFF,     0xFF, 0xAC, 0x0A, 0xFF,
    0xFF, 0xAC, 0x0A, 0xFF,     0xFF, 0xAB, 0x0A, 0xFF,     0xFF, 0xAB, 0x0A, 0xFF,     0xFF, 0xAA, 0x0A, 0xFF,
    0xFF, 0xAA, 0x09, 0xFF,     0xFF, 0xA9, 0x09, 0xFF,     0xFF, 0xA9, 0x09, 0xFF,     0xFF, 0xA8, 0x09, 0xFF,
    0xFF, 0xA8, 0x09, 0xFF,     0xFF, 0xA8, 0x09, 0xFF,     0xFF, 0xA7, 0x09, 0xFF,     0xFF, 0xA7, 0x08, 0xFF,
    0xFF, 0xA6, 0x08, 0xFF,     0xFF, 0xA6, 0x08, 0xFF,     0xFF, 0xA5, 0x08, 0xFF,     0xFF, 0xA5, 0x08, 0xFF,
    0xFF, 0xA4, 0x08, 0xFF,     0xFF, 0xA4, 0x07, 0xFF,     0xFF, 0xA3, 0x07, 0xFF,     0xFF, 0xA3, 0x07, 0xFF,
    0xFF, 0xA3, 0x07, 0xFF,     0xFF, 0xA2, 0x07, 0xFF,     0xFF, 0xA2, 0x07, 0xFF,     0xFF, 0xA1, 0x07, 0xFF,
    0xFF, 0xA1, 0x06, 0xFF,     0xFF, 0xA0, 0x06, 0xFF,     0xFF, 0xA0, 0x06, 0xFF,     0xFF, 0x9F, 0x06, 0xFF,
    0xFF, 0x9F, 0x06, 0xFF,     0xFF, 0x9E, 0x06, 0xFF,     0xFF, 0x9E, 0x06, 0xFF,     0xFF, 0x9E, 0x05, 0xFF,
    0xFF, 0x9D, 0x05, 0xFF,     0xFF, 0x9D, 0x05, 0xFF,     0xFF, 0x9C, 0x05, 0xFF,     0xFF, 0x9C, 0x05, 0xFF,
    0xFF, 0x9B, 0x05, 0xFF,     0xFF, 0x9B, 0x05, 0xFF,     0xFF, 0x9A, 0x04, 0xFF,     0xFF, 0x9A, 0x04, 0xFF,
    0xFF, 0x99, 0x04, 0xFF,     0xFF, 0x99, 0x04, 0xFF,     0xFF, 0x99, 0x04, 0xFF,     0xFF, 0x98, 0x04, 0xFF,
    0xFF, 0x98, 0x03, 0xFF,     0xFF, 0x97, 0x03, 0xFF,     0xFF, 0x97, 0x03, 0xFF,     0xFF, 0x96, 0x03, 0xFF,
    0xFF, 0x96, 0x03, 0xFF,     0xFF, 0x95, 0x03, 0xFF,     0xFF, 0x95, 0x03, 0xFF,     0xFF, 0x94, 0x02, 0xFF,
    0xFF, 0x94, 0x02, 0xFF,     0xFF, 0x94, 0x02, 0xFF,     0xFF, 0x93, 0x02, 0xFF,     0xFF, 0x93, 0x02, 0xFF,
    0xFF, 0x92, 0x02, 0xFF,     0xFF, 0x92, 0x02, 0xFF,     0xFF, 0x91, 0x01, 0xFF,     0xFF, 0x91, 0x01, 0xFF,
    0xFF, 0x90, 0x01, 0xFF,     0xFF, 0x90, 0x01, 0xFF,     0xFF, 0x8F, 0x01, 0xFF,     0xFF, 0x8F, 0x01, 0xFF,
    0xFF, 0x8F, 0x01, 0xFF,     0xFF, 0x8E, 0x00, 0xFF,     0xFF, 0x8E, 0x00, 0xFF,     0xFF, 0x8D, 0x00, 0xFF,
    0xFF, 0xC7, 0x13, 0xFF,     0xFF, 0xC6, 0x13, 0xFF,     0xFF, 0xC6, 0x13, 0xFF,     0xFF, 0xC5, 0x12, 0xFF,
    0xFF, 0xC5, 0x12, 0xFF,     0xFF, 0xC4, 0x12, 0xF4,     0xFF, 0xC4, 0x12, 0xE2,     0xFF, 0xC3, 0x11, 0xCD,
    0xFF, 0xC3, 0x11, 0xAF,     0xFF, 0xC2, 0x11, 0x93,     0xFF, 0xC1, 0x12, 0x80,     0xFF, 0xC3, 0x11, 0x6A,
    0xFF, 0xC2, 0x0F, 0x54,     0xFF, 0xBD, 0x12, 0x3A,     0xFF, 0xC1, 0x0F, 0x21,     0x00, 0x00, 0x00, 0x00,
    0x00, 0x00, 0x00, 0x00,     0x00, 0x00, 0x00, 0x00,     0x00, 0x00, 0x00, 0x00,     0x00, 0x00, 0x00, 0x00,
    0x00, 0x00, 0x00, 0x00,     0x00, 0x00, 0x00, 0x00,     0x00, 0x00, 0x00, 0x00,     0x00, 0x00, 0x00, 0x00,
    0x00, 0x00, 0x00, 0x00,     0x00, 0x00, 0x00, 0x00,     0x00, 0x00, 0x00, 0x00,     0x00, 0x00, 0x00, 0x00,
    0x00, 0x00, 0x00, 0x00,     0x00, 0x00, 0x00, 0x00,     0x00, 0x00, 0x00, 0x00,     0x00, 0x00, 0x00, 0x00,
    0x00, 0x00, 0x00, 0x00,     0x00, 0x00, 0x00, 0x00,     0x00, 0x00, 0x00, 0x00,     0x00, 0x00, 0x00, 0x00,
    0x00, 0x00, 0x00, 0x00,     0x00, 0x00, 0x00, 0x00,     0x00, 0x00, 0x00, 0x00,     0x00, 0x00, 0x00, 0x00,
    0x00, 0x00, 0x00, 0x00,     0x00, 0x00, 0x00, 0x00,     0x00, 0x00, 0x00, 0x00,     0x00, 0x00, 0x00, 0x00,
    0x00, 0x00, 0x00, 0x00,     0x00, 0x00, 0x00, 0x00,     0x00, 0x00, 0x00, 0x00,     0x00, 0x00, 0x00, 0x00,
    0x00, 0x00, 0x00, 0x00,     0x00, 0x00, 0x00, 0x00,     0xFF, 0xBF, 0x00, 0x08,     0x00, 0x00, 0x00, 0x00,
    0x00, 0x00, 0x00, 0x00,     0xFF, 0xAF, 0x0A, 0x33,     0xFF, 0xAE, 0x0B, 0xEA,     0xFF, 0xAE, 0x0B, 0xFF,
    0xFF, 0xAD, 0x0B, 0xFF,     0xFF, 0xAD, 0x0A, 0xFF,     0xFF, 0xAC, 0x0A, 0xFF,     0xFF, 0xAC, 0x0A, 0xFF,
    0xFF, 0xAC, 0x0A, 0xFF,     0xFF, 0xAB, 0x0A, 0xFF,     0xFF, 0xAB, 0x0A, 0xFF,     0xFF, 0xAA, 0x0A, 0xFF,
    0xFF, 0xAA, 0x09, 0xFF,     0xFF, 0xA9, 0x09, 0xFF,     0xFF, 0xA9, 0x09, 0xFF,     0xFF, 0xA8, 0x09, 0xFF,
    0xFF, 0xA8, 0x09, 0xFF,     0xFF, 0xA8, 0x09, 0xFF,     0xFF, 0xA7, 0x09, 0xFF,     0xFF, 0xA7, 0x08, 0xFF,
    0xFF, 0xA6, 0x08, 0xFF,     0xFF, 0xA6, 0x08, 0xFF,     0xFF, 0xA5, 0x08, 0xFF,     0xFF, 0xA5, 0x08, 0xFF,
    0xFF, 0xA4, 0x08, 0xFF,     0xFF, 0xA4, 0x07, 0xFF,     0xFF, 0xA3, 0x07, 0xFF,     0xFF, 0xA3, 0x07, 0xFF,
    0xFF, 0xA3, 0x07, 0xFF,     0xFF, 0xA2, 0x07, 0xFF,     0xFF, 0xA2, 0x07, 0xFF,     0xFF, 0xA1, 0x07, 0xFF,
    0xFF, 0xA1, 0x06, 0xFF,     0xFF, 0xA0, 0x06, 0xFF,     0xFF, 0xA0, 0x06, 0xFF,     0xFF, 0x9F, 0x06, 0xFF,
    0xFF, 0x9F, 0x06, 0xFF,     0xFF, 0x9E, 0x06, 0xFF,     0xFF, 0x9E, 0x06, 0xFF,     0xFF, 0x9E, 0x05, 0xFF,
    0xFF, 0x9D, 0x05, 0xFF,     0xFF, 0x9D, 0x05, 0xFF,     0xFF, 0x9C, 0x05, 0xFF,     0xFF, 0x9C, 0x05, 0xFF,
    0xFF, 0x9B, 0x05, 0xFF,     0xFF, 0x9B, 0x05, 0xFF,     0xFF, 0x9A, 0x04, 0xFF,     0xFF, 0x9A, 0x04, 0xFF,
    0xFF, 0x99, 0x04, 0xFF,     0xFF, 0x99, 0x04, 0xFF,     0xFF, 0x99, 0x04, 0xFF,     0xFF, 0x98, 0x04, 0xFF,
    0xFF, 0x98, 0x03, 0xFF,     0xFF, 0x97, 0x03, 0xFF,     0xFF, 0x97, 0x03, 0xFF,     0xFF, 0x96, 0x03, 0xFF,
    0xFF, 0x96, 0x03, 0xFF,     0xFF, 0x95, 0x03, 0xFF,     0xFF, 0x95, 0x03, 0xFF,     0xFF, 0x94, 0x02, 0xFF,
    0xFF, 0x94, 0x02, 0xFF,     0xFF, 0x94, 0x02, 0xFF,     0xFF, 0x93, 0x02, 0xFF,     0xFF, 0x93, 0x02, 0xFF,
    0xFF, 0x92, 0x02, 0xFF,     0xFF, 0x92, 0x02, 0xFF,     0xFF, 0x91, 0x01, 0xFF,     0xFF, 0x91, 0x01, 0xFF,
    0xFF, 0x90, 0x01, 0xFF,     0xFF, 0x90, 0x01, 0xFF,     0xFF, 0x8F, 0x01, 0xFF,     0xFF, 0x8F, 0x01, 0xFF,
    0xFF, 0x8F, 0x01, 0xFF,     0xFF, 0x8E, 0x00, 0xFF,     0xFF, 0x8E, 0x00, 0xFF,     0xFF, 0x8D, 0x00, 0xFF,
    0xFF, 0xC7, 0x13, 0xFF,     0xFF, 0xC6, 0x13, 0xE5,     0xFF, 0xC5, 0x12, 0x9D,     0xFF, 0xC4, 0x10, 0x41,
    0xFF, 0xFF, 0x00, 0x04,     0x00, 0x00, 0x00, 0x00,     0x00, 0x00, 0x00, 0x00,     0x00, 0x00, 0x00, 0x00,
    0x00, 0x00, 0x00, 0x00,     0x00, 0x00, 0x00, 0x00,     0x00, 0x00, 0x00, 0x00,     0x00, 0x00, 0x00, 0x00,
    0x00, 0x00, 0x00, 0x00,     0x00, 0x00, 0x00, 0x00,     0x00, 0x00, 0x00, 0x00,     0x00, 0x00, 0x00, 0x00,
    0x00, 0x00, 0x00, 0x00,     0x00, 0x00, 0x00, 0x00,     0x00, 0x00, 0x00, 0x00,     0x00, 0x00, 0x00, 0x00,
    0x00, 0x00, 0x00, 0x00,     0x00, 0x00, 0x00, 0x00,     0x00, 0x00, 0x00, 0x00,     0x00, 0x00, 0x00, 0x00,
    0x00, 0x00, 0x00, 0x00,     0x00, 0x00, 0x00, 0x00,     0x00, 0x00, 0x00, 0x00,     0x00, 0x00, 0x00, 0x00,
    0x00, 0x00, 0x00, 0x00,     0x00, 0x00, 0x00, 0x00,     0x00, 0x00, 0x00, 0x00,     0x00, 0x00, 0x00, 0x00,
    0x00, 0x00, 0x00, 0x00,     0x00, 0x00, 0x00, 0x00,     0x00, 0x00, 0x00, 0x00,     0x00, 0x00, 0x00, 0x00,
    0x00, 0x00, 0x00, 0x00,     0x00, 0x00, 0x00, 0x00,     0x00, 0x00, 0x00, 0x00,     0x00, 0x00, 0x00, 0x00,
    0x00, 0x00, 0x00, 0x00,     0x00, 0x00, 0x00, 0x00,     0x00, 0x00, 0x00, 0x00,     0x00, 0x00, 0x00, 0x00,
    0x00, 0x00, 0x00, 0x00,     0x00, 0x00, 0x00, 0x00,     0x00, 0x00, 0x00, 0x00,     0x00, 0x00, 0x00, 0x00,
    0x00, 0x00, 0x00, 0x00,     0x00, 0x00, 0x00, 0x00,     0x00, 0x00, 0x00, 0x00,     0xFF, 0x99, 0x00, 0x05,
    0xFF, 0xAF, 0x0B, 0x73,     0xFF, 0xAF, 0x0A, 0xF3,     0xFF, 0xAE, 0x0B, 0xFF,     0xFF, 0xAE, 0x0B, 0xFF,
    0xFF, 0xAD, 0x0B, 0xFF,     0xFF, 0xAD, 0x0A, 0xFF,     0xFF, 0xAC, 0x0A, 0xFF,     0xFF, 0xAC, 0x0A, 0xFF,
    0xFF, 0xAC, 0x0A, 0xFF,     0xFF, 0xAB, 0x0A, 0xFF,     0xFF, 0xAB, 0x0A, 0xFF,     0xFF, 0xAA, 0x0A, 0xFF,
    0xFF, 0xAA, 0x09, 0xFF,     0xFF, 0xA9, 0x09, 0xFF,     0xFF, 0xA9, 0x09, 0xFF,     0xFF, 0xA8, 0x09, 0xFF,
    0xFF, 0xA8, 0x09, 0xFF,     0xFF, 0xA8, 0x09, 0xFF,     0xFF, 0xA7, 0x09, 0xFF,     0xFF, 0xA7, 0x08, 0xFF,
    0xFF, 0xA6, 0x08, 0xFF,     0xFF, 0xA6, 0x08, 0xFF,     0xFF, 0xA5, 0x08, 0xFF,     0xFF, 0xA5, 0x08, 0xFF,
    0xFF, 0xA4, 0x08, 0xFF,     0xFF, 0xA4, 0x07, 0xFF,     0xFF, 0xA3, 0x07, 0xFF,     0xFF, 0xA3, 0x07, 0xFF,
    0xFF, 0xA3, 0x07, 0xFF,     0xFF, 0xA2, 0x07, 0xFF,     0xFF, 0xA2, 0x07, 0xFF,     0xFF, 0xA1, 0x07, 0xFF,
    0xFF, 0xA1, 0x06, 0xFF,     0xFF, 0xA0, 0x06, 0xFF,     0xFF, 0xA0, 0x06, 0xFF,     0xFF, 0x9F, 0x06, 0xFF,
    0xFF, 0x9F, 0x06, 0xFF,     0xFF, 0x9E, 0x06, 0xFF,     0xFF, 0x9E, 0x06, 0xFF,     0xFF, 0x9E, 0x05, 0xFF,
    0xFF, 0x9D, 0x05, 0xFF,     0xFF, 0x9D, 0x05, 0xFF,     0xFF, 0x9C, 0x05, 0xFF,     0xFF, 0x9C, 0x05, 0xFF,
    0xFF, 0x9B, 0x05, 0xFF,     0xFF, 0x9B, 0x05, 0xFF,     0xFF, 0x9A, 0x04, 0xFF,     0xFF, 0x9A, 0x04, 0xFF,
    0xFF, 0x99, 0x04, 0xFF,     0xFF, 0x99, 0x04, 0xFF,     0xFF, 0x99, 0x04, 0xFF,     0xFF, 0x98, 0x04, 0xFF,
    0xFF, 0x98, 0x03, 0xFF,     0xFF, 0x97, 0x03, 0xFF,     0xFF, 0x97, 0x03, 0xFF,     0xFF, 0x96, 0x03, 0xFF,
    0xFF, 0x96, 0x03, 0xFF,     0xFF, 0x95, 0x03, 0xFF,     0xFF, 0x95, 0x03, 0xFF,     0xFF, 0x94, 0x02, 0xFF,
    0xFF, 0x94, 0x02, 0xFF,     0xFF, 0x94, 0x02, 0xFF,     0xFF, 0x93, 0x02, 0xFF,     0xFF, 0x93, 0x02, 0xFF,
    0xFF, 0x92, 0x02, 0xFF,     0xFF, 0x92, 0x02, 0xFF,     0xFF, 0x91, 0x01, 0xFF,     0xFF, 0x91, 0x01, 0xFF,
    0xFF, 0x90, 0x01, 0xFF,     0xFF, 0x90, 0x01, 0xFF,     0xFF, 0x8F, 0x01, 0xFF,     0xFF, 0x8F, 0x01, 0xFF,
    0xFF, 0x8F, 0x01, 0xFF,     0xFF, 0x8E, 0x00, 0xFF,     0xFF, 0x8E, 0x00, 0xFF,     0xFF, 0x8D, 0x00, 0xFF,
    0xFF, 0xC8, 0x10, 0x4F,     0x00, 0x00, 0x00, 0x00,     0x00, 0x00, 0x00, 0x00,     0xFF, 0xFF, 0x00, 0x01,
    0xFF, 0xC6, 0x10, 0x31,     0xFF, 0xC4, 0x12, 0x64,     0xFF, 0xC3, 0x12, 0x66,     0xFF, 0xC3, 0x11, 0x6A,
    0xFF, 0xC3, 0x11, 0x77,     0xFF, 0xC3, 0x11, 0x77,     0xFF, 0xC3, 0x11, 0x77,     0xFF, 0xC3, 0x11, 0x77,
    0xFF, 0xC1, 0x11, 0x77,     0xFF, 0xC1, 0x11, 0x77,     0xFF, 0xC1, 0x11, 0x77,     0xFF, 0xC1, 0x11, 0x77,
    0xFF, 0xC1, 0x11, 0x77,     0xFF, 0xBF, 0x0F, 0x77,     0xFF, 0xBF, 0x0F, 0x77,     0xFF, 0xBF, 0x0F, 0x77,
    0xFF, 0xBF, 0x0F, 0x77,     0xFF, 0xBD, 0x0F, 0x77,     0xFF, 0xBD, 0x0F, 0x77,     0xFF, 0xBD, 0x0F, 0x77,
    0xFF, 0xBD, 0x0F, 0x77,     0xFF, 0xBA, 0x0F, 0x77,     0xFF, 0xBA, 0x0F, 0x77,     0xFF, 0xBA, 0x0F, 0x77,
    0xFF, 0xBA, 0x0F, 0x77,     0xFF, 0xBA, 0x0F, 0x77,     0xFF, 0xB8, 0x0F, 0x77,     0xFF, 0xB8, 0x0F, 0x77,
    0xFF, 0xB8, 0x0F, 0x77,     0xFF, 0xB8, 0x0F, 0x77,     0xFF, 0xB6, 0x0F, 0x77,     0xFF, 0xB6, 0x0F, 0x77,
    0xFF, 0xB6, 0x0F, 0x77,     0xFF, 0xB6, 0x0D, 0x77,     0xFF, 0xB6, 0x0D, 0x77,     0xFF, 0xB4, 0x0D, 0x77,
    0xFF, 0xB4, 0x0D, 0x77,     0xFF, 0xB4, 0x0D, 0x77,     0xFF, 0xB4, 0x0D, 0x77,     0xFF, 0xB4, 0x0D, 0x77,
    0xFF, 0xB4, 0x0D, 0x77,     0xFF, 0xB2, 0x0D, 0x77,     0xFF, 0xB2, 0x0D, 0x77,     0xFF, 0xB2, 0x0D, 0x77,
    0xFF, 0xB2, 0x0D, 0x77,     0xFF, 0xB2, 0x0D, 0x77,     0xFF, 0xB0, 0x0C, 0x97,     0xFF, 0xB0, 0x0B, 0xE9,
    0xFF, 0xAF, 0x0B, 0xFF,     0xFF, 0xAF, 0x0B, 0xFF,     0xFF, 0xAE, 0x0B, 0xFF,     0xFF, 0xAE, 0x0B, 0xFF,
    0xFF, 0xAD, 0x0B, 0xFF,     0xFF, 0xAD, 0x0A, 0xFF,     0xFF, 0xAC, 0x0A, 0xFF,     0xFF, 0xAC, 0x0A, 0xFF,
    0xFF, 0xAC, 0x0A, 0xFF,     0xFF, 0xAB, 0x0A, 0xFF,     0xFF, 0xAB, 0x0A, 0xFF,     0xFF, 0xAA, 0x0A, 0xFF,
    0xFF, 0xAA, 0x09, 0xFF,     0xFF, 0xA9, 0x09, 0xFF,     0xFF, 0xA9, 0x09, 0xFF,     0xFF, 0xA8, 0x09, 0xFF,
    0xFF, 0xA8, 0x09, 0xFF,     0xFF, 0xA8, 0x09, 0xFF,     0xFF, 0xA7, 0x09, 0xFF,     0xFF, 0xA7, 0x08, 0xFF,
    0xFF, 0xA6, 0x08, 0xFF,     0xFF, 0xA6, 0x08, 0xFF,     0xFF, 0xA5, 0x08, 0xFF,     0xFF, 0xA5, 0x08, 0xFF,
    0xFF, 0xA4, 0x08, 0xFF,     0xFF, 0xA4, 0x07, 0xFF,     0xFF, 0xA3, 0x07, 0xFF,     0xFF, 0xA3, 0x07, 0xFF,
    0xFF, 0xA3, 0x07, 0xFF,     0xFF, 0xA2, 0x07, 0xFF,     0xFF, 0xA2, 0x07, 0xFF,     0xFF, 0xA1, 0x07, 0xFF,
    0xFF, 0xA1, 0x06, 0xFF,     0xFF, 0xA0, 0x06, 0xFF,     0xFF, 0xA0, 0x06, 0xFF,     0xFF, 0x9F, 0x06, 0xFF,
    0xFF, 0x9F, 0x06, 0xFF,     0xFF, 0x9E, 0x06, 0xFF,     0xFF, 0x9E, 0x06, 0xFF,     0xFF, 0x9E, 0x05, 0xFF,
    0xFF, 0x9D, 0x05, 0xFF,     0xFF, 0x9D, 0x05, 0xFF,     0xFF, 0x9C, 0x05, 0xFF,     0xFF, 0x9C, 0x05, 0xFF,
    0xFF, 0x9B, 0x05, 0xFF,     0xFF, 0x9B, 0x05, 0xFF,     0xFF, 0x9A, 0x04, 0xFF,     0xFF, 0x9A, 0x04, 0xFF,
    0xFF, 0x99, 0x04, 0xFF,     0xFF, 0x99, 0x04, 0xFF,     0xFF, 0x99, 0x04, 0xFF,     0xFF, 0x98, 0x04, 0xFF,
    0xFF, 0x98, 0x03, 0xFF,     0xFF, 0x97, 0x03, 0xFF,     0xFF, 0x97, 0x03, 0xFF,     0xFF, 0x96, 0x03, 0xFF,
    0xFF, 0x96, 0x03, 0xFF,     0xFF, 0x95, 0x03, 0xFF,     0xFF, 0x95, 0x03, 0xFF,     0xFF, 0x94, 0x02, 0xFF,
    0xFF, 0x94, 0x02, 0xFF,     0xFF, 0x94, 0x02, 0xFF,     0xFF, 0x93, 0x02, 0xFF,     0xFF, 0x93, 0x02, 0xFF,
    0xFF, 0x92, 0x02, 0xFF,     0xFF, 0x92, 0x02, 0xFF,     0xFF, 0x91, 0x01, 0xFF,     0xFF, 0x91, 0x01, 0xFF,
    0xFF, 0x90, 0x01, 0xFF,     0xFF, 0x90, 0x01, 0xFF,     0xFF, 0x8F, 0x01, 0xFF,     0xFF, 0x8F, 0x01, 0xFF,
    0xFF, 0x8F, 0x01, 0xFF,     0xFF, 0x8E, 0x00, 0xFF,     0xFF, 0x8E, 0x00, 0xFF,     0xFF, 0x8D, 0x00, 0xFF,
    0x00, 0x00, 0x00, 0x00,     0x00, 0x00, 0x00, 0x00,     0xFF, 0xC5, 0x12, 0x46,     0xFF, 0xC5, 0x12, 0xD2,
    0xFF, 0xC5, 0x12, 0xFF,     0xFF, 0xC5, 0x12, 0xFF,     0xFF, 0xC4, 0x12, 0xFF,     0xFF, 0xC4, 0x12, 0xFF,
    0xFF, 0xC3, 0x12, 0xFF,     0xFF, 0xC3, 0x12, 0xFF,     0xFF, 0xC2, 0x11, 0xFF,     0xFF, 0xC2, 0x11, 0xFF,
    0xFF, 0xC1, 0x11, 0xFF,     0xFF, 0xC1, 0x11, 0xFF,     0xFF, 0xC0, 0x11, 0xFF,     0xFF, 0xC0, 0x11, 0xFF,
    0xFF, 0xC0, 0x11, 0xFF,     0xFF, 0xBF, 0x10, 0xFF,     0xFF, 0xBF, 0x10, 0xFF,     0xFF, 0xBE, 0x10, 0xFF,
    0xFF, 0xBE, 0x10, 0xFF,     0xFF, 0xBD, 0x10, 0xFF,     0xFF, 0xBD, 0x10, 0xFF,     0xFF, 0xBC, 0x10, 0xFF,
    0xFF, 0xBC, 0x0F, 0xFF,     0xFF, 0xBB, 0x0F, 0xFF,     0xFF, 0xBB, 0x0F, 0xFF,     0xFF, 0xBB, 0x0F, 0xFF,
    0xFF, 0xBA, 0x0F, 0xFF,     0xFF, 0xBA, 0x0F, 0xFF,     0xFF, 0xB9, 0x0E, 0xFF,     0xFF, 0xB9, 0x0E, 0xFF,
    0xFF, 0xB8, 0x0E, 0xFF,     0xFF, 0xB8, 0x0E, 0xFF,     0xFF, 0xB7, 0x0E, 0xFF,     0xFF, 0xB7, 0x0E, 0xFF,
    0xFF, 0xB6, 0x0E, 0xFF,     0xFF, 0xB6, 0x0D, 0xFF,     0xFF, 0xB6, 0x0D, 0xFF,     0xFF, 0xB5, 0x0D, 0xFF,
    0xFF, 0xB5, 0x0D, 0xFF,     0xFF, 0xB4, 0x0D, 0xFF,     0xFF, 0xB4, 0x0D, 0xFF,     0xFF, 0xB3, 0x0D, 0xFF,
    0xFF, 0xB3, 0x0C, 0xFF,     0xFF, 0xB2, 0x0C, 0xFF,     0xFF, 0xB2, 0x0C, 0xFF,     0xFF, 0xB1, 0x0C, 0xFF,
    0xFF, 0xB1, 0x0C, 0xFF,     0xFF, 0xB1, 0x0C, 0xFF,     0xFF, 0xB0, 0x0C, 0xFF,     0xFF, 0xB0, 0x0B, 0xFF,
    0xFF, 0xAF, 0x0B, 0xFF,     0xFF, 0xAF, 0x0B, 0xFF,     0xFF, 0xAE, 0x0B, 0xFF,     0xFF, 0xAE, 0x0B, 0xFF,
    0xFF, 0xAD, 0x0B, 0xFF,     0xFF, 0xAD, 0x0A, 0xFF,     0xFF, 0xAC, 0x0A, 0xFF,     0xFF, 0xAC, 0x0A, 0xFF,
    0xFF, 0xAC, 0x0A, 0xFF,     0xFF, 0xAB, 0x0A, 0xFF,     0xFF, 0xAB, 0x0A, 0xFF,     0xFF, 0xAA, 0x0A, 0xFF,
    0xFF, 0xAA, 0x09, 0xFF,     0xFF, 0xA9, 0x09, 0xFF,     0xFF, 0xA9, 0x09, 0xFF,     0xFF, 0xA8, 0x09, 0xFF,
    0xFF, 0xA8, 0x09, 0xFF,     0xFF, 0xA8, 0x09, 0xFF,     0xFF, 0xA7, 0x09, 0xFF,     0xFF, 0xA7, 0x08, 0xFF,
    0xFF, 0xA6, 0x08, 0xFF,     0xFF, 0xA6, 0x08, 0xFF,     0xFF, 0xA5, 0x08, 0xFF,     0xFF, 0xA5, 0x08, 0xFF,
    0xFF, 0xA4, 0x08, 0xFF,     0xFF, 0xA4, 0x07, 0xFF,     0xFF, 0xA3, 0x07, 0xFF,     0xFF, 0xA3, 0x07, 0xFF,
    0xFF, 0xA3, 0x07, 0xFF,     0xFF, 0xA2, 0x07, 0xFF,     0xFF, 0xA2, 0x07, 0xFF,     0xFF, 0xA1, 0x07, 0xFF,
    0xFF, 0xA1, 0x06, 0xFF,     0xFF, 0xA0, 0x06, 0xFF,     0xFF, 0xA0, 0x06, 0xFF,     0xFF, 0x9F, 0x06, 0xFF,
    0xFF, 0x9F, 0x06, 0xFF,     0xFF, 0x9E, 0x06, 0xFF,     0xFF, 0x9E, 0x06, 0xFF,     0xFF, 0x9E, 0x05, 0xFF,
    0xFF, 0x9D, 0x05, 0xFF,     0xFF, 0x9D, 0x05, 0xFF,     0xFF, 0x9C, 0x05, 0xFF,     0xFF, 0x9C, 0x05, 0xFF,
    0xFF, 0x9B, 0x05, 0xFF,     0xFF, 0x9B, 0x05, 0xFF,     0xFF, 0x9A, 0x04, 0xFF,     0xFF, 0x9A, 0x04, 0xFF,
    0xFF, 0x99, 0x04, 0xFF,     0xFF, 0x99, 0x04, 0xFF,     0xFF, 0x99, 0x04, 0xFF,     0xFF, 0x98, 0x04, 0xFF,
    0xFF, 0x98, 0x03, 0xFF,     0xFF, 0x97, 0x03, 0xFF,     0xFF, 0x97, 0x03, 0xFF,     0xFF, 0x96, 0x03, 0xFF,
    0xFF, 0x96, 0x03, 0xFF,     0xFF, 0x95, 0x03, 0xFF,     0xFF, 0x95, 0x03, 0xFF,     0xFF, 0x94, 0x02, 0xFF,
    0xFF, 0x94, 0x02, 0xFF,     0xFF, 0x94, 0x02, 0xFF,     0xFF, 0x93, 0x02, 0xFF,     0xFF, 0x93, 0x02, 0xFF,
    0xFF, 0x92, 0x02, 0xFF,     0xFF, 0x92, 0x02, 0xFF,     0xFF, 0x91, 0x01, 0xFF,     0xFF, 0x91, 0x01, 0xFF,
    0xFF, 0x90, 0x01, 0xFF,     0xFF, 0x90, 0x01, 0xFF,     0xFF, 0x8F, 0x01, 0xFF,     0xFF, 0x8F, 0x01, 0xFF,
    0xFF, 0x8F, 0x01, 0xFF,     0xFF, 0x8E, 0x00, 0xFF,     0xFF, 0x8E, 0x00, 0xFF,     0xFF, 0x8D, 0x00, 0xFF,
    0x00, 0x00, 0x00, 0x00,     0xFF, 0xC7, 0x13, 0x60,     0xFF, 0xC6, 0x13, 0xFE,     0xFF, 0xC5, 0x12, 0xFF,
    0xFF, 0xC5, 0x12, 0xFF,     0xFF, 0xC5, 0x12, 0xFF,     0xFF, 0xC4, 0x12, 0xFF,     0xFF, 0xC4, 0x12, 0xFF,
    0xFF, 0xC3, 0x12, 0xFF,     0xFF, 0xC3, 0x12, 0xFF,     0xFF, 0xC2, 0x11, 0xFF,     0xFF, 0xC2, 0x11, 0xFF,
    0xFF, 0xC1, 0x11, 0xFF,     0xFF, 0xC1, 0x11, 0xFF,     0xFF, 0xC0, 0x11, 0xFF,     0xFF, 0xC0, 0x11, 0xFF,
    0xFF, 0xC0, 0x11, 0xFF,     0xFF, 0xBF, 0x10, 0xFF,     0xFF, 0xBF, 0x10, 0xFF,     0xFF, 0xBE, 0x10, 0xFF,
    0xFF, 0xBE, 0x10, 0xFF,     0xFF, 0xBD, 0x10, 0xFF,     0xFF, 0xBD, 0x10, 0xFF,     0xFF, 0xBC, 0x10, 0xFF,
    0xFF, 0xBC, 0x0F, 0xFF,     0xFF, 0xBB, 0x0F, 0xFF,     0xFF, 0xBB, 0x0F, 0xFF,     0xFF, 0xBB, 0x0F, 0xFF,
    0xFF, 0xBA, 0x0F, 0xFF,     0xFF, 0xBA, 0x0F, 0xFF,     0xFF, 0xB9, 0x0E, 0xFF,     0xFF, 0xB9, 0x0E, 0xFF,
    0xFF, 0xB8, 0x0E, 0xFF,     0xFF, 0xB8, 0x0E, 0xFF,     0xFF, 0xB7, 0x0E, 0xFF,     0xFF, 0xB7, 0x0E, 0xFF,
    0xFF, 0xB6, 0x0E, 0xFF,     0xFF, 0xB6, 0x0D, 0xFF,     0xFF, 0xB6, 0x0D, 0xFF,     0xFF, 0xB5, 0x0D, 0xFF,
    0xFF, 0xB5, 0x0D, 0xFF,     0xFF, 0xB4, 0x0D, 0xFF,     0xFF, 0xB4, 0x0D, 0xFF,     0xFF, 0xB3, 0x0D, 0xFF,
    0xFF, 0xB3, 0x0C, 0xFF,     0xFF, 0xB2, 0x0C, 0xFF,     0xFF, 0xB2, 0x0C, 0xFF,     0xFF, 0xB1, 0x0C, 0xFF,
    0xFF, 0xB1, 0x0C, 0xFF,     0xFF, 0xB1, 0x0C, 0xFF,     0xFF, 0xB0, 0x0C, 0xFF,     0xFF, 0xB0, 0x0B, 0xFF,
    0xFF, 0xAF, 0x0B, 0xFF,     0xFF, 0xAF, 0x0B, 0xFF,     0xFF, 0xAE, 0x0B, 0xFF,     0xFF, 0xAE, 0x0B, 0xFF,
    0xFF, 0xAD, 0x0B, 0xFF,     0xFF, 0xAD, 0x0A, 0xFF,     0xFF, 0xAC, 0x0A, 0xFF,     0xFF, 0xAC, 0x0A, 0xFF,
    0xFF, 0xAC, 0x0A, 0xFF,     0xFF, 0xAB, 0x0A, 0xFF,     0xFF, 0xAB, 0x0A, 0xFF,     0xFF, 0xAA, 0x0A, 0xFF,
    0xFF, 0xAA, 0x09, 0xFF,     0xFF, 0xA9, 0x09, 0xFF,     0xFF, 0xA9, 0x09, 0xFF,     0xFF, 0xA8, 0x09, 0xFF,
    0xFF, 0xA8, 0x09, 0xFF,     0xFF, 0xA8, 0x09, 0xFF,     0xFF, 0xA7, 0x09, 0xFF,     0xFF, 0xA7, 0x08, 0xFF,
    0xFF, 0xA6, 0x08, 0xFF,     0xFF, 0xA6, 0x08, 0xFF,     0xFF, 0xA5, 0x08, 0xFF,     0xFF, 0xA5, 0x08, 0xFF,
    0xFF, 0xA4, 0x08, 0xFF,     0xFF, 0xA4, 0x07, 0xFF,     0xFF, 0xA3, 0x07, 0xFF,     0xFF, 0xA3, 0x07, 0xFF,
    0xFF, 0xA3, 0x07, 0xFF,     0xFF, 0xA2, 0x07, 0xFF,     0xFF, 0xA2, 0x07, 0xFF,     0xFF, 0xA1, 0x07, 0xFF,
    0xFF, 0xA1, 0x06, 0xFF,     0xFF, 0xA0, 0x06, 0xFF,     0xFF, 0xA0, 0x06, 0xFF,     0xFF, 0x9F, 0x06, 0xFF,
    0xFF, 0x9F, 0x06, 0xFF,     0xFF, 0x9E, 0x06, 0xFF,     0xFF, 0x9E, 0x06, 0xFF,     0xFF, 0x9E, 0x05, 0xFF,
    0xFF, 0x9D, 0x05, 0xFF,     0xFF, 0x9D, 0x05, 0xFF,     0xFF, 0x9C, 0x05, 0xFF,     0xFF, 0x9C, 0x05, 0xFF,
    0xFF, 0x9B, 0x05, 0xFF,     0xFF, 0x9B, 0x05, 0xFF,     0xFF, 0x9A, 0x04, 0xFF,     0xFF, 0x9A, 0x04, 0xFF,
    0xFF, 0x99, 0x04, 0xFF,     0xFF, 0x99, 0x04, 0xFF,     0xFF, 0x99, 0x04, 0xFF,     0xFF, 0x98, 0x04, 0xFF,
    0xFF, 0x98, 0x03, 0xFF,     0xFF, 0x97, 0x03, 0xFF,     0xFF, 0x97, 0x03, 0xFF,     0xFF, 0x96, 0x03, 0xFF,
    0xFF, 0x96, 0x03, 0xFF,     0xFF, 0x95, 0x03, 0xFF,     0xFF, 0x95, 0x03, 0xFF,     0xFF, 0x94, 0x02, 0xFF,
    0xFF, 0x94, 0x02, 0xFF,     0xFF, 0x94, 0x02, 0xFF,     0xFF, 0x93, 0x02, 0xFF,     0xFF, 0x93, 0x02, 0xFF,
    0xFF, 0x92, 0x02, 0xFF,     0xFF, 0x92, 0x02, 0xFF,     0xFF, 0x91, 0x01, 0xFF,     0xFF, 0x91, 0x01, 0xFF,
    0xFF, 0x90, 0x01, 0xFF,     0xFF, 0x90, 0x01, 0xFF,     0xFF, 0x8F, 0x01, 0xFF,     0xFF, 0x8F, 0x01, 0xFF,
    0xFF, 0x8F, 0x01, 0xFF,     0xFF, 0x8E, 0x00, 0xFF,     0xFF, 0x8E, 0x00, 0xFF,     0xFF, 0x8D, 0x00, 0xFF,
    0xFF, 0xCC, 0x0D, 0x14,     0xFF, 0xC6, 0x13, 0xF1,     0xFF, 0xC6, 0x13, 0xFF,     0xFF, 0xC5, 0x12, 0xFF,
    0xFF, 0xC5, 0x12, 0xFF,     0xFF, 0xC5, 0x12, 0xFF,     0xFF, 0xC4, 0x12, 0xFF,     0xFF, 0xC4, 0x12, 0xFF,
    0xFF, 0xC3, 0x12, 0xFF,     0xFF, 0xC3, 0x12, 0xFF,     0xFF, 0xC2, 0x11, 0xFF,     0xFF, 0xC2, 0x11, 0xFF,
    0xFF, 0xC1, 0x11, 0xFF,     0xFF, 0xC1, 0x11, 0xFF,     0xFF, 0xC0, 0x11, 0xFF,     0xFF, 0xC0, 0x11, 0xFF,
    0xFF, 0xC0, 0x11, 0xFF,     0xFF, 0xBF, 0x10, 0xFF,     0xFF, 0xBF, 0x10, 0xFF,     0xFF, 0xBE, 0x10, 0xFF,
    0xFF, 0xBE, 0x10, 0xFF,     0xFF, 0xBD, 0x10, 0xFF,     0xFF, 0xBD, 0x10, 0xFF,     0xFF, 0xBC, 0x10, 0xFF,
    0xFF, 0xBC, 0x0F, 0xFF,     0xFF, 0xBB, 0x0F, 0xFF,     0xFF, 0xBB, 0x0F, 0xFF,     0xFF, 0xBB, 0x0F, 0xFF,
    0xFF, 0xBA, 0x0F, 0xFF,     0xFF, 0xBA, 0x0F, 0xFF,     0xFF, 0xB9, 0x0E, 0xFF,     0xFF, 0xB9, 0x0E, 0xFF,
    0xFF, 0xB8, 0x0E, 0xFF,     0xFF, 0xB8, 0x0E, 0xFF,     0xFF, 0xB7, 0x0E, 0xFF,     0xFF, 0xB7, 0x0E, 0xFF,
    0xFF, 0xB6, 0x0E, 0xFF,     0xFF, 0xB6, 0x0D, 0xFF,     0xFF, 0xB6, 0x0D, 0xFF,     0xFF, 0xB5, 0x0D, 0xFF,
    0xFF, 0xB5, 0x0D, 0xFF,     0xFF, 0xB4, 0x0D, 0xFF,     0xFF, 0xB4, 0x0D, 0xFF,     0xFF, 0xB3, 0x0D, 0xFF,
    0xFF, 0xB3, 0x0C, 0xFF,     0xFF, 0xB2, 0x0C, 0xFF,     0xFF, 0xB2, 0x0C, 0xFF,     0xFF, 0xB1, 0x0C, 0xFF,
    0xFF, 0xB1, 0x0C, 0xFF,     0xFF, 0xB1, 0x0C, 0xFF,     0xFF, 0xB0, 0x0C, 0xFF,     0xFF, 0xB0, 0x0B, 0xFF,
    0xFF, 0xAF, 0x0B, 0xFF,     0xFF, 0xAF, 0x0B, 0xFF,     0xFF, 0xAE, 0x0B, 0xFF,     0xFF, 0xAE, 0x0B, 0xFF,
    0xFF, 0xAD, 0x0B, 0xFF,     0xFF, 0xAD, 0x0A, 0xFF,     0xFF, 0xAC, 0x0A, 0xFF,     0xFF, 0xAC, 0x0A, 0xFF,
    0xFF, 0xAC, 0x0A, 0xFF,     0xFF, 0xAB, 0x0A, 0xFF,     0xFF, 0xAB, 0x0A, 0xFF,     0xFF, 0xAA, 0x0A, 0xFF,
    0xFF, 0xAA, 0x09, 0xFF,     0xFF, 0xA9, 0x09, 0xFF,     0xFF, 0xA9, 0x09, 0xFF,     0xFF, 0xA8, 0x09, 0xFF,
    0xFF, 0xA8, 0x09, 0xFF,     0xFF, 0xA8, 0x09, 0xFF,     0xFF, 0xA7, 0x09, 0xFF,     0xFF, 0xA7, 0x08, 0xFF,
    0xFF, 0xA6, 0x08, 0xFF,     0xFF, 0xA6, 0x08, 0xFF,     0xFF, 0xA5, 0x08, 0xFF,     0xFF, 0xA5, 0x08, 0xFF,
    0xFF, 0xA4, 0x08, 0xFF,     0xFF, 0xA4, 0x07, 0xFF,     0xFF, 0xA3, 0x07, 0xFF,     0xFF, 0xA3, 0x07, 0xFF,
    0xFF, 0xA3, 0x07, 0xFF,     0xFF, 0xA2, 0x07, 0xFF,     0xFF, 0xA2, 0x07, 0xFF,     0xFF, 0xA1, 0x07, 0xFF,
    0xFF, 0xA1, 0x06, 0xFF,     0xFF, 0xA0, 0x06, 0xFF,     0xFF, 0xA0, 0x06, 0xFF,     0xFF, 0x9F, 0x06, 0xFF,
    0xFF, 0x9F, 0x06, 0xFF,     0xFF, 0x9E, 0x06, 0xFF,     0xFF, 0x9E, 0x06, 0xFF,     0xFF, 0x9E, 0x05, 0xFF,
    0xFF, 0x9D, 0x05, 0xFF,     0xFF, 0x9D, 0x05, 0xFF,     0xFF, 0x9C, 0x05, 0xFF,     0xFF, 0x9C, 0x05, 0xFF,
    0xFF, 0x9B, 0x05, 0xFF,     0xFF, 0x9B, 0x05, 0xFF,     0xFF, 0x9A, 0x04, 0xFF,     0xFF, 0x9A, 0x04, 0xFF,
    0xFF, 0x99, 0x04, 0xFF,     0xFF, 0x99, 0x04, 0xFF,     0xFF, 0x99, 0x04, 0xFF,     0xFF, 0x98, 0x04, 0xFF,
    0xFF, 0x98, 0x03, 0xFF,     0xFF, 0x97, 0x03, 0xFF,     0xFF, 0x97, 0x03, 0xFF,     0xFF, 0x96, 0x03, 0xFF,
    0xFF, 0x96, 0x03, 0xFF,     0xFF, 0x95, 0x03, 0xFF,     0xFF, 0x95, 0x03, 0xFF,     0xFF, 0x94, 0x02, 0xFF,
    0xFF, 0x94, 0x02, 0xFF,     0xFF, 0x94, 0x02, 0xFF,     0xFF, 0x93, 0x02, 0xFF,     0xFF, 0x93, 0x02, 0xFF,
    0xFF, 0x92, 0x02, 0xFF,     0xFF, 0x92, 0x02, 0xFF,     0xFF, 0x91, 0x01, 0xFF,     0xFF, 0x91, 0x01, 0xFF,
    0xFF, 0x90, 0x01, 0xFF,     0xFF, 0x90, 0x01, 0xFF,     0xFF, 0x8F, 0x01, 0xFF,     0xFF, 0x8F, 0x01, 0xFF,
    0xFF, 0x8F, 0x01, 0xFF,     0xFF, 0x8E, 0x00, 0xFF,     0xFF, 0x8E, 0x00, 0xFF,     0xFF, 0x8D, 0x00, 0xFF,
    0xFF, 0xC7, 0x13, 0x83,     0xFF, 0xC6, 0x13, 0xFF,     0xFF, 0xC6, 0x13, 0xFF,     0xFF, 0xC5, 0x12, 0xFF,
    0xFF, 0xC5, 0x12, 0xFF,     0xFF, 0xC5, 0x12, 0xFF,     0xFF, 0xC4, 0x12, 0xFF,     0xFF, 0xC4, 0x12, 0xFF,
    0xFF, 0xC3, 0x12, 0xFF,     0xFF, 0xC3, 0x12, 0xFF,     0xFF, 0xC2, 0x11, 0xFF,     0xFF, 0xC2, 0x11, 0xFF,
    0xFF, 0xC1, 0x11, 0xFF,     0xFF, 0xC1, 0x11, 0xFF,     0xFF, 0xC0, 0x11, 0xFF,     0xFF, 0xC0, 0x11, 0xFF,
    0xFF, 0xC0, 0x11, 0xFF,     0xFF, 0xBF, 0x10, 0xFF,     0xFF, 0xBF, 0x10, 0xFF,     0xFF, 0xBE, 0x10, 0xFF,
    0xFF, 0xBE, 0x10, 0xFF,     0xFF, 0xBD, 0x10, 0xFF,     0xFF, 0xBD, 0x10, 0xFF,     0xFF, 0xBC, 0x10, 0xFF,
    0xFF, 0xBC, 0x0F, 0xFF,     0xFF, 0xBB, 0x0F, 0xFF,     0xFF, 0xBB, 0x0F, 0xFF,     0xFF, 0xBB, 0x0F, 0xFF,
    0xFF, 0xBA, 0x0F, 0xFF,     0xFF, 0xBA, 0x0F, 0xFF,     0xFF, 0xB9, 0x0E, 0xFF,     0xFF, 0xB9, 0x0E, 0xFF,
    0xFF, 0xB8, 0x0E, 0xFF,     0xFF, 0xB8, 0x0E, 0xFF,     0xFF, 0xB7, 0x0E, 0xFF,     0xFF, 0xB7, 0x0E, 0xFF,
    0xFF, 0xB6, 0x0E, 0xFF,     0xFF, 0xB6, 0x0D, 0xFF,     0xFF, 0xB6, 0x0D, 0xFF,     0xFF, 0xB5, 0x0D, 0xFF,
    0xFF, 0xB5, 0x0D, 0xFF,     0xFF, 0xB4, 0x0D, 0xFF,     0xFF, 0xB4, 0x0D, 0xFF,     0xFF, 0xB3, 0x0D, 0xFF,
    0xFF, 0xB3, 0x0C, 0xFF,     0xFF, 0xB2, 0x0C, 0xFF,     0xFF, 0xB2, 0x0C, 0xFF,     0xFF, 0xB1, 0x0C, 0xFF,
    0xFF, 0xB1, 0x0C, 0xFF,     0xFF, 0xB1, 0x0C, 0xFF,     0xFF, 0xB0, 0x0C, 0xFF,     0xFF, 0xB0, 0x0B, 0xFF,
    0xFF, 0xAF, 0x0B, 0xFF,     0xFF, 0xAF, 0x0B, 0xFF,     0xFF, 0xAE, 0x0B, 0xFF,     0xFF, 0xAE, 0x0B, 0xFF,
    0xFF, 0xAD, 0x0B, 0xFF,     0xFF, 0xAD, 0x0A, 0xFF,     0xFF, 0xAC, 0x0A, 0xFF,     0xFF, 0xAC, 0x0A, 0xFF,
    0xFF, 0xAC, 0x0A, 0xFF,     0xFF, 0xAB, 0x0A, 0xFF,     0xFF, 0xAB, 0x0A, 0xFF,     0xFF, 0xAA, 0x0A, 0xFF,
    0xFF, 0xAA, 0x09, 0xFF,     0xFF, 0xA9, 0x09, 0xFF,     0xFF, 0xA9, 0x09, 0xFF,     0xFF, 0xA8, 0x09, 0xFF,
    0xFF, 0xA8, 0x09, 0xFF,     0xFF, 0xA8, 0x09, 0xFF,     0xFF, 0xA7, 0x09, 0xFF,     0xFF, 0xA7, 0x08, 0xFF,
    0xFF, 0xA6, 0x08, 0xFF,     0xFF, 0xA6, 0x08, 0xFF,     0xFF, 0xA5, 0x08, 0xFF,     0xFF, 0xA5, 0x08, 0xFF,
    0xFF, 0xA4, 0x08, 0xFF,     0xFF, 0xA4, 0x07, 0xFF,     0xFF, 0xA3, 0x07, 0xFF,     0xFF, 0xA3, 0x07, 0xFF,
    0xFF, 0xA3, 0x07, 0xFF,     0xFF, 0xA2, 0x07, 0xFF,     0xFF, 0xA2, 0x07, 0xFF,     0xFF, 0xA1, 0x07, 0xFF,
    0xFF, 0xA1, 0x06, 0xFF,     0xFF, 0xA0, 0x06, 0xFF,     0xFF, 0xA0, 0x06, 0xFF,     0xFF, 0x9F, 0x06, 0xFF,
    0xFF, 0x9F, 0x06, 0xFF,     0xFF, 0x9E, 0x06, 0xFF,     0xFF, 0x9E, 0x06, 0xFF,     0xFF, 0x9E, 0x05, 0xFF,
    0xFF, 0x9D, 0x05, 0xFF,     0xFF, 0x9D, 0x05, 0xFF,     0xFF, 0x9C, 0x05, 0xFF,     0xFF, 0x9C, 0x05, 0xFF,
    0xFF, 0x9B, 0x05, 0xFF,     0xFF, 0x9B, 0x05, 0xFF,     0xFF, 0x9A, 0x04, 0xFF,     0xFF, 0x9A, 0x04, 0xFF,
    0xFF, 0x99, 0x04, 0xFF,     0xFF, 0x99, 0x04, 0xFF,     0xFF, 0x99, 0x04, 0xFF,     0xFF, 0x98, 0x04, 0xFF,
    0xFF, 0x98, 0x03, 0xFF,     0xFF, 0x97, 0x03, 0xFF,     0xFF, 0x97, 0x03, 0xFF,     0xFF, 0x96, 0x03, 0xFF,
    0xFF, 0x96, 0x03, 0xFF,     0xFF, 0x95, 0x03, 0xFF,     0xFF, 0x95, 0x03, 0xFF,     0xFF, 0x94, 0x02, 0xFF,
    0xFF, 0x94, 0x02, 0xFF,     0xFF, 0x94, 0x02, 0xFF,     0xFF, 0x93, 0x02, 0xFF,     0xFF, 0x93, 0x02, 0xFF,
    0xFF, 0x92, 0x02, 0xFF,     0xFF, 0x92, 0x02, 0xFF,     0xFF, 0x91, 0x01, 0xFF,     0xFF, 0x91, 0x01, 0xFF,
    0xFF, 0x90, 0x01, 0xFF,     0xFF, 0x90, 0x01, 0xFF,     0xFF, 0x8F, 0x01, 0xFF,     0xFF, 0x8F, 0x01, 0xFF,
    0xFF, 0x8F, 0x01, 0xFF,     0xFF, 0x8E, 0x00, 0xFF,     0xFF, 0x8E, 0x00, 0xFF,     0xFF, 0x8D, 0x00, 0xFF,
    0xFF, 0xC7, 0x13, 0xDF,     0xFF, 0xC6, 0x13, 0xFF,     0xFF, 0xC6, 0x13, 0xFF,     0xFF, 0xC5, 0x12, 0xFF,
    0xFF, 0xC5, 0x12, 0xFF,     0xFF, 0xC5, 0x12, 0xFF,     0xFF, 0xC4, 0x12, 0xFF,     0xFF, 0xC4, 0x12, 0xFF,
    0xFF, 0xC3, 0x12, 0xFF,     0xFF, 0xC3, 0x12, 0xFF,     0xFF, 0xC2, 0x11, 0xFF,     0xFF, 0xC2, 0x11, 0xFF,
    0xFF, 0xC1, 0x11, 0xFF,     0xFF, 0xC1, 0x11, 0xFF,     0xFF, 0xC0, 0x11, 0xFF,     0xFF, 0xC0, 0x11, 0xFF,
    0xFF, 0xC0, 0x11, 0xFF,     0xFF, 0xBF, 0x10, 0xFF,     0xFF, 0xBF, 0x10, 0xFF,     0xFF, 0xBE, 0x10, 0xFF,
    0xFF, 0xBE, 0x10, 0xFF,     0xFF, 0xBD, 0x10, 0xFF,     0xFF, 0xBD, 0x10, 0xFF,     0xFF, 0xBC, 0x10, 0xFF,
    0xFF, 0xBC, 0x0F, 0xFF,     0xFF, 0xBB, 0x0F, 0xFF,     0xFF, 0xBB, 0x0F, 0xFF,     0xFF, 0xBB, 0x0F, 0xFF,
    0xFF, 0xBA, 0x0F, 0xFF,     0xFF, 0xBA, 0x0F, 0xFF,     0xFF, 0xB9, 0x0E, 0xFF,     0xFF, 0xB9, 0x0E, 0xFF,
    0xFF, 0xB8, 0x0E, 0xFF,     0xFF, 0xB8, 0x0E, 0xFF,     0xFF, 0xB7, 0x0E, 0xFF,     0xFF, 0xB7, 0x0E, 0xFF,
    0xFF, 0xB6, 0x0E, 0xFF,     0xFF, 0xB6, 0x0D, 0xFF,     0xFF, 0xB6, 0x0D, 0xFF,     0xFF, 0xB5, 0x0D, 0xFF,
    0xFF, 0xB5, 0x0D, 0xFF,     0xFF, 0xB4, 0x0D, 0xFF,     0xFF, 0xB4, 0x0D, 0xFF,     0xFF, 0xB3, 0x0D, 0xFF,
    0xFF, 0xB3, 0x0C, 0xFF,     0xFF, 0xB2, 0x0C, 0xFF,     0xFF, 0xB2, 0x0C, 0xFF,     0xFF, 0xB1, 0x0C, 0xFF,
    0xFF, 0xB1, 0x0C, 0xFF,     0xFF, 0xB1, 0x0C, 0xFF,     0xFF, 0xB0, 0x0C, 0xFF,     0xFF, 0xB0, 0x0B, 0xFF,
    0xFF, 0xAF, 0x0B, 0xFF,     0xFF, 0xAF, 0x0B, 0xFF,     0xFF, 0xAE, 0x0B, 0xFF,     0xFF, 0xAE, 0x0B, 0xFF,
    0xFF, 0xAD, 0x0B, 0xFF,     0xFF, 0xAD, 0x0A, 0xFF,     0xFF, 0xAC, 0x0A, 0xFF,     0xFF, 0xAC, 0x0A, 0xFF,
    0xFF, 0xAC, 0x0A, 0xFF,     0xFF, 0xAB, 0x0A, 0xFF,     0xFF, 0xAB, 0x0A, 0xFF,     0xFF, 0xAA, 0x0A, 0xFF,
    0xFF, 0xAA, 0x09, 0xFF,     0xFF, 0xA9, 0x09, 0xFF,     0xFF, 0xA9, 0x09, 0xFF,     0xFF, 0xA8, 0x09, 0xFF,
    0xFF, 0xA8, 0x09, 0xFF,     0xFF, 0xA8, 0x09, 0xFF,     0xFF, 0xA7, 0x09, 0xFF,     0xFF, 0xA7, 0x08, 0xFF,
    0xFF, 0xA6, 0x08, 0xFF,     0xFF, 0xA6, 0x08, 0xFF,     0xFF, 0xA5, 0x08, 0xFF,     0xFF, 0xA5, 0x08, 0xFF,
    0xFF, 0xA4, 0x08, 0xFF,     0xFF, 0xA4, 0x07, 0xFF,     0xFF, 0xA3, 0x07, 0xFF,     0xFF, 0xA3, 0x07, 0xFF,
    0xFF, 0xA3, 0x07, 0xFF,     0xFF, 0xA2, 0x07, 0xFF,     0xFF, 0xA2, 0x07, 0xFF,     0xFF, 0xA1, 0x07, 0xFF,
    0xFF, 0xA1, 0x06, 0xFF,     0xFF, 0xA0, 0x06, 0xFF,     0xFF, 0xA0, 0x06, 0xFF,     0xFF, 0x9F, 0x06, 0xFF,
    0xFF, 0x9F, 0x06, 0xFF,     0xFF, 0x9E, 0x06, 0xFF,     0xFF, 0x9E, 0x06, 0xFF,     0xFF, 0x9E, 0x05, 0xFF,
    0xFF, 0x9D, 0x05, 0xFF,     0xFF, 0x9D, 0x05, 0xFF,     0xFF, 0x9C, 0x05, 0xFF,     0xFF, 0x9C, 0x05, 0xFF,
    0xFF, 0x9B, 0x05, 0xFF,     0xFF, 0x9B, 0x05, 0xFF,     0xFF, 0x9A, 0x04, 0xFF,     0xFF, 0x9A, 0x04, 0xFF,
    0xFF, 0x99, 0x04, 0xFF,     0xFF, 0x99, 0x04, 0xFF,     0xFF, 0x99, 0x04, 0xFF,     0xFF, 0x98, 0x04, 0xFF,
    0xFF, 0x98, 0x03, 0xFF,     0xFF, 0x97, 0x03, 0xFF,     0xFF, 0x97, 0x03, 0xFF,     0xFF, 0x96, 0x03, 0xFF,
    0xFF, 0x96, 0x03, 0xFF,     0xFF, 0x95, 0x03, 0xFF,     0xFF, 0x95, 0x03, 0xFF,     0xFF, 0x94, 0x02, 0xFF,
    0xFF, 0x94, 0x02, 0xFF,     0xFF, 0x94, 0x02, 0xFF,     0xFF, 0x93, 0x02, 0xFF,     0xFF, 0x93, 0x02, 0xFF,
    0xFF, 0x92, 0x02, 0xFF,     0xFF, 0x92, 0x02, 0xFF,     0xFF, 0x91, 0x01, 0xFF,     0xFF, 0x91, 0x01, 0xFF,
    0xFF, 0x90, 0x01, 0xFF,     0xFF, 0x90, 0x01, 0xFF,     0xFF, 0x8F, 0x01, 0xFF,     0xFF, 0x8F, 0x01, 0xFF,
    0xFF, 0x8F, 0x01, 0xFF,     0xFF, 0x8E, 0x00, 0xFF,     0xFF, 0x8E, 0x00, 0xFF,     0xFF, 0x8D, 0x00, 0xFF,
    0xFF, 0xC7, 0x13, 0xFF,     0xFF, 0xC6, 0x13, 0xFF,     0xFF, 0xC6, 0x13, 0xFF,     0xFF, 0xC5, 0x12, 0xFF,
    0xFF, 0xC5, 0x12, 0xFF,     0xFF, 0xC5, 0x12, 0xFF,     0xFF, 0xC4, 0x12, 0xFF,     0xFF, 0xC4, 0x12, 0xFF,
    0xFF, 0xC3, 0x12, 0xFF,     0xFF, 0xC3, 0x12, 0xFF,     0xFF, 0xC2, 0x11, 0xFF,     0xFF, 0xC2, 0x11, 0xFF,
    0xFF, 0xC1, 0x11, 0xFF,     0xFF, 0xC1, 0x11, 0xFF,     0xFF, 0xC0, 0x11, 0xFF,     0xFF, 0xC0, 0x11, 0xFF,
    0xFF, 0xC0, 0x11, 0xFF,     0xFF, 0xBF, 0x10, 0xFF,     0xFF, 0xBF, 0x10, 0xFF,     0xFF, 0xBE, 0x10, 0xFF,
    0xFF, 0xBE, 0x10, 0xFF,     0xFF, 0xBD, 0x10, 0xFF,     0xFF, 0xBD, 0x10, 0xFF,     0xFF, 0xBC, 0x10, 0xFF,
    0xFF, 0xBC, 0x0F, 0xFF,     0xFF, 0xBB, 0x0F, 0xFF,     0xFF, 0xBB, 0x0F, 0xFF,     0xFF, 0xBB, 0x0F, 0xFF,
    0xFF, 0xBA, 0x0F, 0xFF,     0xFF, 0xBA, 0x0F, 0xFF,     0xFF, 0xB9, 0x0E, 0xFF,     0xFF, 0xB9, 0x0E, 0xFF,
    0xFF, 0xB8, 0x0E, 0xFF,     0xFF, 0xB8, 0x0E, 0xFF,     0xFF, 0xB7, 0x0E, 0xFF,     0xFF, 0xB7, 0x0E, 0xFF,
    0xFF, 0xB6, 0x0E, 0xFF,     0xFF, 0xB6, 0x0D, 0xFF,     0xFF, 0xB6, 0x0D, 0xFF,     0xFF, 0xB5, 0x0D, 0xFF,
    0xFF, 0xB5, 0x0D, 0xFF,     0xFF, 0xB4, 0x0D, 0xFF,     0xFF, 0xB4, 0x0D, 0xFF,     0xFF, 0xB3, 0x0D, 0xFF,
    0xFF, 0xB3, 0x0C, 0xFF,     0xFF, 0xB2, 0x0C, 0xFF,     0xFF, 0xB2, 0x0C, 0xFF,     0xFF, 0xB1, 0x0C, 0xFF,
    0xFF, 0xB1, 0x0C, 0xFF,     0xFF, 0xB1, 0x0C, 0xFF,     0xFF, 0xB0, 0x0C, 0xFF,     0xFF, 0xB0, 0x0B, 0xFF,
    0xFF, 0xAF, 0x0B, 0xFF,     0xFF, 0xAF, 0x0B, 0xFF,     0xFF, 0xAE, 0x0B, 0xFF,     0xFF, 0xAE, 0x0B, 0xFF,
    0xFF, 0xAD, 0x0B, 0xFF,     0xFF, 0xAD, 0x0A, 0xFF,     0xFF, 0xAC, 0x0A, 0xFF,     0xFF, 0xAC, 0x0A, 0xFF,
    0xFF, 0xAC, 0x0A, 0xFF,     0xFF, 0xAB, 0x0A, 0xFF,     0xFF, 0xAB, 0x0A, 0xFF,     0xFF, 0xAA, 0x0A, 0xFF,
    0xFF, 0xAA, 0x09, 0xFF,     0xFF, 0xA9, 0x09, 0xFF,     0xFF, 0xA9, 0x09, 0xFF,     0xFF, 0xA8, 0x09, 0xFF,
    0xFF, 0xA8, 0x09, 0xFF,     0xFF, 0xA8, 0x09, 0xFF,     0xFF, 0xA7, 0x09, 0xFF,     0xFF, 0xA7, 0x08, 0xFF,
    0xFF, 0xA6, 0x08, 0xFF,     0xFF, 0xA6, 0x08, 0xFF,     0xFF, 0xA5, 0x08, 0xFF,     0xFF, 0xA5, 0x08, 0xFF,
    0xFF, 0xA4, 0x08, 0xFF,     0xFF, 0xA4, 0x07, 0xFF,     0xFF, 0xA3, 0x07, 0xFF,     0xFF, 0xA3, 0x07, 0xFF,
    0xFF, 0xA3, 0x07, 0xFF,     0xFF, 0xA2, 0x07, 0xFF,     0xFF, 0xA2, 0x07, 0xFF,     0xFF, 0xA1, 0x07, 0xFF,
    0xFF, 0xA1, 0x06, 0xFF,     0xFF, 0xA0, 0x06, 0xFF,     0xFF, 0xA0, 0x06, 0xFF,     0xFF, 0x9F, 0x06, 0xFF,
    0xFF, 0x9F, 0x06, 0xFF,     0xFF, 0x9E, 0x06, 0xFF,     0xFF, 0x9E, 0x06, 0xFF,     0xFF, 0x9E, 0x05, 0xFF,
    0xFF, 0x9D, 0x05, 0xFF,     0xFF, 0x9D, 0x05, 0xFF,     0xFF, 0x9C, 0x05, 0xFF,     0xFF, 0x9C, 0x05, 0xFF,
    0xFF, 0x9B, 0x05, 0xFF,     0xFF, 0x9B, 0x05, 0xFF,     0xFF, 0x9A, 0x04, 0xFF,     0xFF, 0x9A, 0x04, 0xFF,
    0xFF, 0x99, 0x04, 0xFF,     0xFF, 0x99, 0x04, 0xFF,     0xFF, 0x99, 0x04, 0xFF,     0xFF, 0x98, 0x04, 0xFF,
    0xFF, 0x98, 0x03, 0xFF,     0xFF, 0x97, 0x03, 0xFF,     0xFF, 0x97, 0x03, 0xFF,     0xFF, 0x96, 0x03, 0xFF,
    0xFF, 0x96, 0x03, 0xFF,     0xFF, 0x95, 0x03, 0xFF,     0xFF, 0x95, 0x03, 0xFF,     0xFF, 0x94, 0x02, 0xFF,
    0xFF, 0x94, 0x02, 0xFF,     0xFF, 0x94, 0x02, 0xFF,     0xFF, 0x93, 0x02, 0xFF,     0xFF, 0x93, 0x02, 0xFF,
    0xFF, 0x92, 0x02, 0xFF,     0xFF, 0x92, 0x02, 0xFF,     0xFF, 0x91, 0x01, 0xFF,     0xFF, 0x91, 0x01, 0xFF,
    0xFF, 0x90, 0x01, 0xFF,     0xFF, 0x90, 0x01, 0xFF,     0xFF, 0x8F, 0x01, 0xFF,     0xFF, 0x8F, 0x01, 0xFF,
    0xFF, 0x8F, 0x01, 0xFF,     0xFF, 0x8E, 0x00, 0xFF,     0xFF, 0x8E, 0x00, 0xFF,     0xFF, 0x8D, 0x00, 0xFF,
    0xFF, 0xC7, 0x13, 0xFF,     0xFF, 0xC6, 0x13, 0xFF,     0xFF, 0xC6, 0x13, 0xFF,     0xFF, 0xC5, 0x12, 0xFF,
    0xFF, 0xC5, 0x12, 0xFF,     0xFF, 0xC5, 0x12, 0xFF,     0xFF, 0xC4, 0x12, 0xFF,     0xFF, 0xC4, 0x12, 0xFF,
    0xFF, 0xC3, 0x12, 0xFF,     0xFF, 0xC3, 0x12, 0xFF,     0xFF, 0xC2, 0x11, 0xFF,     0xFF, 0xC2, 0x11, 0xFF,
    0xFF, 0xC1, 0x11, 0xFF,     0xFF, 0xC1, 0x11, 0xFF,     0xFF, 0xC0, 0x11, 0xFF,     0xFF, 0xC0, 0x11, 0xFF,
    0xFF, 0xC0, 0x11, 0xFF,     0xFF, 0xBF, 0x10, 0xFF,     0xFF, 0xBF, 0x10, 0xFF,     0xFF, 0xBE, 0x10, 0xFF,
    0xFF, 0xBE, 0x10, 0xFF,     0xFF, 0xBD, 0x10, 0xFF,     0xFF, 0xBD, 0x10, 0xFF,     0xFF, 0xBC, 0x10, 0xFF,
    0xFF, 0xBC, 0x0F, 0xFF,     0xFF, 0xBB, 0x0F, 0xFF,     0xFF, 0xBB, 0x0F, 0xFF,     0xFF, 0xBB, 0x0F, 0xFF,
    0xFF, 0xBA, 0x0F, 0xFF,     0xFF, 0xBA, 0x0F, 0xFF,     0xFF, 0xB9, 0x0E, 0xFF,     0xFF, 0xB9, 0x0E, 0xFF,
    0xFF, 0xB8, 0x0E, 0xFF,     0xFF, 0xB8, 0x0E, 0xFF,     0xFF, 0xB7, 0x0E, 0xFF,     0xFF, 0xB7, 0x0E, 0xFF,
    0xFF, 0xB6, 0x0E, 0xFF,     0xFF, 0xB6, 0x0D, 0xFF,     0xFF, 0xB6, 0x0D, 0xFF,     0xFF, 0xB5, 0x0D, 0xFF,
    0xFF, 0xB5, 0x0D, 0xFF,     0xFF, 0xB4, 0x0D, 0xFF,     0xFF, 0xB4, 0x0D, 0xFF,     0xFF, 0xB3, 0x0D, 0xFF,
    0xFF, 0xB3, 0x0C, 0xFF,     0xFF, 0xB2, 0x0C, 0xFF,     0xFF, 0xB2, 0x0C, 0xFF,     0xFF, 0xB1, 0x0C, 0xFF,
    0xFF, 0xB1, 0x0C, 0xFF,     0xFF, 0xB1, 0x0C, 0xFF,     0xFF, 0xB0, 0x0C, 0xFF,     0xFF, 0xB0, 0x0B, 0xFF,
    0xFF, 0xAF, 0x0B, 0xFF,     0xFF, 0xAF, 0x0B, 0xFF,     0xFF, 0xAE, 0x0B, 0xFF,     0xFF, 0xAE, 0x0B, 0xFF,
    0xFF, 0xAD, 0x0B, 0xFF,     0xFF, 0xAD, 0x0A, 0xFF,     0xFF, 0xAC, 0x0A, 0xFF,     0xFF, 0xAC, 0x0A, 0xFF,
    0xFF, 0xAC, 0x0A, 0xFF,     0xFF, 0xAB, 0x0A, 0xFF,     0xFF, 0xAB, 0x0A, 0xFF,     0xFF, 0xAA, 0x0A, 0xFF,
    0xFF, 0xAA, 0x09, 0xFF,     0xFF, 0xA9, 0x09, 0xFF,     0xFF, 0xA9, 0x09, 0xFF,     0xFF, 0xA8, 0x09, 0xFF,
    0xFF, 0xA8, 0x09, 0xFF,     0xFF, 0xA8, 0x09, 0xFF,     0xFF, 0xA7, 0x09, 0xFF,     0xFF, 0xA7, 0x08, 0xFF,
    0xFF, 0xA6, 0x08, 0xFF,     0xFF, 0xA6, 0x08, 0xFF,     0xFF, 0xA5, 0x08, 0xFF,     0xFF, 0xA5, 0x08, 0xFF,
    0xFF, 0xA4, 0x08, 0xFF,     0xFF, 0xA4, 0x07, 0xFF,     0xFF, 0xA3, 0x07, 0xFF,     0xFF, 0xA3, 0x07, 0xFF,
    0xFF, 0xA3, 0x07, 0xFF,     0xFF, 0xA2, 0x07, 0xFF,     0xFF, 0xA2, 0x07, 0xFF,     0xFF, 0xA1, 0x07, 0xFF,
    0xFF, 0xA1, 0x06, 0xFF,     0xFF, 0xA0, 0x06, 0xFF,     0xFF, 0xA0, 0x06, 0xFF,     0xFF, 0x9F, 0x06, 0xFF,
    0xFF, 0x9F, 0x06, 0xFF,     0xFF, 0x9E, 0x06, 0xFF,     0xFF, 0x9E, 0x06, 0xFF,     0xFF, 0x9E, 0x05, 0xFF,
    0xFF, 0x9D, 0x05, 0xFF,     0xFF, 0x9D, 0x05, 0xFF,     0xFF, 0x9C, 0x05, 0xFF,     0xFF, 0x9C, 0x05, 0xFF,
    0xFF, 0x9B, 0x05, 0xFF,     0xFF, 0x9B, 0x05, 0xFF,     0xFF, 0x9A, 0x04, 0xFF,     0xFF, 0x9A, 0x04, 0xFF,
    0xFF, 0x99, 0x04, 0xFF,     0xFF, 0x99, 0x04, 0xFF,     0xFF, 0x99, 0x04, 0xFF,     0xFF, 0x98, 0x04, 0xFF,
    0xFF, 0x98, 0x03, 0xFF,     0xFF, 0x97, 0x03, 0xFF,     0xFF, 0x97, 0x03, 0xFF,     0xFF, 0x96, 0x03, 0xFF,
    0xFF, 0x96, 0x03, 0xFF,     0xFF, 0x95, 0x03, 0xFF,     0xFF, 0x95, 0x03, 0xFF,     0xFF, 0x94, 0x02, 0xFF,
    0xFF, 0x94, 0x02, 0xFF,     0xFF, 0x94, 0x02, 0xFF,     0xFF, 0x93, 0x02, 0xFF,     0xFF, 0x93, 0x02, 0xFF,
    0xFF, 0x92, 0x02, 0xFF,     0xFF, 0x92, 0x02, 0xFF,     0xFF, 0x91, 0x01, 0xFF,     0xFF, 0x91, 0x01, 0xFF,
    0xFF, 0x90, 0x01, 0xFF,     0xFF, 0x90, 0x01, 0xFF,     0xFF, 0x8F, 0x01, 0xFF,     0xFF, 0x8F, 0x01, 0xFF,
    0xFF, 0x8F, 0x01, 0xFF,     0xFF, 0x8E, 0x00, 0xFF,     0xFF, 0x8E, 0x00, 0xFF,     0xFF, 0x8D, 0x00, 0xFF,
    0xFF, 0xC7, 0x13, 0xFF,     0xFF, 0xC6, 0x13, 0xFF,     0xFF, 0xC6, 0x13, 0xFF,     0xFF, 0xC5, 0x12, 0xFF,
    0xFF, 0xC5, 0x12, 0xFF,     0xFF, 0xC5, 0x12, 0xFF,     0xFF, 0xC4, 0x12, 0xFF,     0xFF, 0xC4, 0x12, 0xFF,
    0xFF, 0xC3, 0x12, 0xFF,     0xFF, 0xC3, 0x12, 0xFF,     0xFF, 0xC2, 0x11, 0xFF,     0xFF, 0xC2, 0x11, 0xFF,
    0xFF, 0xC1, 0x11, 0xFF,     0xFF, 0xC1, 0x11, 0xFF,     0xFF, 0xC0, 0x11, 0xFF,     0xFF, 0xC0, 0x11, 0xFF,
    0xFF, 0xC0, 0x11, 0xFF,     0xFF, 0xBF, 0x10, 0xFF,     0xFF, 0xBF, 0x10, 0xFF,     0xFF, 0xBE, 0x10, 0xFF,
    0xFF, 0xBE, 0x10, 0xFF,     0xFF, 0xBD, 0x10, 0xFF,     0xFF, 0xBD, 0x10, 0xFF,     0xFF, 0xBC, 0x10, 0xFF,
    0xFF, 0xBC, 0x0F, 0xFF,     0xFF, 0xBB, 0x0F, 0xFF,     0xFF, 0xBB, 0x0F, 0xFF,     0xFF, 0xBB, 0x0F, 0xFF,
    0xFF, 0xBA, 0x0F, 0xFF,     0xFF, 0xBA, 0x0F, 0xFF,     0xFF, 0xB9, 0x0E, 0xFF,     0xFF, 0xB9, 0x0E, 0xFF,
    0xFF, 0xB8, 0x0E, 0xFF,     0xFF, 0xB8, 0x0E, 0xFF,     0xFF, 0xB7, 0x0E, 0xFF,     0xFF, 0xB7, 0x0E, 0xFF,
    0xFF, 0xB6, 0x0E, 0xFF,     0xFF, 0xB6, 0x0D, 0xFF,     0xFF, 0xB6, 0x0D, 0xFF,     0xFF, 0xB5, 0x0D, 0xFF,
    0xFF, 0xB5, 0x0D, 0xFF,     0xFF, 0xB4, 0x0D, 0xFF,     0xFF, 0xB4, 0x0D, 0xFF,     0xFF, 0xB3, 0x0D, 0xFF,
    0xFF, 0xB3, 0x0C, 0xFF,     0xFF, 0xB2, 0x0C, 0xFF,     0xFF, 0xB2, 0x0C, 0xFF,     0xFF, 0xB1, 0x0C, 0xFF,
    0xFF, 0xB1, 0x0C, 0xFF,     0xFF, 0xB1, 0x0C, 0xFF,     0xFF, 0xB0, 0x0C, 0xFF,     0xFF, 0xB0, 0x0B, 0xFF,
    0xFF, 0xAF, 0x0B, 0xFF,     0xFF, 0xAF, 0x0B, 0xFF,     0xFF, 0xAE, 0x0B, 0xFF,     0xFF, 0xAE, 0x0B, 0xFF,
    0xFF, 0xAD, 0x0B, 0xFF,     0xFF, 0xAD, 0x0A, 0xFF,     0xFF, 0xAC, 0x0A, 0xFF,     0xFF, 0xAC, 0x0A, 0xFF,
    0xFF, 0xAC, 0x0A, 0xFF,     0xFF, 0xAB, 0x0A, 0xFF,     0xFF, 0xAB, 0x0A, 0xFF,     0xFF, 0xAA, 0x0A, 0xFF,
    0xFF, 0xAA, 0x09, 0xFF,     0xFF, 0xA9, 0x09, 0xFF,     0xFF, 0xA9, 0x09, 0xFF,     0xFF, 0xA8, 0x09, 0xFF,
    0xFF, 0xA8, 0x09, 0xFF,     0xFF, 0xA8, 0x09, 0xFF,     0xFF, 0xA7, 0x09, 0xFF,     0xFF, 0xA7, 0x08, 0xFF,
    0xFF, 0xA6, 0x08, 0xFF,     0xFF, 0xA6, 0x08, 0xFF,     0xFF, 0xA5, 0x08, 0xFF,     0xFF, 0xA5, 0x08, 0xFF,
    0xFF, 0xA4, 0x08, 0xFF,     0xFF, 0xA4, 0x07, 0xFF,     0xFF, 0xA3, 0x07, 0xFF,     0xFF, 0xA3, 0x07, 0xFF,
    0xFF, 0xA3, 0x07, 0xFF,     0xFF, 0xA2, 0x07, 0xFF,     0xFF, 0xA2, 0x07, 0xFF,     0xFF, 0xA1, 0x07, 0xFF,
    0xFF, 0xA1, 0x06, 0xFF,     0xFF, 0xA0, 0x06, 0xFF,     0xFF, 0xA0, 0x06, 0xFF,     0xFF, 0x9F, 0x06, 0xFF,
    0xFF, 0x9F, 0x06, 0xFF,     0xFF, 0x9E, 0x06, 0xFF,     0xFF, 0x9E, 0x06, 0xFF,     0xFF, 0x9E, 0x05, 0xFF,
    0xFF, 0x9D, 0x05, 0xFF,     0xFF, 0x9D, 0x05, 0xFF,     0xFF, 0x9C, 0x05, 0xFF,     0xFF, 0x9C, 0x05, 0xFF,
    0xFF, 0x9B, 0x05, 0xFF,     0xFF, 0x9B, 0x05, 0xFF,     0xFF, 0x9A, 0x04, 0xFF,     0xFF, 0x9A, 0x04, 0xFF,
    0xFF, 0x99, 0x04, 0xFF,     0xFF, 0x99, 0x04, 0xFF,     0xFF, 0x99, 0x04, 0xFF,     0xFF, 0x98, 0x04, 0xFF,
    0xFF, 0x98, 0x03, 0xFF,     0xFF, 0x97, 0x03, 0xFF,     0xFF, 0x97, 0x03, 0xFF,     0xFF, 0x96, 0x03, 0xFF,
    0xFF, 0x96, 0x03, 0xFF,     0xFF, 0x95, 0x03, 0xFF,     0xFF, 0x95, 0x03, 0xFF,     0xFF, 0x94, 0x02, 0xFF,
    0xFF, 0x94, 0x02, 0xFF,     0xFF, 0x94, 0x02, 0xFF,     0xFF, 0x93, 0x02, 0xFF,     0xFF, 0x93, 0x02, 0xFF,
    0xFF, 0x92, 0x02, 0xFF,     0xFF, 0x92, 0x02, 0xFF,     0xFF, 0x91, 0x01, 0xFF,     0xFF, 0x91, 0x01, 0xFF,
    0xFF, 0x90, 0x01, 0xFF,     0xFF, 0x90, 0x01, 0xFF,     0xFF, 0x8F, 0x01, 0xFF,     0xFF, 0x8F, 0x01, 0xFF,
    0xFF, 0x8F, 0x01, 0xFF,     0xFF, 0x8E, 0x00, 0xFF,     0xFF, 0x8E, 0x00, 0xFF,     0xFF, 0x8D, 0x00, 0xFF,
    0xFF, 0xC7, 0x13, 0xFF,     0xFF, 0xC6, 0x13, 0xFF,     0xFF, 0xC6, 0x13, 0xFF,     0xFF, 0xC5, 0x12, 0xFF,
    0xFF, 0xC5, 0x12, 0xFF,     0xFF, 0xC5, 0x12, 0xFF,     0xFF, 0xC4, 0x12, 0xFF,     0xFF, 0xC4, 0x12, 0xFF,
    0xFF, 0xC3, 0x12, 0xFF,     0xFF, 0xC3, 0x12, 0xFF,     0xFF, 0xC2, 0x11, 0xFF,     0xFF, 0xC2, 0x11, 0xFF,
    0xFF, 0xC1, 0x11, 0xFF,     0xFF, 0xC1, 0x11, 0xFF,     0xFF, 0xC0, 0x11, 0xFF,     0xFF, 0xC0, 0x11, 0xFF,
    0xFF, 0xC0, 0x11, 0xFF,     0xFF, 0xBF, 0x10, 0xFF,     0xFF, 0xBF, 0x10, 0xFF,     0xFF, 0xBE, 0x10, 0xFF,
    0xFF, 0xBE, 0x10, 0xFF,     0xFF, 0xBD, 0x10, 0xFF,     0xFF, 0xBD, 0x10, 0xFF,     0xFF, 0xBC, 0x10, 0xFF,
    0xFF, 0xBC, 0x0F, 0xFF,     0xFF, 0xBB, 0x0F, 0xFF,     0xFF, 0xBB, 0x0F, 0xFF,     0xFF, 0xBB, 0x0F, 0xFF,
    0xFF, 0xBA, 0x0F, 0xFF,     0xFF, 0xBA, 0x0F, 0xFF,     0xFF, 0xB9, 0x0E, 0xFF,     0xFF, 0xB9, 0x0E, 0xFF,
    0xFF, 0xB8, 0x0E, 0xFF,     0xFF, 0xB8, 0x0E, 0xFF,     0xFF, 0xB7, 0x0E, 0xFF,     0xFF, 0xB7, 0x0E, 0xFF,
    0xFF, 0xB6, 0x0E, 0xFF,     0xFF, 0xB6, 0x0D, 0xFF,     0xFF, 0xB6, 0x0D, 0xFF,     0xFF, 0xB5, 0x0D, 0xFF,
    0xFF, 0xB5, 0x0D, 0xFF,     0xFF, 0xB4, 0x0D, 0xFF,     0xFF, 0xB4, 0x0D, 0xFF,     0xFF, 0xB3, 0x0D, 0xFF,
    0xFF, 0xB3, 0x0C, 0xFF,     0xFF, 0xB2, 0x0C, 0xFF,     0xFF, 0xB2, 0x0C, 0xFF,     0xFF, 0xB1, 0x0C, 0xFF,
    0xFF, 0xB1, 0x0C, 0xFF,     0xFF, 0xB1, 0x0C, 0xFF,     0xFF, 0xB0, 0x0C, 0xFF,     0xFF, 0xB0, 0x0B, 0xFF,
    0xFF, 0xAF, 0x0B, 0xFF,     0xFF, 0xAF, 0x0B, 0xFF,     0xFF, 0xAE, 0x0B, 0xFF,     0xFF, 0xAE, 0x0B, 0xFF,
    0xFF, 0xAD, 0x0B, 0xFF,     0xFF, 0xAD, 0x0A, 0xFF,     0xFF, 0xAC, 0x0A, 0xFF,     0xFF, 0xAC, 0x0A, 0xFF,
    0xFF, 0xAC, 0x0A, 0xFF,     0xFF, 0xAB, 0x0A, 0xFF,     0xFF, 0xAB, 0x0A, 0xFF,     0xFF, 0xAA, 0x0A, 0xFF,
    0xFF, 0xAA, 0x09, 0xFF,     0xFF, 0xA9, 0x09, 0xFF,     0xFF, 0xA9, 0x09, 0xFF,     0xFF, 0xA8, 0x09, 0xFF,
    0xFF, 0xA8, 0x09, 0xFF,     0xFF, 0xA8, 0x09, 0xFF,     0xFF, 0xA7, 0x09, 0xFF,     0xFF, 0xA7, 0x08, 0xFF,
    0xFF, 0xA6, 0x08, 0xFF,     0xFF, 0xA6, 0x08, 0xFF,     0xFF, 0xA5, 0x08, 0xFF,     0xFF, 0xA5, 0x08, 0xFF,
    0xFF, 0xA4, 0x08, 0xFF,     0xFF, 0xA4, 0x07, 0xFF,     0xFF, 0xA3, 0x07, 0xFF,     0xFF, 0xA3, 0x07, 0xFF,
    0xFF, 0xA3, 0x07, 0xFF,     0xFF, 0xA2, 0x07, 0xFF,     0xFF, 0xA2, 0x07, 0xFF,     0xFF, 0xA1, 0x07, 0xFF,
    0xFF, 0xA1, 0x06, 0xFF,     0xFF, 0xA0, 0x06, 0xFF,     0xFF, 0xA0, 0x06, 0xFF,     0xFF, 0x9F, 0x06, 0xFF,
    0xFF, 0x9F, 0x06, 0xFF,     0xFF, 0x9E, 0x06, 0xFF,     0xFF, 0x9E, 0x06, 0xFF,     0xFF, 0x9E, 0x05, 0xFF,
    0xFF, 0x9D, 0x05, 0xFF,     0xFF, 0x9D, 0x05, 0xFF,     0xFF, 0x9C, 0x05, 0xFF,     0xFF, 0x9C, 0x05, 0xFF,
    0xFF, 0x9B, 0x05, 0xFF,     0xFF, 0x9B, 0x05, 0xFF,     0xFF, 0x9A, 0x04, 0xFF,     0xFF, 0x9A, 0x04, 0xFF,
    0xFF, 0x99, 0x04, 0xFF,     0xFF, 0x99, 0x04, 0xFF,     0xFF, 0x99, 0x04, 0xFF,     0xFF, 0x98, 0x04, 0xFF,
    0xFF, 0x98, 0x03, 0xFF,     0xFF, 0x97, 0x03, 0xFF,     0xFF, 0x97, 0x03, 0xFF,     0xFF, 0x96, 0x03, 0xFF,
    0xFF, 0x96, 0x03, 0xFF,     0xFF, 0x95, 0x03, 0xFF,     0xFF, 0x95, 0x03, 0xFF,     0xFF, 0x94, 0x02, 0xFF,
    0xFF, 0x94, 0x02, 0xFF,     0xFF, 0x94, 0x02, 0xFF,     0xFF, 0x93, 0x02, 0xFF,     0xFF, 0x93, 0x02, 0xFF,
    0xFF, 0x92, 0x02, 0xFF,     0xFF, 0x92, 0x02, 0xFF,     0xFF, 0x91, 0x01, 0xFF,     0xFF, 0x91, 0x01, 0xFF,
    0xFF, 0x90, 0x01, 0xFF,     0xFF, 0x90, 0x01, 0xFF,     0xFF, 0x8F, 0x01, 0xFF,     0xFF, 0x8F, 0x01, 0xFF,
    0xFF, 0x8F, 0x01, 0xFF,     0xFF, 0x8E, 0x00, 0xFF,     0xFF, 0x8E, 0x00, 0xFF,     0xFF, 0x8D, 0x00, 0xFF,
    0xFF, 0xC7, 0x13, 0xFF,     0xFF, 0xC6, 0x13, 0xFF,     0xFF, 0xC6, 0x13, 0xFF,     0xFF, 0xC5, 0x12, 0xFF,
    0xFF, 0xC5, 0x12, 0xFF,     0xFF, 0xC5, 0x12, 0xFF,     0xFF, 0xC4, 0x12, 0xFF,     0xFF, 0xC4, 0x12, 0xFF,
    0xFF, 0xC3, 0x12, 0xFF,     0xFF, 0xC3, 0x12, 0xFF,     0xFF, 0xC2, 0x11, 0xFF,     0xFF, 0xC2, 0x11, 0xFF,
    0xFF, 0xC1, 0x11, 0xFF,     0xFF, 0xC1, 0x11, 0xFF,     0xFF, 0xC0, 0x11, 0xFF,     0xFF, 0xC0, 0x11, 0xFF,
    0xFF, 0xC0, 0x11, 0xFF,     0xFF, 0xBF, 0x10, 0xFF,     0xFF, 0xBF, 0x10, 0xFF,     0xFF, 0xBE, 0x10, 0xFF,
    0xFF, 0xBE, 0x10, 0xFF,     0xFF, 0xBD, 0x10, 0xFF,     0xFF, 0xBD, 0x10, 0xFF,     0xFF, 0xBC, 0x10, 0xFF,
    0xFF, 0xBC, 0x0F, 0xFF,     0xFF, 0xBB, 0x0F, 0xFF,     0xFF, 0xBB, 0x0F, 0xFF,     0xFF, 0xBB, 0x0F, 0xFF,
    0xFF, 0xBA, 0x0F, 0xFF,     0xFF, 0xBA, 0x0F, 0xFF,     0xFF, 0xB9, 0x0E, 0xFF,     0xFF, 0xB9, 0x0E, 0xFF,
    0xFF, 0xB8, 0x0E, 0xFF,     0xFF, 0xB8, 0x0E, 0xFF,     0xFF, 0xB7, 0x0E, 0xFF,     0xFF, 0xB7, 0x0E, 0xFF,
    0xFF, 0xB6, 0x0E, 0xFF,     0xFF, 0xB6, 0x0D, 0xFF,     0xFF, 0xB6, 0x0D, 0xFF,     0xFF, 0xB5, 0x0D, 0xFF,
    0xFF, 0xB5, 0x0D, 0xFF,     0xFF, 0xB4, 0x0D, 0xFF,     0xFF, 0xB4, 0x0D, 0xFF,     0xFF, 0xB3, 0x0D, 0xFF,
    0xFF, 0xB3, 0x0C, 0xFF,     0xFF, 0xB2, 0x0C, 0xFF,     0xFF, 0xB2, 0x0C, 0xFF,     0xFF, 0xB1, 0x0C, 0xFF,
    0xFF, 0xB1, 0x0C, 0xFF,     0xFF, 0xB1, 0x0C, 0xFF,     0xFF, 0xB0, 0x0C, 0xFF,     0xFF, 0xB0, 0x0B, 0xFF,
    0xFF, 0xAF, 0x0B, 0xFF,     0xFF, 0xAF, 0x0B, 0xFF,     0xFF, 0xAE, 0x0B, 0xFF,     0xFF, 0xAE, 0x0B, 0xFF,
    0xFF, 0xAD, 0x0B, 0xFF,     0xFF, 0xAD, 0x0A, 0xFF,     0xFF, 0xAC, 0x0A, 0xFF,     0xFF, 0xAC, 0x0A, 0xFF,
    0xFF, 0xAC, 0x0A, 0xFF,     0xFF, 0xAB, 0x0A, 0xFF,     0xFF, 0xAB, 0x0A, 0xFF,     0xFF, 0xAA, 0x0A, 0xFF,
    0xFF, 0xAA, 0x09, 0xFF,     0xFF, 0xA9, 0x09, 0xFF,     0xFF, 0xA9, 0x09, 0xFF,     0xFF, 0xA8, 0x09, 0xFF,
    0xFF, 0xA8, 0x09, 0xFF,     0xFF, 0xA8, 0x09, 0xFF,     0xFF, 0xA7, 0x09, 0xFF,     0xFF, 0xA7, 0x08, 0xFF,
    0xFF, 0xA6, 0x08, 0xFF,     0xFF, 0xA6, 0x08, 0xFF,     0xFF, 0xA5, 0x08, 0xFF,     0xFF, 0xA5, 0x08, 0xFF,
    0xFF, 0xA4, 0x08, 0xFF,     0xFF, 0xA4, 0x07, 0xFF,     0xFF, 0xA3, 0x07, 0xFF,     0xFF, 0xA3, 0x07, 0xFF,
    0xFF, 0xA3, 0x07, 0xFF,     0xFF, 0xA2, 0x07, 0xFF,     0xFF, 0xA2, 0x07, 0xFF,     0xFF, 0xA1, 0x07, 0xFF,
    0xFF, 0xA1, 0x06, 0xFF,     0xFF, 0xA0, 0x06, 0xFF,     0xFF, 0xA0, 0x06, 0xFF,     0xFF, 0x9F, 0x06, 0xFF,
    0xFF, 0x9F, 0x06, 0xFF,     0xFF, 0x9E, 0x06, 0xFF,     0xFF, 0x9E, 0x06, 0xFF,     0xFF, 0x9E, 0x05, 0xFF,
    0xFF, 0x9D, 0x05, 0xFF,     0xFF, 0x9D, 0x05, 0xFF,     0xFF, 0x9C, 0x05, 0xFF,     0xFF, 0x9C, 0x05, 0xFF,
    0xFF, 0x9B, 0x05, 0xFF,     0xFF, 0x9B, 0x05, 0xFF,     0xFF, 0x9A, 0x04, 0xFF,     0xFF, 0x9A, 0x04, 0xFF,
    0xFF, 0x99, 0x04, 0xFF,     0xFF, 0x99, 0x04, 0xFF,     0xFF, 0x99, 0x04, 0xFF,     0xFF, 0x98, 0x04, 0xFF,
    0xFF, 0x98, 0x03, 0xFF,     0xFF, 0x97, 0x03, 0xFF,     0xFF, 0x97, 0x03, 0xFF,     0xFF, 0x96, 0x03, 0xFF,
    0xFF, 0x96, 0x03, 0xFF,     0xFF, 0x95, 0x03, 0xFF,     0xFF, 0x95, 0x03, 0xFF,     0xFF, 0x94, 0x02, 0xFF,
    0xFF, 0x94, 0x02, 0xFF,     0xFF, 0x94, 0x02, 0xFF,     0xFF, 0x93, 0x02, 0xFF,     0xFF, 0x93, 0x02, 0xFF,
    0xFF, 0x92, 0x02, 0xFF,     0xFF, 0x92, 0x02, 0xFF,     0xFF, 0x91, 0x01, 0xFF,     0xFF, 0x91, 0x01, 0xFF,
    0xFF, 0x90, 0x01, 0xFF,     0xFF, 0x90, 0x01, 0xFF,     0xFF, 0x8F, 0x01, 0xFF,     0xFF, 0x8F, 0x01, 0xFF,
    0xFF, 0x8F, 0x01, 0xFF,     0xFF, 0x8E, 0x00, 0xFF,     0xFF, 0x8E, 0x00, 0xFF,     0xFF, 0x8D, 0x00, 0xFF,
    0xFF, 0xC7, 0x13, 0xFF,     0xFF, 0xC6, 0x13, 0xFF,     0xFF, 0xC6, 0x13, 0xFF,     0xFF, 0xC5, 0x12, 0xFF,
    0xFF, 0xC5, 0x12, 0xFF,     0xFF, 0xC5, 0x12, 0xFF,     0xFF, 0xC4, 0x12, 0xFF,     0xFF, 0xC4, 0x12, 0xFF,
    0xFF, 0xC3, 0x12, 0xFF,     0xFF, 0xC3, 0x12, 0xFF,     0xFF, 0xC2, 0x11, 0xFF,     0xFF, 0xC2, 0x11, 0xFF,
    0xFF, 0xC1, 0x11, 0xFF,     0xFF, 0xC1, 0x11, 0xFF,     0xFF, 0xC0, 0x11, 0xFF,     0xFF, 0xC0, 0x11, 0xFF,
    0xFF, 0xC0, 0x11, 0xFF,     0xFF, 0xBF, 0x10, 0xFF,     0xFF, 0xBF, 0x10, 0xFF,     0xFF, 0xBE, 0x10, 0xFF,
    0xFF, 0xBE, 0x10, 0xFF,     0xFF, 0xBD, 0x10, 0xFF,     0xFF, 0xBD, 0x10, 0xFF,     0xFF, 0xBC, 0x10, 0xFF,
    0xFF, 0xBC, 0x0F, 0xFF,     0xFF, 0xBB, 0x0F, 0xFF,     0xFF, 0xBB, 0x0F, 0xFF,     0xFF, 0xBB, 0x0F, 0xFF,
    0xFF, 0xBA, 0x0F, 0xFF,     0xFF, 0xBA, 0x0F, 0xFF,     0xFF, 0xB9, 0x0E, 0xFF,     0xFF, 0xB9, 0x0E, 0xFF,
    0xFF, 0xB8, 0x0E, 0xFF,     0xFF, 0xB8, 0x0E, 0xFF,     0xFF, 0xB7, 0x0E, 0xFF,     0xFF, 0xB7, 0x0E, 0xFF,
    0xFF, 0xB6, 0x0E, 0xFF,     0xFF, 0xB6, 0x0D, 0xFF,     0xFF, 0xB6, 0x0D, 0xFF,     0xFF, 0xB5, 0x0D, 0xFF,
    0xFF, 0xB5, 0x0D, 0xFF,     0xFF, 0xB4, 0x0D, 0xFF,     0xFF, 0xB4, 0x0D, 0xFF,     0xFF, 0xB3, 0x0D, 0xFF,
    0xFF, 0xB3, 0x0C, 0xFF,     0xFF, 0xB2, 0x0C, 0xFF,     0xFF, 0xB2, 0x0C, 0xFF,     0xFF, 0xB1, 0x0C, 0xFF,
    0xFF, 0xB1, 0x0C, 0xFF,     0xFF, 0xB1, 0x0C, 0xFF,     0xFF, 0xB0, 0x0C, 0xFF,     0xFF, 0xB0, 0x0B, 0xFF,
    0xFF, 0xAF, 0x0B, 0xFF,     0xFF, 0xAF, 0x0B, 0xFF,     0xFF, 0xAE, 0x0B, 0xFF,     0xFF, 0xAE, 0x0B, 0xFF,
    0xFF, 0xAD, 0x0B, 0xFF,     0xFF, 0xAD, 0x0A, 0xFF,     0xFF, 0xAC, 0x0A, 0xFF,     0xFF, 0xAC, 0x0A, 0xFF,
    0xFF, 0xAC, 0x0A, 0xFF,     0xFF, 0xAB, 0x0A, 0xFF,     0xFF, 0xAB, 0x0A, 0xFF,     0xFF, 0xAA, 0x0A, 0xFF,
    0xFF, 0xAA, 0x09, 0xFF,     0xFF, 0xA9, 0x09, 0xFF,     0xFF, 0xA9, 0x09, 0xFF,     0xFF, 0xA8, 0x09, 0xFF,
    0xFF, 0xA8, 0x09, 0xFF,     0xFF, 0xA8, 0x09, 0xFF,     0xFF, 0xA7, 0x09, 0xFF,     0xFF, 0xA7, 0x08, 0xFF,
    0xFF, 0xA6, 0x08, 0xFF,     0xFF, 0xA6, 0x08, 0xFF,     0xFF, 0xA5, 0x08, 0xFF,     0xFF, 0xA5, 0x08, 0xFF,
    0xFF, 0xA4, 0x08, 0xFF,     0xFF, 0xA4, 0x07, 0xFF,     0xFF, 0xA3, 0x07, 0xFF,     0xFF, 0xA3, 0x07, 0xFF,
    0xFF, 0xA3, 0x07, 0xFF,     0xFF, 0xA2, 0x07, 0xFF,     0xFF, 0xA2, 0x07, 0xFF,     0xFF, 0xA1, 0x07, 0xFF,
    0xFF, 0xA1, 0x06, 0xFF,     0xFF, 0xA0, 0x06, 0xFF,     0xFF, 0xA0, 0x06, 0xFF,     0xFF, 0x9F, 0x06, 0xFF,
    0xFF, 0x9F, 0x06, 0xFF,     0xFF, 0x9E, 0x06, 0xFF,     0xFF, 0x9E, 0x06, 0xFF,     0xFF, 0x9E, 0x05, 0xFF,
    0xFF, 0x9D, 0x05, 0xFF,     0xFF, 0x9D, 0x05, 0xFF,     0xFF, 0x9C, 0x05, 0xFF,     0xFF, 0x9C, 0x05, 0xFF,
    0xFF, 0x9B, 0x05, 0xFF,     0xFF, 0x9B, 0x05, 0xFF,     0xFF, 0x9A, 0x04, 0xFF,     0xFF, 0x9A, 0x04, 0xFF,
    0xFF, 0x99, 0x04, 0xFF,     0xFF, 0x99, 0x04, 0xFF,     0xFF, 0x99, 0x04, 0xFF,     0xFF, 0x98, 0x04, 0xFF,
    0xFF, 0x98, 0x03, 0xFF,     0xFF, 0x97, 0x03, 0xFF,     0xFF, 0x97, 0x03, 0xFF,     0xFF, 0x96, 0x03, 0xFF,
    0xFF, 0x96, 0x03, 0xFF,     0xFF, 0x95, 0x03, 0xFF,     0xFF, 0x95, 0x03, 0xFF,     0xFF, 0x94, 0x02, 0xFF,
    0xFF, 0x94, 0x02, 0xFF,     0xFF, 0x94, 0x02, 0xFF,     0xFF, 0x93, 0x02, 0xFF,     0xFF, 0x93, 0x02, 0xFF,
    0xFF, 0x92, 0x02, 0xFF,     0xFF, 0x92, 0x02, 0xFF,     0xFF, 0x91, 0x01, 0xFF,     0xFF, 0x91, 0x01, 0xFF,
    0xFF, 0x90, 0x01, 0xFF,     0xFF, 0x90, 0x01, 0xFF,     0xFF, 0x8F, 0x01, 0xFF,     0xFF, 0x8F, 0x01, 0xFF,
    0xFF, 0x8F, 0x01, 0xFF,     0xFF, 0x8E, 0x00, 0xFF,     0xFF, 0x8E, 0x00, 0xFF,     0xFF, 0x8D, 0x00, 0xFF,
    0xFF, 0xC7, 0x13, 0xFF,     0xFF, 0xC6, 0x13, 0xFF,     0xFF, 0xC6, 0x13, 0xFF,     0xFF, 0xC5, 0x12, 0xFF,
    0xFF, 0xC5, 0x12, 0xFF,     0xFF, 0xC5, 0x12, 0xFF,     0xFF, 0xC4, 0x12, 0xFF,     0xFF, 0xC4, 0x12, 0xFF,
    0xFF, 0xC3, 0x12, 0xFF,     0xFF, 0xC3, 0x12, 0xFF,     0xFF, 0xC2, 0x11, 0xFF,     0xFF, 0xC2, 0x11, 0xFF,
    0xFF, 0xC1, 0x11, 0xFF,     0xFF, 0xC1, 0x11, 0xFF,     0xFF, 0xC0, 0x11, 0xFF,     0xFF, 0xC0, 0x11, 0xFF,
    0xFF, 0xC0, 0x11, 0xFF,     0xFF, 0xBF, 0x10, 0xFF,     0xFF, 0xBF, 0x10, 0xFF,     0xFF, 0xBE, 0x10, 0xFF,
    0xFF, 0xBE, 0x10, 0xFF,     0xFF, 0xBD, 0x10, 0xFF,     0xFF, 0xBD, 0x10, 0xFF,     0xFF, 0xBC, 0x10, 0xFF,
    0xFF, 0xBC, 0x0F, 0xFF,     0xFF, 0xBB, 0x0F, 0xFF,     0xFF, 0xBB, 0x0F, 0xFF,     0xFF, 0xBB, 0x0F, 0xFF,
    0xFF, 0xBA, 0x0F, 0xFF,     0xFF, 0xBA, 0x0F, 0xFF,     0xFF, 0xB9, 0x0E, 0xFF,     0xFF, 0xB9, 0x0E, 0xFF,
    0xFF, 0xB8, 0x0E, 0xFF,     0xFF, 0xB8, 0x0E, 0xFF,     0xFF, 0xB7, 0x0E, 0xFF,     0xFF, 0xB7, 0x0E, 0xFF,
    0xFF, 0xB6, 0x0E, 0xFF,     0xFF, 0xB6, 0x0D, 0xFF,     0xFF, 0xB6, 0x0D, 0xFF,     0xFF, 0xB5, 0x0D, 0xFF,
    0xFF, 0xB5, 0x0D, 0xFF,     0xFF, 0xB4, 0x0D, 0xFF,     0xFF, 0xB4, 0x0D, 0xFF,     0xFF, 0xB3, 0x0D, 0xFF,
    0xFF, 0xB3, 0x0C, 0xFF,     0xFF, 0xB2, 0x0C, 0xFF,     0xFF, 0xB2, 0x0C, 0xFF,     0xFF, 0xB1, 0x0C, 0xFF,
    0xFF, 0xB1, 0x0C, 0xFF,     0xFF, 0xB1, 0x0C, 0xFF,     0xFF, 0xB0, 0x0C, 0xFF,     0xFF, 0xB0, 0x0B, 0xFF,
    0xFF, 0xAF, 0x0B, 0xFF,     0xFF, 0xAF, 0x0B, 0xFF,     0xFF, 0xAE, 0x0B, 0xFF,     0xFF, 0xAE, 0x0B, 0xFF,
    0xFF, 0xAD, 0x0B, 0xFF,     0xFF, 0xAD, 0x0A, 0xFF,     0xFF, 0xAC, 0x0A, 0xFF,     0xFF, 0xAC, 0x0A, 0xFF,
    0xFF, 0xAC, 0x0A, 0xFF,     0xFF, 0xAB, 0x0A, 0xFF,     0xFF, 0xAB, 0x0A, 0xFF,     0xFF, 0xAA, 0x0A, 0xFF,
    0xFF, 0xAA, 0x09, 0xFF,     0xFF, 0xA9, 0x09, 0xFF,     0xFF, 0xA9, 0x09, 0xFF,     0xFF, 0xA8, 0x09, 0xFF,
    0xFF, 0xA8, 0x09, 0xFF,     0xFF, 0xA8, 0x09, 0xFF,     0xFF, 0xA7, 0x09, 0xFF,     0xFF, 0xA7, 0x08, 0xFF,
    0xFF, 0xA6, 0x08, 0xFF,     0xFF, 0xA6, 0x08, 0xFF,     0xFF, 0xA5, 0x08, 0xFF,     0xFF, 0xA5, 0x08, 0xFF,
    0xFF, 0xA4, 0x08, 0xFF,     0xFF, 0xA4, 0x07, 0xFF,     0xFF, 0xA3, 0x07, 0xFF,     0xFF, 0xA3, 0x07, 0xFF,
    0xFF, 0xA3, 0x07, 0xFF,     0xFF, 0xA2, 0x07, 0xFF,     0xFF, 0xA2, 0x07, 0xFF,     0xFF, 0xA1, 0x07, 0xFF,
    0xFF, 0xA1, 0x06, 0xFF,     0xFF, 0xA0, 0x06, 0xFF,     0xFF, 0xA0, 0x06, 0xFF,     0xFF, 0x9F, 0x06, 0xFF,
    0xFF, 0x9F, 0x06, 0xFF,     0xFF, 0x9E, 0x06, 0xFF,     0xFF, 0x9E, 0x06, 0xFF,     0xFF, 0x9E, 0x05, 0xFF,
    0xFF, 0x9D, 0x05, 0xFF,     0xFF, 0x9D, 0x05, 0xFF,     0xFF, 0x9C, 0x05, 0xFF,     0xFF, 0x9C, 0x05, 0xFF,
    0xFF, 0x9B, 0x05, 0xFF,     0xFF, 0x9B, 0x05, 0xFF,     0xFF, 0x9A, 0x04, 0xFF,     0xFF, 0x9A, 0x04, 0xFF,
    0xFF, 0x99, 0x04, 0xFF,     0xFF, 0x99, 0x04, 0xFF,     0xFF, 0x99, 0x04, 0xFF,     0xFF, 0x98, 0x04, 0xFF,
    0xFF, 0x98, 0x03, 0xFF,     0xFF, 0x97, 0x03, 0xFF,     0xFF, 0x97, 0x03, 0xFF,     0xFF, 0x96, 0x03, 0xFF,
    0xFF, 0x96, 0x03, 0xFF,     0xFF, 0x95, 0x03, 0xFF,     0xFF, 0x95, 0x03, 0xFF,     0xFF, 0x94, 0x02, 0xFF,
    0xFF, 0x94, 0x02, 0xFF,     0xFF, 0x94, 0x02, 0xFF,     0xFF, 0x93, 0x02, 0xFF,     0xFF, 0x93, 0x02, 0xFF,
    0xFF, 0x92, 0x02, 0xFF,     0xFF, 0x92, 0x02, 0xFF,     0xFF, 0x91, 0x01, 0xFF,     0xFF, 0x91, 0x01, 0xFF,
    0xFF, 0x90, 0x01, 0xFF,     0xFF, 0x90, 0x01, 0xFF,     0xFF, 0x8F, 0x01, 0xFF,     0xFF, 0x8F, 0x01, 0xFF,
    0xFF, 0x8F, 0x01, 0xFF,     0xFF, 0x8E, 0x00, 0xFF,     0xFF, 0x8E, 0x00, 0xFF,     0xFF, 0x8D, 0x00, 0xFF,
    0xFF, 0xC7, 0x13, 0xFF,     0xFF, 0xC6, 0x13, 0xFF,     0xFF, 0xC6, 0x13, 0xFF,     0xFF, 0xC5, 0x12, 0xFF,
    0xFF, 0xC5, 0x12, 0xFF,     0xFF, 0xC5, 0x12, 0xFF,     0xFF, 0xC4, 0x12, 0xFF,     0xFF, 0xC4, 0x12, 0xFF,
    0xFF, 0xC3, 0x12, 0xFF,     0xFF, 0xC3, 0x12, 0xFF,     0xFF, 0xC2, 0x11, 0xFF,     0xFF, 0xC2, 0x11, 0xFF,
    0xFF, 0xC1, 0x11, 0xFF,     0xFF, 0xC1, 0x11, 0xFF,     0xFF, 0xC0, 0x11, 0xFF,     0xFF, 0xC0, 0x11, 0xFF,
    0xFF, 0xC0, 0x11, 0xFF,     0xFF, 0xBF, 0x10, 0xFF,     0xFF, 0xBF, 0x10, 0xFF,     0xFF, 0xBE, 0x10, 0xFF,
    0xFF, 0xBE, 0x10, 0xFF,     0xFF, 0xBD, 0x10, 0xFF,     0xFF, 0xBD, 0x10, 0xFF,     0xFF, 0xBC, 0x10, 0xFF,
    0xFF, 0xBC, 0x0F, 0xFF,     0xFF, 0xBB, 0x0F, 0xFF,     0xFF, 0xBB, 0x0F, 0xFF,     0xFF, 0xBB, 0x0F, 0xFF,
    0xFF, 0xBA, 0x0F, 0xFF,     0xFF, 0xBA, 0x0F, 0xFF,     0xFF, 0xB9, 0x0E, 0xFF,     0xFF, 0xB9, 0x0E, 0xFF,
    0xFF, 0xB8, 0x0E, 0xFF,     0xFF, 0xB8, 0x0E, 0xFF,     0xFF, 0xB7, 0x0E, 0xFF,     0xFF, 0xB7, 0x0E, 0xFF,
    0xFF, 0xB6, 0x0E, 0xFF,     0xFF, 0xB6, 0x0D, 0xFF,     0xFF, 0xB6, 0x0D, 0xFF,     0xFF, 0xB5, 0x0D, 0xFF,
    0xFF, 0xB5, 0x0D, 0xFF,     0xFF, 0xB4, 0x0D, 0xFF,     0xFF, 0xB4, 0x0D, 0xFF,     0xFF, 0xB3, 0x0D, 0xFF,
    0xFF, 0xB3, 0x0C, 0xFF,     0xFF, 0xB2, 0x0C, 0xFF,     0xFF, 0xB2, 0x0C, 0xFF,     0xFF, 0xB1, 0x0C, 0xFF,
    0xFF, 0xB1, 0x0C, 0xFF,     0xFF, 0xB1, 0x0C, 0xFF,     0xFF, 0xB0, 0x0C, 0xFF,     0xFF, 0xB0, 0x0B, 0xFF,
    0xFF, 0xAF, 0x0B, 0xFF,     0xFF, 0xAF, 0x0B, 0xFF,     0xFF, 0xAE, 0x0B, 0xFF,     0xFF, 0xAE, 0x0B, 0xFF,
    0xFF, 0xAD, 0x0B, 0xFF,     0xFF, 0xAD, 0x0A, 0xFF,     0xFF, 0xAC, 0x0A, 0xFF,     0xFF, 0xAC, 0x0A, 0xFF,
    0xFF, 0xAC, 0x0A, 0xFF,     0xFF, 0xAB, 0x0A, 0xFF,     0xFF, 0xAB, 0x0A, 0xFF,     0xFF, 0xAA, 0x0A, 0xFF,
    0xFF, 0xAA, 0x09, 0xFF,     0xFF, 0xA9, 0x09, 0xFF,     0xFF, 0xA9, 0x09, 0xFF,     0xFF, 0xA8, 0x09, 0xFF,
    0xFF, 0xA8, 0x09, 0xFF,     0xFF, 0xA8, 0x09, 0xFF,     0xFF, 0xA7, 0x09, 0xFF,     0xFF, 0xA7, 0x08, 0xFF,
    0xFF, 0xA6, 0x08, 0xFF,     0xFF, 0xA6, 0x08, 0xFF,     0xFF, 0xA5, 0x08, 0xFF,     0xFF, 0xA5, 0x08, 0xFF,
    0xFF, 0xA4, 0x08, 0xFF,     0xFF, 0xA4, 0x07, 0xFF,     0xFF, 0xA3, 0x07, 0xFF,     0xFF, 0xA3, 0x07, 0xFF,
    0xFF, 0xA3, 0x07, 0xFF,     0xFF, 0xA2, 0x07, 0xFF,     0xFF, 0xA2, 0x07, 0xFF,     0xFF, 0xA1, 0x07, 0xFF,
    0xFF, 0xA1, 0x06, 0xFF,     0xFF, 0xA0, 0x06, 0xFF,     0xFF, 0xA0, 0x06, 0xFF,     0xFF, 0x9F, 0x06, 0xFF,
    0xFF, 0x9F, 0x06, 0xFF,     0xFF, 0x9E, 0x06, 0xFF,     0xFF, 0x9E, 0x06, 0xFF,     0xFF, 0x9E, 0x05, 0xFF,
    0xFF, 0x9D, 0x05, 0xFF,     0xFF, 0x9D, 0x05, 0xFF,     0xFF, 0x9C, 0x05, 0xFF,     0xFF, 0x9C, 0x05, 0xFF,
    0xFF, 0x9B, 0x05, 0xFF,     0xFF, 0x9B, 0x05, 0xFF,     0xFF, 0x9A, 0x04, 0xFF,     0xFF, 0x9A, 0x04, 0xFF,
    0xFF, 0x99, 0x04, 0xFF,     0xFF, 0x99, 0x04, 0xFF,     0xFF, 0x99, 0x04, 0xFF,     0xFF, 0x98, 0x04, 0xFF,
    0xFF, 0x98, 0x03, 0xFF,     0xFF, 0x97, 0x03, 0xFF,     0xFF, 0x97, 0x03, 0xFF,     0xFF, 0x96, 0x03, 0xFF,
    0xFF, 0x96, 0x03, 0xFF,     0xFF, 0x95, 0x03, 0xFF,     0xFF, 0x95, 0x03, 0xFF,     0xFF, 0x94, 0x02, 0xFF,
    0xFF, 0x94, 0x02, 0xFF,     0xFF, 0x94, 0x02, 0xFF,     0xFF, 0x93, 0x02, 0xFF,     0xFF, 0x93, 0x02, 0xFF,
    0xFF, 0x92, 0x02, 0xFF,     0xFF, 0x92, 0x02, 0xFF,     0xFF, 0x91, 0x01, 0xFF,     0xFF, 0x91, 0x01, 0xFF,
    0xFF, 0x90, 0x01, 0xFF,     0xFF, 0x90, 0x01, 0xFF,     0xFF, 0x8F, 0x01, 0xFF,     0xFF, 0x8F, 0x01, 0xFF,
    0xFF, 0x8F, 0x01, 0xFF,     0xFF, 0x8E, 0x00, 0xFF,     0xFF, 0x8E, 0x00, 0xFF,     0xFF, 0x8D, 0x00, 0xFF,
    0xFF, 0xC7, 0x13, 0xFF,     0xFF, 0xC6, 0x13, 0xFF,     0xFF, 0xC6, 0x13, 0xFF,     0xFF, 0xC5, 0x12, 0xFF,
    0xFF, 0xC5, 0x12, 0xFF,     0xFF, 0xC5, 0x12, 0xFF,     0xFF, 0xC4, 0x12, 0xFF,     0xFF, 0xC4, 0x12, 0xFF,
    0xFF, 0xC3, 0x12, 0xFF,     0xFF, 0xC3, 0x12, 0xFF,     0xFF, 0xC2, 0x11, 0xFF,     0xFF, 0xC2, 0x11, 0xFF,
    0xFF, 0xC1, 0x11, 0xFF,     0xFF, 0xC1, 0x11, 0xFF,     0xFF, 0xC0, 0x11, 0xFF,     0xFF, 0xC0, 0x11, 0xFF,
    0xFF, 0xC0, 0x11, 0xFF,     0xFF, 0xBF, 0x10, 0xFF,     0xFF, 0xBF, 0x10, 0xFF,     0xFF, 0xBE, 0x10, 0xFF,
    0xFF, 0xBE, 0x10, 0xFF,     0xFF, 0xBD, 0x10, 0xFF,     0xFF, 0xBD, 0x10, 0xFF,     0xFF, 0xBC, 0x10, 0xFF,
    0xFF, 0xBC, 0x0F, 0xFF,     0xFF, 0xBB, 0x0F, 0xFF,     0xFF, 0xBB, 0x0F, 0xFF,     0xFF, 0xBB, 0x0F, 0xFF,
    0xFF, 0xBA, 0x0F, 0xFF,     0xFF, 0xBA, 0x0F, 0xFF,     0xFF, 0xB9, 0x0E, 0xFF,     0xFF, 0xB9, 0x0E, 0xFF,
    0xFF, 0xB8, 0x0E, 0xFF,     0xFF, 0xB8, 0x0E, 0xFF,     0xFF, 0xB7, 0x0E, 0xFF,     0xFF, 0xB7, 0x0E, 0xFF,
    0xFF, 0xB6, 0x0E, 0xFF,     0xFF, 0xB6, 0x0D, 0xFF,     0xFF, 0xB6, 0x0D, 0xFF,     0xFF, 0xB5, 0x0D, 0xFF,
    0xFF, 0xB5, 0x0D, 0xFF,     0xFF, 0xB4, 0x0D, 0xFF,     0xFF, 0xB4, 0x0D, 0xFF,     0xFF, 0xB3, 0x0D, 0xFF,
    0xFF, 0xB3, 0x0C, 0xFF,     0xFF, 0xB2, 0x0C, 0xFF,     0xFF, 0xB2, 0x0C, 0xFF,     0xFF, 0xB1, 0x0C, 0xFF,
    0xFF, 0xB1, 0x0C, 0xFF,     0xFF, 0xB1, 0x0C, 0xFF,     0xFF, 0xB0, 0x0C, 0xFF,     0xFF, 0xB0, 0x0B, 0xFF,
    0xFF, 0xAF, 0x0B, 0xFF,     0xFF, 0xAF, 0x0B, 0xFF,     0xFF, 0xAE, 0x0B, 0xFF,     0xFF, 0xAE, 0x0B, 0xFF,
    0xFF, 0xAD, 0x0B, 0xFF,     0xFF, 0xAD, 0x0A, 0xFF,     0xFF, 0xAC, 0x0A, 0xFF,     0xFF, 0xAC, 0x0A, 0xFF,
    0xFF, 0xAC, 0x0A, 0xFF,     0xFF, 0xAB, 0x0A, 0xFF,     0xFF, 0xAB, 0x0A, 0xFF,     0xFF, 0xAA, 0x0A, 0xFF,
    0xFF, 0xAA, 0x09, 0xFF,     0xFF, 0xA9, 0x09, 0xFF,     0xFF, 0xA9, 0x09, 0xFF,     0xFF, 0xA8, 0x09, 0xFF,
    0xFF, 0xA8, 0x09, 0xFF,     0xFF, 0xA8, 0x09, 0xFF,     0xFF, 0xA7, 0x09, 0xFF,     0xFF, 0xA7, 0x08, 0xFF,
    0xFF, 0xA6, 0x08, 0xFF,     0xFF, 0xA6, 0x08, 0xFF,     0xFF, 0xA5, 0x08, 0xFF,     0xFF, 0xA5, 0x08, 0xFF,
    0xFF, 0xA4, 0x08, 0xFF,     0xFF, 0xA4, 0x07, 0xFF,     0xFF, 0xA3, 0x07, 0xFF,     0xFF, 0xA3, 0x07, 0xFF,
    0xFF, 0xA3, 0x07, 0xFF,     0xFF, 0xA2, 0x07, 0xFF,     0xFF, 0xA2, 0x07, 0xFF,     0xFF, 0xA1, 0x07, 0xFF,
    0xFF, 0xA1, 0x06, 0xFF,     0xFF, 0xA0, 0x06, 0xFF,     0xFF, 0xA0, 0x06, 0xFF,     0xFF, 0x9F, 0x06, 0xFF,
    0xFF, 0x9F, 0x06, 0xFF,     0xFF, 0x9E, 0x06, 0xFF,     0xFF, 0x9E, 0x06, 0xFF,     0xFF, 0x9E, 0x05, 0xFF,
    0xFF, 0x9D, 0x05, 0xFF,     0xFF, 0x9D, 0x05, 0xFF,     0xFF, 0x9C, 0x05, 0xFF,     0xFF, 0x9C, 0x05, 0xFF,
    0xFF, 0x9B, 0x05, 0xFF,     0xFF, 0x9B, 0x05, 0xFF,     0xFF, 0x9A, 0x04, 0xFF,     0xFF, 0x9A, 0x04, 0xFF,
    0xFF, 0x99, 0x04, 0xFF,     0xFF, 0x99, 0x04, 0xFF,     0xFF, 0x99, 0x04, 0xFF,     0xFF, 0x98, 0x04, 0xFF,
    0xFF, 0x98, 0x03, 0xFF,     0xFF, 0x97, 0x03, 0xFF,     0xFF, 0x97, 0x03, 0xFF,     0xFF, 0x96, 0x03, 0xFF,
    0xFF, 0x96, 0x03, 0xFF,     0xFF, 0x95, 0x03, 0xFF,     0xFF, 0x95, 0x03, 0xFF,     0xFF, 0x94, 0x02, 0xFF,
    0xFF, 0x94, 0x02, 0xFF,     0xFF, 0x94, 0x02, 0xFF,     0xFF, 0x93, 0x02, 0xFF,     0xFF, 0x93, 0x02, 0xFF,
    0xFF, 0x92, 0x02, 0xFF,     0xFF, 0x92, 0x02, 0xFF,     0xFF, 0x91, 0x01, 0xFF,     0xFF, 0x91, 0x01, 0xFF,
    0xFF, 0x90, 0x01, 0xFF,     0xFF, 0x90, 0x01, 0xFF,     0xFF, 0x8F, 0x01, 0xFF,     0xFF, 0x8F, 0x01, 0xFF,
    0xFF, 0x8F, 0x01, 0xFF,     0xFF, 0x8E, 0x00, 0xFF,     0xFF, 0x8E, 0x00, 0xFF,     0xFF, 0x8D, 0x00, 0xFF,
    0xFF, 0xC7, 0x13, 0xFF,     0xFF, 0xC6, 0x13, 0xFF,     0xFF, 0xC6, 0x13, 0xFF,     0xFF, 0xC5, 0x12, 0xFF,
    0xFF, 0xC5, 0x12, 0xFF,     0xFF, 0xC5, 0x12, 0xFF,     0xFF, 0xC4, 0x12, 0xFF,     0xFF, 0xC4, 0x12, 0xFF,
    0xFF, 0xC3, 0x12, 0xFF,     0xFF, 0xC3, 0x12, 0xFF,     0xFF, 0xC2, 0x11, 0xFF,     0xFF, 0xC2, 0x11, 0xFF,
    0xFF, 0xC1, 0x11, 0xFF,     0xFF, 0xC1, 0x11, 0xFF,     0xFF, 0xC0, 0x11, 0xFF,     0xFF, 0xC0, 0x11, 0xFF,
    0xFF, 0xC0, 0x11, 0xFF,     0xFF, 0xBF, 0x10, 0xFF,     0xFF, 0xBF, 0x10, 0xFF,     0xFF, 0xBE, 0x10, 0xFF,
    0xFF, 0xBE, 0x10, 0xFF,     0xFF, 0xBD, 0x10, 0xFF,     0xFF, 0xBD, 0x10, 0xFF,     0xFF, 0xBC, 0x10, 0xFF,
    0xFF, 0xBC, 0x0F, 0xFF,     0xFF, 0xBB, 0x0F, 0xFF,     0xFF, 0xBB, 0x0F, 0xFF,     0xFF, 0xBB, 0x0F, 0xFF,
    0xFF, 0xBA, 0x0F, 0xFF,     0xFF, 0xBA, 0x0F, 0xFF,     0xFF, 0xB9, 0x0E, 0xFF,     0xFF, 0xB9, 0x0E, 0xFF,
    0xFF, 0xB8, 0x0E, 0xFF,     0xFF, 0xB8, 0x0E, 0xFF,     0xFF, 0xB7, 0x0E, 0xFF,     0xFF, 0xB7, 0x0E, 0xFF,
    0xFF, 0xB6, 0x0E, 0xFF,     0xFF, 0xB6, 0x0D, 0xFF,     0xFF, 0xB6, 0x0D, 0xFF,     0xFF, 0xB5, 0x0D, 0xFF,
    0xFF, 0xB5, 0x0D, 0xFF,     0xFF, 0xB4, 0x0D, 0xFF,     0xFF, 0xB4, 0x0D, 0xFF,     0xFF, 0xB3, 0x0D, 0xFF,
    0xFF, 0xB3, 0x0C, 0xFF,     0xFF, 0xB2, 0x0C, 0xFF,     0xFF, 0xB2, 0x0C, 0xFF,     0xFF, 0xB1, 0x0C, 0xFF,
    0xFF, 0xB1, 0x0C, 0xFF,     0xFF, 0xB1, 0x0C, 0xFF,     0xFF, 0xB0, 0x0C, 0xFF,     0xFF, 0xB0, 0x0B, 0xFF,
    0xFF, 0xAF, 0x0B, 0xFF,     0xFF, 0xAF, 0x0B, 0xFF,     0xFF, 0xAE, 0x0B, 0xFF,     0xFF, 0xAE, 0x0B, 0xFF,
    0xFF, 0xAD, 0x0B, 0xFF,     0xFF, 0xAD, 0x0A, 0xFF,     0xFF, 0xAC, 0x0A, 0xFF,     0xFF, 0xAC, 0x0A, 0xFF,
    0xFF, 0xAC, 0x0A, 0xFF,     0xFF, 0xAB, 0x0A, 0xFF,     0xFF, 0xAB, 0x0A, 0xFF,     0xFF, 0xAA, 0x0A, 0xFF,
    0xFF, 0xAA, 0x09, 0xFF,     0xFF, 0xA9, 0x09, 0xFF,     0xFF, 0xA9, 0x09, 0xFF,     0xFF, 0xA8, 0x09, 0xFF,
    0xFF, 0xA8, 0x09, 0xFF,     0xFF, 0xA8, 0x09, 0xFF,     0xFF, 0xA7, 0x09, 0xFF,     0xFF, 0xA7, 0x08, 0xFF,
    0xFF, 0xA6, 0x08, 0xFF,     0xFF, 0xA6, 0x08, 0xFF,     0xFF, 0xA5, 0x08, 0xFF,     0xFF, 0xA5, 0x08, 0xFF,
    0xFF, 0xA4, 0x08, 0xFF,     0xFF, 0xA4, 0x07, 0xFF,     0xFF, 0xA3, 0x07, 0xFF,     0xFF, 0xA3, 0x07, 0xFF,
    0xFF, 0xA3, 0x07, 0xFF,     0xFF, 0xA2, 0x07, 0xFF,     0xFF, 0xA2, 0x07, 0xFF,     0xFF, 0xA1, 0x07, 0xFF,
    0xFF, 0xA1, 0x06, 0xFF,     0xFF, 0xA0, 0x06, 0xFF,     0xFF, 0xA0, 0x06, 0xFF,     0xFF, 0x9F, 0x06, 0xFF,
    0xFF, 0x9F, 0x06, 0xFF,     0xFF, 0x9E, 0x06, 0xFF,     0xFF, 0x9E, 0x06, 0xFF,     0xFF, 0x9E, 0x05, 0xFF,
    0xFF, 0x9D, 0x05, 0xFF,     0xFF, 0x9D, 0x05, 0xFF,     0xFF, 0x9C, 0x05, 0xFF,     0xFF, 0x9C, 0x05, 0xFF,
    0xFF, 0x9B, 0x05, 0xFF,     0xFF, 0x9B, 0x05, 0xFF,     0xFF, 0x9A, 0x04, 0xFF,     0xFF, 0x9A, 0x04, 0xFF,
    0xFF, 0x99, 0x04, 0xFF,     0xFF, 0x99, 0x04, 0xFF,     0xFF, 0x99, 0x04, 0xFF,     0xFF, 0x98, 0x04, 0xFF,
    0xFF, 0x98, 0x03, 0xFF,     0xFF, 0x97, 0x03, 0xFF,     0xFF, 0x97, 0x03, 0xFF,     0xFF, 0x96, 0x03, 0xFF,
    0xFF, 0x96, 0x03, 0xFF,     0xFF, 0x95, 0x03, 0xFF,     0xFF, 0x95, 0x03, 0xFF,     0xFF, 0x94, 0x02, 0xFF,
    0xFF, 0x94, 0x02, 0xFF,     0xFF, 0x94, 0x02, 0xFF,     0xFF, 0x93, 0x02, 0xFF,     0xFF, 0x93, 0x02, 0xFF,
    0xFF, 0x92, 0x02, 0xFF,     0xFF, 0x92, 0x02, 0xFF,     0xFF, 0x91, 0x01, 0xFF,     0xFF, 0x91, 0x01, 0xFF,
    0xFF, 0x90, 0x01, 0xFF,     0xFF, 0x90, 0x01, 0xFF,     0xFF, 0x8F, 0x01, 0xFF,     0xFF, 0x8F, 0x01, 0xFF,
    0xFF, 0x8F, 0x01, 0xFF,     0xFF, 0x8E, 0x00, 0xFF,     0xFF, 0x8E, 0x00, 0xFF,     0xFF, 0x8D, 0x00, 0xFF,
    0xFF, 0xC7, 0x13, 0xFF,     0xFF, 0xC6, 0x13, 0xFF,     0xFF, 0xC6, 0x13, 0xFF,     0xFF, 0xC5, 0x12, 0xFF,
    0xFF, 0xC5, 0x12, 0xFF,     0xFF, 0xC5, 0x12, 0xFF,     0xFF, 0xC4, 0x12, 0xFF,     0xFF, 0xC4, 0x12, 0xFF,
    0xFF, 0xC3, 0x12, 0xFF,     0xFF, 0xC3, 0x12, 0xFF,     0xFF, 0xC2, 0x11, 0xFF,     0xFF, 0xC2, 0x11, 0xFF,
    0xFF, 0xC1, 0x11, 0xFF,     0xFF, 0xC1, 0x11, 0xFF,     0xFF, 0xC0, 0x11, 0xFF,     0xFF, 0xC0, 0x11, 0xFF,
    0xFF, 0xC0, 0x11, 0xFF,     0xFF, 0xBF, 0x10, 0xFF,     0xFF, 0xBF, 0x10, 0xFF,     0xFF, 0xBE, 0x10, 0xFF,
    0xFF, 0xBE, 0x10, 0xFF,     0xFF, 0xBD, 0x10, 0xFF,     0xFF, 0xBD, 0x10, 0xFF,     0xFF, 0xBC, 0x10, 0xFF,
    0xFF, 0xBC, 0x0F, 0xFF,     0xFF, 0xBB, 0x0F, 0xFF,     0xFF, 0xBB, 0x0F, 0xFF,     0xFF, 0xBB, 0x0F, 0xFF,
    0xFF, 0xBA, 0x0F, 0xFF,     0xFF, 0xBA, 0x0F, 0xFF,     0xFF, 0xB9, 0x0E, 0xFF,     0xFF, 0xB9, 0x0E, 0xFF,
    0xFF, 0xB8, 0x0E, 0xFF,     0xFF, 0xB8, 0x0E, 0xFF,     0xFF, 0xB7, 0x0E, 0xFF,     0xFF, 0xB7, 0x0E, 0xFF,
    0xFF, 0xB6, 0x0E, 0xFF,     0xFF, 0xB6, 0x0D, 0xFF,     0xFF, 0xB6, 0x0D, 0xFF,     0xFF, 0xB5, 0x0D, 0xFF,
    0xFF, 0xB5, 0x0D, 0xFF,     0xFF, 0xB4, 0x0D, 0xFF,     0xFF, 0xB4, 0x0D, 0xFF,     0xFF, 0xB3, 0x0D, 0xFF,
    0xFF, 0xB3, 0x0C, 0xFF,     0xFF, 0xB2, 0x0C, 0xFF,     0xFF, 0xB2, 0x0C, 0xFF,     0xFF, 0xB1, 0x0C, 0xFF,
    0xFF, 0xB1, 0x0C, 0xFF,     0xFF, 0xB1, 0x0C, 0xFF,     0xFF, 0xB0, 0x0C, 0xFF,     0xFF, 0xB0, 0x0B, 0xFF,
    0xFF, 0xAF, 0x0B, 0xFF,     0xFF, 0xAF, 0x0B, 0xFF,     0xFF, 0xAE, 0x0B, 0xFF,     0xFF, 0xAE, 0x0B, 0xFF,
    0xFF, 0xAD, 0x0B, 0xFF,     0xFF, 0xAD, 0x0A, 0xFF,     0xFF, 0xAC, 0x0A, 0xFF,     0xFF, 0xAC, 0x0A, 0xFF,
    0xFF, 0xAC, 0x0A, 0xFF,     0xFF, 0xAB, 0x0A, 0xFF,     0xFF, 0xAB, 0x0A, 0xFF,     0xFF, 0xAA, 0x0A, 0xFF,
    0xFF, 0xAA, 0x09, 0xFF,     0xFF, 0xA9, 0x09, 0xFF,     0xFF, 0xA9, 0x09, 0xFF,     0xFF, 0xA8, 0x09, 0xFF,
    0xFF, 0xA8, 0x09, 0xFF,     0xFF, 0xA8, 0x09, 0xFF,     0xFF, 0xA7, 0x09, 0xFF,     0xFF, 0xA7, 0x08, 0xFF,
    0xFF, 0xA6, 0x08, 0xFF,     0xFF, 0xA6, 0x08, 0xFF,     0xFF, 0xA5, 0x08, 0xFF,     0xFF, 0xA5, 0x08, 0xFF,
    0xFF, 0xA4, 0x08, 0xFF,     0xFF, 0xA4, 0x07, 0xFF,     0xFF, 0xA3, 0x07, 0xFF,     0xFF, 0xA3, 0x07, 0xFF,
    0xFF, 0xA3, 0x07, 0xFF,     0xFF, 0xA2, 0x07, 0xFF,     0xFF, 0xA2, 0x07, 0xFF,     0xFF, 0xA1, 0x07, 0xFF,
    0xFF, 0xA1, 0x06, 0xFF,     0xFF, 0xA0, 0x06, 0xFF,     0xFF, 0xA0, 0x06, 0xFF,     0xFF, 0x9F, 0x06, 0xFF,
    0xFF, 0x9F, 0x06, 0xFF,     0xFF, 0x9E, 0x06, 0xFF,     0xFF, 0x9E, 0x06, 0xFF,     0xFF, 0x9E, 0x05, 0xFF,
    0xFF, 0x9D, 0x05, 0xFF,     0xFF, 0x9D, 0x05, 0xFF,     0xFF, 0x9C, 0x05, 0xFF,     0xFF, 0x9C, 0x05, 0xFF,
    0xFF, 0x9B, 0x05, 0xFF,     0xFF, 0x9B, 0x05, 0xFF,     0xFF, 0x9A, 0x04, 0xFF,     0xFF, 0x9A, 0x04, 0xFF,
    0xFF, 0x99, 0x04, 0xFF,     0xFF, 0x99, 0x04, 0xFF,     0xFF, 0x99, 0x04, 0xFF,     0xFF, 0x98, 0x04, 0xFF,
    0xFF, 0x98, 0x03, 0xFF,     0xFF, 0x97, 0x03, 0xFF,     0xFF, 0x97, 0x03, 0xFF,     0xFF, 0x96, 0x03, 0xFF,
    0xFF, 0x96, 0x03, 0xFF,     0xFF, 0x95, 0x03, 0xFF,     0xFF, 0x95, 0x03, 0xFF,     0xFF, 0x94, 0x02, 0xFF,
    0xFF, 0x94, 0x02, 0xFF,     0xFF, 0x94, 0x02, 0xFF,     0xFF, 0x93, 0x02, 0xFF,     0xFF, 0x93, 0x02, 0xFF,
    0xFF, 0x92, 0x02, 0xFF,     0xFF, 0x92, 0x02, 0xFF,     0xFF, 0x91, 0x01, 0xFF,     0xFF, 0x91, 0x01, 0xFF,
    0xFF, 0x90, 0x01, 0xFF,     0xFF, 0x90, 0x01, 0xFF,     0xFF, 0x8F, 0x01, 0xFF,     0xFF, 0x8F, 0x01, 0xFF,
    0xFF, 0x8F, 0x01, 0xFF,     0xFF, 0x8E, 0x00, 0xFF,     0xFF, 0x8E, 0x00, 0xFF,     0xFF, 0x8D, 0x00, 0xFF,
    0xFF, 0xC7, 0x13, 0xFF,     0xFF, 0xC6, 0x13, 0xFF,     0xFF, 0xC6, 0x13, 0xFF,     0xFF, 0xC5, 0x12, 0xFF,
    0xFF, 0xC5, 0x12, 0xFF,     0xFF, 0xC5, 0x12, 0xFF,     0xFF, 0xC4, 0x12, 0xFF,     0xFF, 0xC4, 0x12, 0xFF,
    0xFF, 0xC3, 0x12, 0xFF,     0xFF, 0xC3, 0x12, 0xFF,     0xFF, 0xC2, 0x11, 0xFF,     0xFF, 0xC2, 0x11, 0xFF,
    0xFF, 0xC1, 0x11, 0xFF,     0xFF, 0xC1, 0x11, 0xFF,     0xFF, 0xC0, 0x11, 0xFF,     0xFF, 0xC0, 0x11, 0xFF,
    0xFF, 0xC0, 0x11, 0xFF,     0xFF, 0xBF, 0x10, 0xFF,     0xFF, 0xBF, 0x10, 0xFF,     0xFF, 0xBE, 0x10, 0xFF,
    0xFF, 0xBE, 0x10, 0xFF,     0xFF, 0xBD, 0x10, 0xFF,     0xFF, 0xBD, 0x10, 0xFF,     0xFF, 0xBC, 0x10, 0xFF,
    0xFF, 0xBC, 0x0F, 0xFF,     0xFF, 0xBB, 0x0F, 0xFF,     0xFF, 0xBB, 0x0F, 0xFF,     0xFF, 0xBB, 0x0F, 0xFF,
    0xFF, 0xBA, 0x0F, 0xFF,     0xFF, 0xBA, 0x0F, 0xFF,     0xFF, 0xB9, 0x0E, 0xFF,     0xFF, 0xB9, 0x0E, 0xFF,
    0xFF, 0xB8, 0x0E, 0xFF,     0xFF, 0xB8, 0x0E, 0xFF,     0xFF, 0xB7, 0x0E, 0xFF,     0xFF, 0xB7, 0x0E, 0xFF,
    0xFF, 0xB6, 0x0E, 0xFF,     0xFF, 0xB6, 0x0D, 0xFF,     0xFF, 0xB6, 0x0D, 0xFF,     0xFF, 0xB5, 0x0D, 0xFF,
    0xFF, 0xB5, 0x0D, 0xFF,     0xFF, 0xB4, 0x0D, 0xFF,     0xFF, 0xB4, 0x0D, 0xFF,     0xFF, 0xB3, 0x0D, 0xFF,
    0xFF, 0xB3, 0x0C, 0xFF,     0xFF, 0xB2, 0x0C, 0xFF,     0xFF, 0xB2, 0x0C, 0xFF,     0xFF, 0xB1, 0x0C, 0xFF,
    0xFF, 0xB1, 0x0C, 0xFF,     0xFF, 0xB1, 0x0C, 0xFF,     0xFF, 0xB0, 0x0C, 0xFF,     0xFF, 0xB0, 0x0B, 0xFF,
    0xFF, 0xAF, 0x0B, 0xFF,     0xFF, 0xAF, 0x0B, 0xFF,     0xFF, 0xAE, 0x0B, 0xFF,     0xFF, 0xAE, 0x0B, 0xFF,
    0xFF, 0xAD, 0x0B, 0xFF,     0xFF, 0xAD, 0x0A, 0xFF,     0xFF, 0xAC, 0x0A, 0xFF,     0xFF, 0xAC, 0x0A, 0xFF,
    0xFF, 0xAC, 0x0A, 0xFF,     0xFF, 0xAB, 0x0A, 0xFF,     0xFF, 0xAB, 0x0A, 0xFF,     0xFF, 0xAA, 0x0A, 0xFF,
    0xFF, 0xAA, 0x09, 0xFF,     0xFF, 0xA9, 0x09, 0xFF,     0xFF, 0xA9, 0x09, 0xFF,     0xFF, 0xA8, 0x09, 0xFF,
    0xFF, 0xA8, 0x09, 0xFF,     0xFF, 0xA8, 0x09, 0xFF,     0xFF, 0xA7, 0x09, 0xFF,     0xFF, 0xA7, 0x08, 0xFF,
    0xFF, 0xA6, 0x08, 0xFF,     0xFF, 0xA6, 0x08, 0xFF,     0xFF, 0xA5, 0x08, 0xFF,     0xFF, 0xA5, 0x08, 0xFF,
    0xFF, 0xA4, 0x08, 0xFF,     0xFF, 0xA4, 0x07, 0xFF,     0xFF, 0xA3, 0x07, 0xFF,     0xFF, 0xA3, 0x07, 0xFF,
    0xFF, 0xA3, 0x07, 0xFF,     0xFF, 0xA2, 0x07, 0xFF,     0xFF, 0xA2, 0x07, 0xFF,     0xFF, 0xA1, 0x07, 0xFF,
    0xFF, 0xA1, 0x06, 0xFF,     0xFF, 0xA0, 0x06, 0xFF,     0xFF, 0xA0, 0x06, 0xFF,     0xFF, 0x9F, 0x06, 0xFF,
    0xFF, 0x9F, 0x06, 0xFF,     0xFF, 0x9E, 0x06, 0xFF,     0xFF, 0x9E, 0x06, 0xFF,     0xFF, 0x9E, 0x05, 0xFF,
    0xFF, 0x9D, 0x05, 0xFF,     0xFF, 0x9D, 0x05, 0xFF,     0xFF, 0x9C, 0x05, 0xFF,     0xFF, 0x9C, 0x05, 0xFF,
    0xFF, 0x9B, 0x05, 0xFF,     0xFF, 0x9B, 0x05, 0xFF,     0xFF, 0x9A, 0x04, 0xFF,     0xFF, 0x9A, 0x04, 0xFF,
    0xFF, 0x99, 0x04, 0xFF,     0xFF, 0x99, 0x04, 0xFF,     0xFF, 0x99, 0x04, 0xFF,     0xFF, 0x98, 0x04, 0xFF,
    0xFF, 0x98, 0x03, 0xFF,     0xFF, 0x97, 0x03, 0xFF,     0xFF, 0x97, 0x03, 0xFF,     0xFF, 0x96, 0x03, 0xFF,
    0xFF, 0x96, 0x03, 0xFF,     0xFF, 0x95, 0x03, 0xFF,     0xFF, 0x95, 0x03, 0xFF,     0xFF, 0x94, 0x02, 0xFF,
    0xFF, 0x94, 0x02, 0xFF,     0xFF, 0x94, 0x02, 0xFF,     0xFF, 0x93, 0x02, 0xFF,     0xFF, 0x93, 0x02, 0xFF,
    0xFF, 0x92, 0x02, 0xFF,     0xFF, 0x92, 0x02, 0xFF,     0xFF, 0x91, 0x01, 0xFF,     0xFF, 0x91, 0x01, 0xFF,
    0xFF, 0x90, 0x01, 0xFF,     0xFF, 0x90, 0x01, 0xFF,     0xFF, 0x8F, 0x01, 0xFF,     0xFF, 0x8F, 0x01, 0xFF,
    0xFF, 0x8F, 0x01, 0xFF,     0xFF, 0x8E, 0x00, 0xFF,     0xFF, 0x8E, 0x00, 0xFF,     0xFF, 0x8D, 0x00, 0xFF,
    0xFF, 0xC7, 0x13, 0xFF,     0xFF, 0xC6, 0x13, 0xFF,     0xFF, 0xC6, 0x13, 0xFF,     0xFF, 0xC5, 0x12, 0xFF,
    0xFF, 0xC5, 0x12, 0xFF,     0xFF, 0xC5, 0x12, 0xFF,     0xFF, 0xC4, 0x12, 0xFF,     0xFF, 0xC4, 0x12, 0xFF,
    0xFF, 0xC3, 0x12, 0xFF,     0xFF, 0xC3, 0x12, 0xFF,     0xFF, 0xC2, 0x11, 0xFF,     0xFF, 0xC2, 0x11, 0xFF,
    0xFF, 0xC1, 0x11, 0xFF,     0xFF, 0xC1, 0x11, 0xFF,     0xFF, 0xC0, 0x11, 0xFF,     0xFF, 0xC0, 0x11, 0xFF,
    0xFF, 0xC0, 0x11, 0xFF,     0xFF, 0xBF, 0x10, 0xFF,     0xFF, 0xBF, 0x10, 0xFF,     0xFF, 0xBE, 0x10, 0xFF,
    0xFF, 0xBE, 0x10, 0xFF,     0xFF, 0xBD, 0x10, 0xFF,     0xFF, 0xBD, 0x10, 0xFF,     0xFF, 0xBC, 0x10, 0xFF,
    0xFF, 0xBC, 0x0F, 0xFF,     0xFF, 0xBB, 0x0F, 0xFF,     0xFF, 0xBB, 0x0F, 0xFF,     0xFF, 0xBB, 0x0F, 0xFF,
    0xFF, 0xBA, 0x0F, 0xFF,     0xFF, 0xBA, 0x0F, 0xFF,     0xFF, 0xB9, 0x0E, 0xFF,     0xFF, 0xB9, 0x0E, 0xFF,
    0xFF, 0xB8, 0x0E, 0xFF,     0xFF, 0xB8, 0x0E, 0xFF,     0xFF, 0xB7, 0x0E, 0xFF,     0xFF, 0xB7, 0x0E, 0xFF,
    0xFF, 0xB6, 0x0E, 0xFF,     0xFF, 0xB6, 0x0D, 0xFF,     0xFF, 0xB6, 0x0D, 0xFF,     0xFF, 0xB5, 0x0D, 0xFF,
    0xFF, 0xB5, 0x0D, 0xFF,     0xFF, 0xB4, 0x0D, 0xFF,     0xFF, 0xB4, 0x0D, 0xFF,     0xFF, 0xB3, 0x0D, 0xFF,
    0xFF, 0xB3, 0x0C, 0xFF,     0xFF, 0xB2, 0x0C, 0xFF,     0xFF, 0xB2, 0x0C, 0xFF,     0xFF, 0xB1, 0x0C, 0xFF,
    0xFF, 0xB1, 0x0C, 0xFF,     0xFF, 0xB1, 0x0C, 0xFF,     0xFF, 0xB0, 0x0C, 0xFF,     0xFF, 0xB0, 0x0B, 0xFF,
    0xFF, 0xAF, 0x0B, 0xFF,     0xFF, 0xAF, 0x0B, 0xFF,     0xFF, 0xAE, 0x0B, 0xFF,     0xFF, 0xAE, 0x0B, 0xFF,
    0xFF, 0xAD, 0x0B, 0xFF,     0xFF, 0xAD, 0x0A, 0xFF,     0xFF, 0xAC, 0x0A, 0xFF,     0xFF, 0xAC, 0x0A, 0xFF,
    0xFF, 0xAC, 0x0A, 0xFF,     0xFF, 0xAB, 0x0A, 0xFF,     0xFF, 0xAB, 0x0A, 0xFF,     0xFF, 0xAA, 0x0A, 0xFF,
    0xFF, 0xAA, 0x09, 0xFF,     0xFF, 0xA9, 0x09, 0xFF,     0xFF, 0xA9, 0x09, 0xFF,     0xFF, 0xA8, 0x09, 0xFF,
    0xFF, 0xA8, 0x09, 0xFF,     0xFF, 0xA8, 0x09, 0xFF,     0xFF, 0xA7, 0x09, 0xFF,     0xFF, 0xA7, 0x08, 0xFF,
    0xFF, 0xA6, 0x08, 0xFF,     0xFF, 0xA6, 0x08, 0xFF,     0xFF, 0xA5, 0x08, 0xFF,     0xFF, 0xA5, 0x08, 0xFF,
    0xFF, 0xA4, 0x08, 0xFF,     0xFF, 0xA4, 0x07, 0xFF,     0xFF, 0xA3, 0x07, 0xFF,     0xFF, 0xA3, 0x07, 0xFF,
    0xFF, 0xA3, 0x07, 0xFF,     0xFF, 0xA2, 0x07, 0xFF,     0xFF, 0xA2, 0x07, 0xFF,     0xFF, 0xA1, 0x07, 0xFF,
    0xFF, 0xA1, 0x06, 0xFF,     0xFF, 0xA0, 0x06, 0xFF,     0xFF, 0xA0, 0x06, 0xFF,     0xFF, 0x9F, 0x06, 0xFF,
    0xFF, 0x9F, 0x06, 0xFF,     0xFF, 0x9E, 0x06, 0xFF,     0xFF, 0x9E, 0x06, 0xFF,     0xFF, 0x9E, 0x05, 0xFF,
    0xFF, 0x9D, 0x05, 0xFF,     0xFF, 0x9D, 0x05, 0xFF,     0xFF, 0x9C, 0x05, 0xFF,     0xFF, 0x9C, 0x05, 0xFF,
    0xFF, 0x9B, 0x05, 0xFF,     0xFF, 0x9B, 0x05, 0xFF,     0xFF, 0x9A, 0x04, 0xFF,     0xFF, 0x9A, 0x04, 0xFF,
    0xFF, 0x99, 0x04, 0xFF,     0xFF, 0x99, 0x04, 0xFF,     0xFF, 0x99, 0x04, 0xFF,     0xFF, 0x98, 0x04, 0xFF,
    0xFF, 0x98, 0x03, 0xFF,     0xFF, 0x97, 0x03, 0xFF,     0xFF, 0x97, 0x03, 0xFF,     0xFF, 0x96, 0x03, 0xFF,
    0xFF, 0x96, 0x03, 0xFF,     0xFF, 0x95, 0x03, 0xFF,     0xFF, 0x95, 0x03, 0xFF,     0xFF, 0x94, 0x02, 0xFF,
    0xFF, 0x94, 0x02, 0xFF,     0xFF, 0x94, 0x02, 0xFF,     0xFF, 0x93, 0x02, 0xFF,     0xFF, 0x93, 0x02, 0xFF,
    0xFF, 0x92, 0x02, 0xFF,     0xFF, 0x92, 0x02, 0xFF,     0xFF, 0x91, 0x01, 0xFF,     0xFF, 0x91, 0x01, 0xFF,
    0xFF, 0x90, 0x01, 0xFF,     0xFF, 0x90, 0x01, 0xFF,     0xFF, 0x8F, 0x01, 0xFF,     0xFF, 0x8F, 0x01, 0xFF,
    0xFF, 0x8F, 0x01, 0xFF,     0xFF, 0x8E, 0x00, 0xFF,     0xFF, 0x8E, 0x00, 0xFF,     0xFF, 0x8D, 0x00, 0xFF,
    0xFF, 0xC7, 0x13, 0xFF,     0xFF, 0xC6, 0x13, 0xFF,     0xFF, 0xC6, 0x13, 0xFF,     0xFF, 0xC5, 0x12, 0xFF,
    0xFF, 0xC5, 0x12, 0xFF,     0xFF, 0xC5, 0x12, 0xFF,     0xFF, 0xC4, 0x12, 0xFF,     0xFF, 0xC4, 0x12, 0xFF,
    0xFF, 0xC3, 0x12, 0xFF,     0xFF, 0xC3, 0x12, 0xFF,     0xFF, 0xC2, 0x11, 0xFF,     0xFF, 0xC2, 0x11, 0xFF,
    0xFF, 0xC1, 0x11, 0xFF,     0xFF, 0xC1, 0x11, 0xFF,     0xFF, 0xC0, 0x11, 0xFF,     0xFF, 0xC0, 0x11, 0xFF,
    0xFF, 0xC0, 0x11, 0xFF,     0xFF, 0xBF, 0x10, 0xFF,     0xFF, 0xBF, 0x10, 0xFF,     0xFF, 0xBE, 0x10, 0xFF,
    0xFF, 0xBE, 0x10, 0xFF,     0xFF, 0xBD, 0x10, 0xFF,     0xFF, 0xBD, 0x10, 0xFF,     0xFF, 0xBC, 0x10, 0xFF,
    0xFF, 0xBC, 0x0F, 0xFF,     0xFF, 0xBB, 0x0F, 0xFF,     0xFF, 0xBB, 0x0F, 0xFF,     0xFF, 0xBB, 0x0F, 0xFF,
    0xFF, 0xBA, 0x0F, 0xFF,     0xFF, 0xBA, 0x0F, 0xFF,     0xFF, 0xB9, 0x0E, 0xFF,     0xFF, 0xB9, 0x0E, 0xFF,
    0xFF, 0xB8, 0x0E, 0xFF,     0xFF, 0xB8, 0x0E, 0xFF,     0xFF, 0xB7, 0x0E, 0xFF,     0xFF, 0xB7, 0x0E, 0xFF,
    0xFF, 0xB6, 0x0E, 0xFF,     0xFF, 0xB6, 0x0D, 0xFF,     0xFF, 0xB6, 0x0D, 0xFF,     0xFF, 0xB5, 0x0D, 0xFF,
    0xFF, 0xB5, 0x0D, 0xFF,     0xFF, 0xB4, 0x0D, 0xFF,     0xFF, 0xB4, 0x0D, 0xFF,     0xFF, 0xB3, 0x0D, 0xFF,
    0xFF, 0xB3, 0x0C, 0xFF,     0xFF, 0xB2, 0x0C, 0xFF,     0xFF, 0xB2, 0x0C, 0xFF,     0xFF, 0xB1, 0x0C, 0xFF,
    0xFF, 0xB1, 0x0C, 0xFF,     0xFF, 0xB1, 0x0C, 0xFF,     0xFF, 0xB0, 0x0C, 0xFF,     0xFF, 0xB0, 0x0B, 0xFF,
    0xFF, 0xAF, 0x0B, 0xFF,     0xFF, 0xAF, 0x0B, 0xFF,     0xFF, 0xAE, 0x0B, 0xFF,     0xFF, 0xAE, 0x0B, 0xFF,
    0xFF, 0xAD, 0x0B, 0xFF,     0xFF, 0xAD, 0x0A, 0xFF,     0xFF, 0xAC, 0x0A, 0xFF,     0xFF, 0xAC, 0x0A, 0xFF,
    0xFF, 0xAC, 0x0A, 0xFF,     0xFF, 0xAB, 0x0A, 0xFF,     0xFF, 0xAB, 0x0A, 0xFF,     0xFF, 0xAA, 0x0A, 0xFF,
    0xFF, 0xAA, 0x09, 0xFF,     0xFF, 0xA9, 0x09, 0xFF,     0xFF, 0xA9, 0x09, 0xFF,     0xFF, 0xA8, 0x09, 0xFF,
    0xFF, 0xA8, 0x09, 0xFF,     0xFF, 0xA8, 0x09, 0xFF,     0xFF, 0xA7, 0x09, 0xFF,     0xFF, 0xA7, 0x08, 0xFF,
    0xFF, 0xA6, 0x08, 0xFF,     0xFF, 0xA6, 0x08, 0xFF,     0xFF, 0xA5, 0x08, 0xFF,     0xFF, 0xA5, 0x08, 0xFF,
    0xFF, 0xA4, 0x08, 0xFF,     0xFF, 0xA4, 0x07, 0xFF,     0xFF, 0xA3, 0x07, 0xFF,     0xFF, 0xA3, 0x07, 0xFF,
    0xFF, 0xA3, 0x07, 0xFF,     0xFF, 0xA2, 0x07, 0xFF,     0xFF, 0xA2, 0x07, 0xFF,     0xFF, 0xA1, 0x07, 0xFF,
    0xFF, 0xA1, 0x06, 0xFF,     0xFF, 0xA0, 0x06, 0xFF,     0xFF, 0xA0, 0x06, 0xFF,     0xFF, 0x9F, 0x06, 0xFF,
    0xFF, 0x9F, 0x06, 0xFF,     0xFF, 0x9E, 0x06, 0xFF,     0xFF, 0x9E, 0x06, 0xFF,     0xFF, 0x9E, 0x05, 0xFF,
    0xFF, 0x9D, 0x05, 0xFF,     0xFF, 0x9D, 0x05, 0xFF,     0xFF, 0x9C, 0x05, 0xFF,     0xFF, 0x9C, 0x05, 0xFF,
    0xFF, 0x9B, 0x05, 0xFF,     0xFF, 0x9B, 0x05, 0xFF,     0xFF, 0x9A, 0x04, 0xFF,     0xFF, 0x9A, 0x04, 0xFF,
    0xFF, 0x99, 0x04, 0xFF,     0xFF, 0x99, 0x04, 0xFF,     0xFF, 0x99, 0x04, 0xFF,     0xFF, 0x98, 0x04, 0xFF,
    0xFF, 0x98, 0x03, 0xFF,     0xFF, 0x97, 0x03, 0xFF,     0xFF, 0x97, 0x03, 0xFF,     0xFF, 0x96, 0x03, 0xFF,
    0xFF, 0x96, 0x03, 0xFF,     0xFF, 0x95, 0x03, 0xFF,     0xFF, 0x95, 0x03, 0xFF,     0xFF, 0x94, 0x02, 0xFF,
    0xFF, 0x94, 0x02, 0xFF,     0xFF, 0x94, 0x02, 0xFF,     0xFF, 0x93, 0x02, 0xFF,     0xFF, 0x93, 0x02, 0xFF,
    0xFF, 0x92, 0x02, 0xFF,     0xFF, 0x92, 0x02, 0xFF,     0xFF, 0x91, 0x01, 0xFF,     0xFF, 0x91, 0x01, 0xFF,
    0xFF, 0x90, 0x01, 0xFF,     0xFF, 0x90, 0x01, 0xFF,     0xFF, 0x8F, 0x01, 0xFF,     0xFF, 0x8F, 0x01, 0xFF,
    0xFF, 0x8F, 0x01, 0xFF,     0xFF, 0x8E, 0x00, 0xFF,     0xFF, 0x8E, 0x00, 0xFF,     0xFF, 0x8D, 0x00, 0xFF,
    0xFF, 0xC7, 0x13, 0xFF,     0xFF, 0xC6, 0x13, 0xFF,     0xFF, 0xC6, 0x13, 0xFF,     0xFF, 0xC5, 0x12, 0xFF,
    0xFF, 0xC5, 0x12, 0xFF,     0xFF, 0xC5, 0x12, 0xFF,     0xFF, 0xC4, 0x12, 0xFF,     0xFF, 0xC4, 0x12, 0xFF,
    0xFF, 0xC3, 0x12, 0xFF,     0xFF, 0xC3, 0x12, 0xFF,     0xFF, 0xC2, 0x11, 0xFF,     0xFF, 0xC2, 0x11, 0xFF,
    0xFF, 0xC1, 0x11, 0xFF,     0xFF, 0xC1, 0x11, 0xFF,     0xFF, 0xC0, 0x11, 0xFF,     0xFF, 0xC0, 0x11, 0xFF,
    0xFF, 0xC0, 0x11, 0xFF,     0xFF, 0xBF, 0x10, 0xFF,     0xFF, 0xBF, 0x10, 0xFF,     0xFF, 0xBE, 0x10, 0xFF,
    0xFF, 0xBE, 0x10, 0xFF,     0xFF, 0xBD, 0x10, 0xFF,     0xFF, 0xBD, 0x10, 0xFF,     0xFF, 0xBC, 0x10, 0xFF,
    0xFF, 0xBC, 0x0F, 0xFF,     0xFF, 0xBB, 0x0F, 0xFF,     0xFF, 0xBB, 0x0F, 0xFF,     0xFF, 0xBB, 0x0F, 0xFF,
    0xFF, 0xBA, 0x0F, 0xFF,     0xFF, 0xBA, 0x0F, 0xFF,     0xFF, 0xB9, 0x0E, 0xFF,     0xFF, 0xB9, 0x0E, 0xFF,
    0xFF, 0xB8, 0x0E, 0xFF,     0xFF, 0xB8, 0x0E, 0xFF,     0xFF, 0xB7, 0x0E, 0xFF,     0xFF, 0xB7, 0x0E, 0xFF,
    0xFF, 0xB6, 0x0E, 0xFF,     0xFF, 0xB6, 0x0D, 0xFF,     0xFF, 0xB6, 0x0D, 0xFF,     0xFF, 0xB5, 0x0D, 0xFF,
    0xFF, 0xB5, 0x0D, 0xFF,     0xFF, 0xB4, 0x0D, 0xFF,     0xFF, 0xB4, 0x0D, 0xFF,     0xFF, 0xB3, 0x0D, 0xFF,
    0xFF, 0xB3, 0x0C, 0xFF,     0xFF, 0xB2, 0x0C, 0xFF,     0xFF, 0xB2, 0x0C, 0xFF,     0xFF, 0xB1, 0x0C, 0xFF,
    0xFF, 0xB1, 0x0C, 0xFF,     0xFF, 0xB1, 0x0C, 0xFF,     0xFF, 0xB0, 0x0C, 0xFF,     0xFF, 0xB0, 0x0B, 0xFF,
    0xFF, 0xAF, 0x0B, 0xFF,     0xFF, 0xAF, 0x0B, 0xFF,     0xFF, 0xAE, 0x0B, 0xFF,     0xFF, 0xAE, 0x0B, 0xFF,
    0xFF, 0xAD, 0x0B, 0xFF,     0xFF, 0xAD, 0x0A, 0xFF,     0xFF, 0xAC, 0x0A, 0xFF,     0xFF, 0xAC, 0x0A, 0xFF,
    0xFF, 0xAC, 0x0A, 0xFF,     0xFF, 0xAB, 0x0A, 0xFF,     0xFF, 0xAB, 0x0A, 0xFF,     0xFF, 0xAA, 0x0A, 0xFF,
    0xFF, 0xAA, 0x09, 0xFF,     0xFF, 0xA9, 0x09, 0xFF,     0xFF, 0xA9, 0x09, 0xFF,     0xFF, 0xA8, 0x09, 0xFF,
    0xFF, 0xA8, 0x09, 0xFF,     0xFF, 0xA8, 0x09, 0xFF,     0xFF, 0xA7, 0x09, 0xFF,     0xFF, 0xA7, 0x08, 0xFF,
    0xFF, 0xA6, 0x08, 0xFF,     0xFF, 0xA6, 0x08, 0xFF,     0xFF, 0xA5, 0x08, 0xFF,     0xFF, 0xA5, 0x08, 0xFF,
    0xFF, 0xA4, 0x08, 0xFF,     0xFF, 0xA4, 0x07, 0xFF,     0xFF, 0xA3, 0x07, 0xFF,     0xFF, 0xA3, 0x07, 0xFF,
    0xFF, 0xA3, 0x07, 0xFF,     0xFF, 0xA2, 0x07, 0xFF,     0xFF, 0xA2, 0x07, 0xFF,     0xFF, 0xA1, 0x07, 0xFF,
    0xFF, 0xA1, 0x06, 0xFF,     0xFF, 0xA0, 0x06, 0xFF,     0xFF, 0xA0, 0x06, 0xFF,     0xFF, 0x9F, 0x06, 0xFF,
    0xFF, 0x9F, 0x06, 0xFF,     0xFF, 0x9E, 0x06, 0xFF,     0xFF, 0x9E, 0x06, 0xFF,     0xFF, 0x9E, 0x05, 0xFF,
    0xFF, 0x9D, 0x05, 0xFF,     0xFF, 0x9D, 0x05, 0xFF,     0xFF, 0x9C, 0x05, 0xFF,     0xFF, 0x9C, 0x05, 0xFF,
    0xFF, 0x9B, 0x05, 0xFF,     0xFF, 0x9B, 0x05, 0xFF,     0xFF, 0x9A, 0x04, 0xFF,     0xFF, 0x9A, 0x04, 0xFF,
    0xFF, 0x99, 0x04, 0xFF,     0xFF, 0x99, 0x04, 0xFF,     0xFF, 0x99, 0x04, 0xFF,     0xFF, 0x98, 0x04, 0xFF,
    0xFF, 0x98, 0x03, 0xFF,     0xFF, 0x97, 0x03, 0xFF,     0xFF, 0x97, 0x03, 0xFF,     0xFF, 0x96, 0x03, 0xFF,
    0xFF, 0x96, 0x03, 0xFF,     0xFF, 0x95, 0x03, 0xFF,     0xFF, 0x95, 0x03, 0xFF,     0xFF, 0x94, 0x02, 0xFF,
    0xFF, 0x94, 0x02, 0xFF,     0xFF, 0x94, 0x02, 0xFF,     0xFF, 0x93, 0x02, 0xFF,     0xFF, 0x93, 0x02, 0xFF,
    0xFF, 0x92, 0x02, 0xFF,     0xFF, 0x92, 0x02, 0xFF,     0xFF, 0x91, 0x01, 0xFF,     0xFF, 0x91, 0x01, 0xFF,
    0xFF, 0x90, 0x01, 0xFF,     0xFF, 0x90, 0x01, 0xFF,     0xFF, 0x8F, 0x01, 0xFF,     0xFF, 0x8F, 0x01, 0xFF,
    0xFF, 0x8F, 0x01, 0xFF,     0xFF, 0x8E, 0x00, 0xFF,     0xFF, 0x8E, 0x00, 0xFF,     0xFF, 0x8D, 0x00, 0xFF,
    0xFF, 0xC7, 0x13, 0xFF,     0xFF, 0xC6, 0x13, 0xFF,     0xFF, 0xC6, 0x13, 0xFF,     0xFF, 0xC5, 0x12, 0xFF,
    0xFF, 0xC5, 0x12, 0xFF,     0xFF, 0xC5, 0x12, 0xFF,     0xFF, 0xC4, 0x12, 0xFF,     0xFF, 0xC4, 0x12, 0xFF,
    0xFF, 0xC3, 0x12, 0xFF,     0xFF, 0xC3, 0x12, 0xFF,     0xFF, 0xC2, 0x11, 0xFF,     0xFF, 0xC2, 0x11, 0xFF,
    0xFF, 0xC1, 0x11, 0xFF,     0xFF, 0xC1, 0x11, 0xFF,     0xFF, 0xC0, 0x11, 0xFF,     0xFF, 0xC0, 0x11, 0xFF,
    0xFF, 0xC0, 0x11, 0xFF,     0xFF, 0xBF, 0x10, 0xFF,     0xFF, 0xBF, 0x10, 0xFF,     0xFF, 0xBE, 0x10, 0xFF,
    0xFF, 0xBE, 0x10, 0xFF,     0xFF, 0xBD, 0x10, 0xFF,     0xFF, 0xBD, 0x10, 0xFF,     0xFF, 0xBC, 0x10, 0xFF,
    0xFF, 0xBC, 0x0F, 0xFF,     0xFF, 0xBB, 0x0F, 0xFF,     0xFF, 0xBB, 0x0F, 0xFF,     0xFF, 0xBB, 0x0F, 0xFF,
    0xFF, 0xBA, 0x0F, 0xFF,     0xFF, 0xBA, 0x0F, 0xFF,     0xFF, 0xB9, 0x0E, 0xFF,     0xFF, 0xB9, 0x0E, 0xFF,
    0xFF, 0xB8, 0x0E, 0xFF,     0xFF, 0xB8, 0x0E, 0xFF,     0xFF, 0xB7, 0x0E, 0xFF,     0xFF, 0xB7, 0x0E, 0xFF,
    0xFF, 0xB6, 0x0E, 0xFF,     0xFF, 0xB6, 0x0D, 0xFF,     0xFF, 0xB6, 0x0D, 0xFF,     0xFF, 0xB5, 0x0D, 0xFF,
    0xFF, 0xB5, 0x0D, 0xFF,     0xFF, 0xB4, 0x0D, 0xFF,     0xFF, 0xB4, 0x0D, 0xFF,     0xFF, 0xB3, 0x0D, 0xFF,
    0xFF, 0xB3, 0x0C, 0xFF,     0xFF, 0xB2, 0x0C, 0xFF,     0xFF, 0xB2, 0x0C, 0xFF,     0xFF, 0xB1, 0x0C, 0xFF,
    0xFF, 0xB1, 0x0C, 0xFF,     0xFF, 0xB1, 0x0C, 0xFF,     0xFF, 0xB0, 0x0C, 0xFF,     0xFF, 0xB0, 0x0B, 0xFF,
    0xFF, 0xAF, 0x0B, 0xFF,     0xFF, 0xAF, 0x0B, 0xFF,     0xFF, 0xAE, 0x0B, 0xFF,     0xFF, 0xAE, 0x0B, 0xFF,
    0xFF, 0xAD, 0x0B, 0xFF,     0xFF, 0xAD, 0x0A, 0xFF,     0xFF, 0xAC, 0x0A, 0xFF,     0xFF, 0xAC, 0x0A, 0xFF,
    0xFF, 0xAC, 0x0A, 0xFF,     0xFF, 0xAB, 0x0A, 0xFF,     0xFF, 0xAB, 0x0A, 0xFF,     0xFF, 0xAA, 0x0A, 0xFF,
    0xFF, 0xAA, 0x09, 0xFF,     0xFF, 0xA9, 0x09, 0xFF,     0xFF, 0xA9, 0x09, 0xFF,     0xFF, 0xA8, 0x09, 0xFF,
    0xFF, 0xA8, 0x09, 0xFF,     0xFF, 0xA8, 0x09, 0xFF,     0xFF, 0xA7, 0x09, 0xFF,     0xFF, 0xA7, 0x08, 0xFF,
    0xFF, 0xA6, 0x08, 0xFF,     0xFF, 0xA6, 0x08, 0xFF,     0xFF, 0xA5, 0x08, 0xFF,     0xFF, 0xA5, 0x08, 0xFF,
    0xFF, 0xA4, 0x08, 0xFF,     0xFF, 0xA4, 0x07, 0xFF,     0xFF, 0xA3, 0x07, 0xFF,     0xFF, 0xA3, 0x07, 0xFF,
    0xFF, 0xA3, 0x07, 0xFF,     0xFF, 0xA2, 0x07, 0xFF,     0xFF, 0xA2, 0x07, 0xFF,     0xFF, 0xA1, 0x07, 0xFF,
    0xFF, 0xA1, 0x06, 0xFF,     0xFF, 0xA0, 0x06, 0xFF,     0xFF, 0xA0, 0x06, 0xFF,     0xFF, 0x9F, 0x06, 0xFF,
    0xFF, 0x9F, 0x06, 0xFF,     0xFF, 0x9E, 0x06, 0xFF,     0xFF, 0x9E, 0x06, 0xFF,     0xFF, 0x9E, 0x05, 0xFF,
    0xFF, 0x9D, 0x05, 0xFF,     0xFF, 0x9D, 0x05, 0xFF,     0xFF, 0x9C, 0x05, 0xFF,     0xFF, 0x9C, 0x05, 0xFF,
    0xFF, 0x9B, 0x05, 0xFF,     0xFF, 0x9B, 0x05, 0xFF,     0xFF, 0x9A, 0x04, 0xFF,     0xFF, 0x9A, 0x04, 0xFF,
    0xFF, 0x99, 0x04, 0xFF,     0xFF, 0x99, 0x04, 0xFF,     0xFF, 0x99, 0x04, 0xFF,     0xFF, 0x98, 0x04, 0xFF,
    0xFF, 0x98, 0x03, 0xFF,     0xFF, 0x97, 0x03, 0xFF,     0xFF, 0x97, 0x03, 0xFF,     0xFF, 0x96, 0x03, 0xFF,
    0xFF, 0x96, 0x03, 0xFF,     0xFF, 0x95, 0x03, 0xFF,     0xFF, 0x95, 0x03, 0xFF,     0xFF, 0x94, 0x02, 0xFF,
    0xFF, 0x94, 0x02, 0xFF,     0xFF, 0x94, 0x02, 0xFF,     0xFF, 0x93, 0x02, 0xFF,     0xFF, 0x93, 0x02, 0xFF,
    0xFF, 0x92, 0x02, 0xFF,     0xFF, 0x92, 0x02, 0xFF,     0xFF, 0x91, 0x01, 0xFF,     0xFF, 0x91, 0x01, 0xFF,
    0xFF, 0x90, 0x01, 0xFF,     0xFF, 0x90, 0x01, 0xFF,     0xFF, 0x8F, 0x01, 0xFF,     0xFF, 0x8F, 0x01, 0xFF,
    0xFF, 0x8F, 0x01, 0xFF,     0xFF, 0x8E, 0x00, 0xFF,     0xFF, 0x8E, 0x00, 0xFF,     0xFF, 0x8D, 0x00, 0xFF,
    0xFF, 0xC7, 0x13, 0xFF,     0xFF, 0xC6, 0x13, 0xFF,     0xFF, 0xC6, 0x13, 0xFF,     0xFF, 0xC5, 0x12, 0xFF,
    0xFF, 0xC5, 0x12, 0xFF,     0xFF, 0xC5, 0x12, 0xFF,     0xFF, 0xC4, 0x12, 0xFF,     0xFF, 0xC4, 0x12, 0xFF,
    0xFF, 0xC3, 0x12, 0xFF,     0xFF, 0xC3, 0x12, 0xFF,     0xFF, 0xC2, 0x11, 0xFF,     0xFF, 0xC2, 0x11, 0xFF,
    0xFF, 0xC1, 0x11, 0xFF,     0xFF, 0xC1, 0x11, 0xFF,     0xFF, 0xC0, 0x11, 0xFF,     0xFF, 0xC0, 0x11, 0xFF,
    0xFF, 0xC0, 0x11, 0xFF,     0xFF, 0xBF, 0x10, 0xFF,     0xFF, 0xBF, 0x10, 0xFF,     0xFF, 0xBE, 0x10, 0xFF,
    0xFF, 0xBE, 0x10, 0xFF,     0xFF, 0xBD, 0x10, 0xFF,     0xFF, 0xBD, 0x10, 0xFF,     0xFF, 0xBC, 0x10, 0xFF,
    0xFF, 0xBC, 0x0F, 0xFF,     0xFF, 0xBB, 0x0F, 0xFF,     0xFF, 0xBB, 0x0F, 0xFF,     0xFF, 0xBB, 0x0F, 0xFF,
    0xFF, 0xBA, 0x0F, 0xFF,     0xFF, 0xBA, 0x0F, 0xFF,     0xFF, 0xB9, 0x0E, 0xFF,     0xFF, 0xB9, 0x0E, 0xFF,
    0xFF, 0xB8, 0x0E, 0xFF,     0xFF, 0xB8, 0x0E, 0xFF,     0xFF, 0xB7, 0x0E, 0xFF,     0xFF, 0xB7, 0x0E, 0xFF,
    0xFF, 0xB6, 0x0E, 0xFF,     0xFF, 0xB6, 0x0D, 0xFF,     0xFF, 0xB6, 0x0D, 0xFF,     0xFF, 0xB5, 0x0D, 0xFF,
    0xFF, 0xB5, 0x0D, 0xFF,     0xFF, 0xB4, 0x0D, 0xFF,     0xFF, 0xB4, 0x0D, 0xFF,     0xFF, 0xB3, 0x0D, 0xFF,
    0xFF, 0xB3, 0x0C, 0xFF,     0xFF, 0xB2, 0x0C, 0xFF,     0xFF, 0xB2, 0x0C, 0xFF,     0xFF, 0xB1, 0x0C, 0xFF,
    0xFF, 0xB1, 0x0C, 0xFF,     0xFF, 0xB1, 0x0C, 0xFF,     0xFF, 0xB0, 0x0C, 0xFF,     0xFF, 0xB0, 0x0B, 0xFF,
    0xFF, 0xAF, 0x0B, 0xFF,     0xFF, 0xAF, 0x0B, 0xFF,     0xFF, 0xAE, 0x0B, 0xFF,     0xFF, 0xAE, 0x0B, 0xFF,
    0xFF, 0xAD, 0x0B, 0xFF,     0xFF, 0xAD, 0x0A, 0xFF,     0xFF, 0xAC, 0x0A, 0xFF,     0xFF, 0xAC, 0x0A, 0xFF,
    0xFF, 0xAC, 0x0A, 0xFF,     0xFF, 0xAB, 0x0A, 0xFF,     0xFF, 0xAB, 0x0A, 0xFF,     0xFF, 0xAA, 0x0A, 0xFF,
    0xFF, 0xAA, 0x09, 0xFF,     0xFF, 0xA9, 0x09, 0xFF,     0xFF, 0xA9, 0x09, 0xFF,     0xFF, 0xA8, 0x09, 0xFF,
    0xFF, 0xA8, 0x09, 0xFF,     0xFF, 0xA8, 0x09, 0xFF,     0xFF, 0xA7, 0x09, 0xFF,     0xFF, 0xA7, 0x08, 0xFF,
    0xFF, 0xA6, 0x08, 0xFF,     0xFF, 0xA6, 0x08, 0xFF,     0xFF, 0xA5, 0x08, 0xFF,     0xFF, 0xA5, 0x08, 0xFF,
    0xFF, 0xA4, 0x08, 0xFF,     0xFF, 0xA4, 0x07, 0xFF,     0xFF, 0xA3, 0x07, 0xFF,     0xFF, 0xA3, 0x07, 0xFF,
    0xFF, 0xA3, 0x07, 0xFF,     0xFF, 0xA2, 0x07, 0xFF,     0xFF, 0xA2, 0x07, 0xFF,     0xFF, 0xA1, 0x07, 0xFF,
    0xFF, 0xA1, 0x06, 0xFF,     0xFF, 0xA0, 0x06, 0xFF,     0xFF, 0xA0, 0x06, 0xFF,     0xFF, 0x9F, 0x06, 0xFF,
    0xFF, 0x9F, 0x06, 0xFF,     0xFF, 0x9E, 0x06, 0xFF,     0xFF, 0x9E, 0x06, 0xFF,     0xFF, 0x9E, 0x05, 0xFF,
    0xFF, 0x9D, 0x05, 0xFF,     0xFF, 0x9D, 0x05, 0xFF,     0xFF, 0x9C, 0x05, 0xFF,     0xFF, 0x9C, 0x05, 0xFF,
    0xFF, 0x9B, 0x05, 0xFF,     0xFF, 0x9B, 0x05, 0xFF,     0xFF, 0x9A, 0x04, 0xFF,     0xFF, 0x9A, 0x04, 0xFF,
    0xFF, 0x99, 0x04, 0xFF,     0xFF, 0x99, 0x04, 0xFF,     0xFF, 0x99, 0x04, 0xFF,     0xFF, 0x98, 0x04, 0xFF,
    0xFF, 0x98, 0x03, 0xFF,     0xFF, 0x97, 0x03, 0xFF,     0xFF, 0x97, 0x03, 0xFF,     0xFF, 0x96, 0x03, 0xFF,
    0xFF, 0x96, 0x03, 0xFF,     0xFF, 0x95, 0x03, 0xFF,     0xFF, 0x95, 0x03, 0xFF,     0xFF, 0x94, 0x02, 0xFF,
    0xFF, 0x94, 0x02, 0xFF,     0xFF, 0x94, 0x02, 0xFF,     0xFF, 0x93, 0x02, 0xFF,     0xFF, 0x93, 0x02, 0xFF,
    0xFF, 0x92, 0x02, 0xFF,     0xFF, 0x92, 0x02, 0xFF,     0xFF, 0x91, 0x01, 0xFF,     0xFF, 0x91, 0x01, 0xFF,
    0xFF, 0x90, 0x01, 0xFF,     0xFF, 0x90, 0x01, 0xFF,     0xFF, 0x8F, 0x01, 0xFF,     0xFF, 0x8F, 0x01, 0xFF,
    0xFF, 0x8F, 0x01, 0xFF,     0xFF, 0x8E, 0x00, 0xFF,     0xFF, 0x8E, 0x00, 0xFF,     0xFF, 0x8D, 0x00, 0xFF,
    0xFF, 0xC7, 0x13, 0xFF,     0xFF, 0xC6, 0x13, 0xFF,     0xFF, 0xC6, 0x13, 0xFF,     0xFF, 0xC5, 0x12, 0xFF,
    0xFF, 0xC5, 0x12, 0xFF,     0xFF, 0xC5, 0x12, 0xFF,     0xFF, 0xC4, 0x12, 0xFF,     0xFF, 0xC4, 0x12, 0xFF,
    0xFF, 0xC3, 0x12, 0xFF,     0xFF, 0xC3, 0x12, 0xFF,     0xFF, 0xC2, 0x11, 0xFF,     0xFF, 0xC2, 0x11, 0xFF,
    0xFF, 0xC1, 0x11, 0xFF,     0xFF, 0xC1, 0x11, 0xFF,     0xFF, 0xC0, 0x11, 0xFF,     0xFF, 0xC0, 0x11, 0xFF,
    0xFF, 0xC0, 0x11, 0xFF,     0xFF, 0xBF, 0x10, 0xFF,     0xFF, 0xBF, 0x10, 0xFF,     0xFF, 0xBE, 0x10, 0xFF,
    0xFF, 0xBE, 0x10, 0xFF,     0xFF, 0xBD, 0x10, 0xFF,     0xFF, 0xBD, 0x10, 0xFF,     0xFF, 0xBC, 0x10, 0xFF,
    0xFF, 0xBC, 0x0F, 0xFF,     0xFF, 0xBB, 0x0F, 0xFF,     0xFF, 0xBB, 0x0F, 0xFF,     0xFF, 0xBB, 0x0F, 0xFF,
    0xFF, 0xBA, 0x0F, 0xFF,     0xFF, 0xBA, 0x0F, 0xFF,     0xFF, 0xB9, 0x0E, 0xFF,     0xFF, 0xB9, 0x0E, 0xFF,
    0xFF, 0xB8, 0x0E, 0xFF,     0xFF, 0xB8, 0x0E, 0xFF,     0xFF, 0xB7, 0x0E, 0xFF,     0xFF, 0xB7, 0x0E, 0xFF,
    0xFF, 0xB6, 0x0E, 0xFF,     0xFF, 0xB6, 0x0D, 0xFF,     0xFF, 0xB6, 0x0D, 0xFF,     0xFF, 0xB5, 0x0D, 0xFF,
    0xFF, 0xB5, 0x0D, 0xFF,     0xFF, 0xB4, 0x0D, 0xFF,     0xFF, 0xB4, 0x0D, 0xFF,     0xFF, 0xB3, 0x0D, 0xFF,
    0xFF, 0xB3, 0x0C, 0xFF,     0xFF, 0xB2, 0x0C, 0xFF,     0xFF, 0xB2, 0x0C, 0xFF,     0xFF, 0xB1, 0x0C, 0xFF,
    0xFF, 0xB1, 0x0C, 0xFF,     0xFF, 0xB1, 0x0C, 0xFF,     0xFF, 0xB0, 0x0C, 0xFF,     0xFF, 0xB0, 0x0B, 0xFF,
    0xFF, 0xAF, 0x0B, 0xFF,     0xFF, 0xAF, 0x0B, 0xFF,     0xFF, 0xAE, 0x0B, 0xFF,     0xFF, 0xAE, 0x0B, 0xFF,
    0xFF, 0xAD, 0x0B, 0xFF,     0xFF, 0xAD, 0x0A, 0xFF,     0xFF, 0xAC, 0x0A, 0xFF,     0xFF, 0xAC, 0x0A, 0xFF,
    0xFF, 0xAC, 0x0A, 0xFF,     0xFF, 0xAB, 0x0A, 0xFF,     0xFF, 0xAB, 0x0A, 0xFF,     0xFF, 0xAA, 0x0A, 0xFF,
    0xFF, 0xAA, 0x09, 0xFF,     0xFF, 0xA9, 0x09, 0xFF,     0xFF, 0xA9, 0x09, 0xFF,     0xFF, 0xA8, 0x09, 0xFF,
    0xFF, 0xA8, 0x09, 0xFF,     0xFF, 0xA8, 0x09, 0xFF,     0xFF, 0xA7, 0x09, 0xFF,     0xFF, 0xA7, 0x08, 0xFF,
    0xFF, 0xA6, 0x08, 0xFF,     0xFF, 0xA6, 0x08, 0xFF,     0xFF, 0xA5, 0x08, 0xFF,     0xFF, 0xA5, 0x08, 0xFF,
    0xFF, 0xA4, 0x08, 0xFF,     0xFF, 0xA4, 0x07, 0xFF,     0xFF, 0xA3, 0x07, 0xFF,     0xFF, 0xA3, 0x07, 0xFF,
    0xFF, 0xA3, 0x07, 0xFF,     0xFF, 0xA2, 0x07, 0xFF,     0xFF, 0xA2, 0x07, 0xFF,     0xFF, 0xA1, 0x07, 0xFF,
    0xFF, 0xA1, 0x06, 0xFF,     0xFF, 0xA0, 0x06, 0xFF,     0xFF, 0xA0, 0x06, 0xFF,     0xFF, 0x9F, 0x06, 0xFF,
    0xFF, 0x9F, 0x06, 0xFF,     0xFF, 0x9E, 0x06, 0xFF,     0xFF, 0x9E, 0x06, 0xFF,     0xFF, 0x9E, 0x05, 0xFF,
    0xFF, 0x9D, 0x05, 0xFF,     0xFF, 0x9D, 0x05, 0xFF,     0xFF, 0x9C, 0x05, 0xFF,     0xFF, 0x9C, 0x05, 0xFF,
    0xFF, 0x9B, 0x05, 0xFF,     0xFF, 0x9B, 0x05, 0xFF,     0xFF, 0x9A, 0x04, 0xFF,     0xFF, 0x9A, 0x04, 0xFF,
    0xFF, 0x99, 0x04, 0xFF,     0xFF, 0x99, 0x04, 0xFF,     0xFF, 0x99, 0x04, 0xFF,     0xFF, 0x98, 0x04, 0xFF,
    0xFF, 0x98, 0x03, 0xFF,     0xFF, 0x97, 0x03, 0xFF,     0xFF, 0x97, 0x03, 0xFF,     0xFF, 0x96, 0x03, 0xFF,
    0xFF, 0x96, 0x03, 0xFF,     0xFF, 0x95, 0x03, 0xFF,     0xFF, 0x95, 0x03, 0xFF,     0xFF, 0x94, 0x02, 0xFF,
    0xFF, 0x94, 0x02, 0xFF,     0xFF, 0x94, 0x02, 0xFF,     0xFF, 0x93, 0x02, 0xFF,     0xFF, 0x93, 0x02, 0xFF,
    0xFF, 0x92, 0x02, 0xFF,     0xFF, 0x92, 0x02, 0xFF,     0xFF, 0x91, 0x01, 0xFF,     0xFF, 0x91, 0x01, 0xFF,
    0xFF, 0x90, 0x01, 0xFF,     0xFF, 0x90, 0x01, 0xFF,     0xFF, 0x8F, 0x01, 0xFF,     0xFF, 0x8F, 0x01, 0xFF,
    0xFF, 0x8F, 0x01, 0xFF,     0xFF, 0x8E, 0x00, 0xFF,     0xFF, 0x8E, 0x00, 0xFF,     0xFF, 0x8D, 0x00, 0xFF,
    0xFF, 0xC7, 0x13, 0xFF,     0xFF, 0xC6, 0x13, 0xFF,     0xFF, 0xC6, 0x13, 0xFF,     0xFF, 0xC5, 0x12, 0xFF,
    0xFF, 0xC5, 0x12, 0xFF,     0xFF, 0xC5, 0x12, 0xFF,     0xFF, 0xC4, 0x12, 0xFF,     0xFF, 0xC4, 0x12, 0xFF,
    0xFF, 0xC3, 0x12, 0xFF,     0xFF, 0xC3, 0x12, 0xFF,     0xFF, 0xC2, 0x11, 0xFF,     0xFF, 0xC2, 0x11, 0xFF,
    0xFF, 0xC1, 0x11, 0xFF,     0xFF, 0xC1, 0x11, 0xFF,     0xFF, 0xC0, 0x11, 0xFF,     0xFF, 0xC0, 0x11, 0xFF,
    0xFF, 0xC0, 0x11, 0xFF,     0xFF, 0xBF, 0x10, 0xFF,     0xFF, 0xBF, 0x10, 0xFF,     0xFF, 0xBE, 0x10, 0xFF,
    0xFF, 0xBE, 0x10, 0xFF,     0xFF, 0xBD, 0x10, 0xFF,     0xFF, 0xBD, 0x10, 0xFF,     0xFF, 0xBC, 0x10, 0xFF,
    0xFF, 0xBC, 0x0F, 0xFF,     0xFF, 0xBB, 0x0F, 0xFF,     0xFF, 0xBB, 0x0F, 0xFF,     0xFF, 0xBB, 0x0F, 0xFF,
    0xFF, 0xBA, 0x0F, 0xFF,     0xFF, 0xBA, 0x0F, 0xFF,     0xFF, 0xB9, 0x0E, 0xFF,     0xFF, 0xB9, 0x0E, 0xFF,
    0xFF, 0xB8, 0x0E, 0xFF,     0xFF, 0xB8, 0x0E, 0xFF,     0xFF, 0xB7, 0x0E, 0xFF,     0xFF, 0xB7, 0x0E, 0xFF,
    0xFF, 0xB6, 0x0E, 0xFF,     0xFF, 0xB6, 0x0D, 0xFF,     0xFF, 0xB6, 0x0D, 0xFF,     0xFF, 0xB5, 0x0D, 0xFF,
    0xFF, 0xB5, 0x0D, 0xFF,     0xFF, 0xB4, 0x0D, 0xFF,     0xFF, 0xB4, 0x0D, 0xFF,     0xFF, 0xB3, 0x0D, 0xFF,
    0xFF, 0xB3, 0x0C, 0xFF,     0xFF, 0xB2, 0x0C, 0xFF,     0xFF, 0xB2, 0x0C, 0xFF,     0xFF, 0xB1, 0x0C, 0xFF,
    0xFF, 0xB1, 0x0C, 0xFF,     0xFF, 0xB1, 0x0C, 0xFF,     0xFF, 0xB0, 0x0C, 0xFF,     0xFF, 0xB0, 0x0B, 0xFF,
    0xFF, 0xAF, 0x0B, 0xFF,     0xFF, 0xAF, 0x0B, 0xFF,     0xFF, 0xAE, 0x0B, 0xFF,     0xFF, 0xAE, 0x0B, 0xFF,
    0xFF, 0xAD, 0x0B, 0xFF,     0xFF, 0xAD, 0x0A, 0xFF,     0xFF, 0xAC, 0x0A, 0xFF,     0xFF, 0xAC, 0x0A, 0xFF,
    0xFF, 0xAC, 0x0A, 0xFF,     0xFF, 0xAB, 0x0A, 0xFF,     0xFF, 0xAB, 0x0A, 0xFF,     0xFF, 0xAA, 0x0A, 0xFF,
    0xFF, 0xAA, 0x09, 0xFF,     0xFF, 0xA9, 0x09, 0xFF,     0xFF, 0xA9, 0x09, 0xFF,     0xFF, 0xA8, 0x09, 0xFF,
    0xFF, 0xA8, 0x09, 0xFF,     0xFF, 0xA8, 0x09, 0xFF,     0xFF, 0xA7, 0x09, 0xFF,     0xFF, 0xA7, 0x08, 0xFF,
    0xFF, 0xA6, 0x08, 0xFF,     0xFF, 0xA6, 0x08, 0xFF,     0xFF, 0xA5, 0x08, 0xFF,     0xFF, 0xA5, 0x08, 0xFF,
    0xFF, 0xA4, 0x08, 0xFF,     0xFF, 0xA4, 0x07, 0xFF,     0xFF, 0xA3, 0x07, 0xFF,     0xFF, 0xA3, 0x07, 0xFF,
    0xFF, 0xA3, 0x07, 0xFF,     0xFF, 0xA2, 0x07, 0xFF,     0xFF, 0xA2, 0x07, 0xFF,     0xFF, 0xA1, 0x07, 0xFF,
    0xFF, 0xA1, 0x06, 0xFF,     0xFF, 0xA0, 0x06, 0xFF,     0xFF, 0xA0, 0x06, 0xFF,     0xFF, 0x9F, 0x06, 0xFF,
    0xFF, 0x9F, 0x06, 0xFF,     0xFF, 0x9E, 0x06, 0xFF,     0xFF, 0x9E, 0x06, 0xFF,     0xFF, 0x9E, 0x05, 0xFF,
    0xFF, 0x9D, 0x05, 0xFF,     0xFF, 0x9D, 0x05, 0xFF,     0xFF, 0x9C, 0x05, 0xFF,     0xFF, 0x9C, 0x05, 0xFF,
    0xFF, 0x9B, 0x05, 0xFF,     0xFF, 0x9B, 0x05, 0xFF,     0xFF, 0x9A, 0x04, 0xFF,     0xFF, 0x9A, 0x04, 0xFF,
    0xFF, 0x99, 0x04, 0xFF,     0xFF, 0x99, 0x04, 0xFF,     0xFF, 0x99, 0x04, 0xFF,     0xFF, 0x98, 0x04, 0xFF,
    0xFF, 0x98, 0x03, 0xFF,     0xFF, 0x97, 0x03, 0xFF,     0xFF, 0x97, 0x03, 0xFF,     0xFF, 0x96, 0x03, 0xFF,
    0xFF, 0x96, 0x03, 0xFF,     0xFF, 0x95, 0x03, 0xFF,     0xFF, 0x95, 0x03, 0xFF,     0xFF, 0x94, 0x02, 0xFF,
    0xFF, 0x94, 0x02, 0xFF,     0xFF, 0x94, 0x02, 0xFF,     0xFF, 0x93, 0x02, 0xFF,     0xFF, 0x93, 0x02, 0xFF,
    0xFF, 0x92, 0x02, 0xFF,     0xFF, 0x92, 0x02, 0xFF,     0xFF, 0x91, 0x01, 0xFF,     0xFF, 0x91, 0x01, 0xFF,
    0xFF, 0x90, 0x01, 0xFF,     0xFF, 0x90, 0x01, 0xFF,     0xFF, 0x8F, 0x01, 0xFF,     0xFF, 0x8F, 0x01, 0xFF,
    0xFF, 0x8F, 0x01, 0xFF,     0xFF, 0x8E, 0x00, 0xFF,     0xFF, 0x8E, 0x00, 0xFF,     0xFF, 0x8D, 0x00, 0xFF,
    0xFF, 0xC7, 0x13, 0xFF,     0xFF, 0xC6, 0x13, 0xFF,     0xFF, 0xC6, 0x13, 0xFF,     0xFF, 0xC5, 0x12, 0xFF,
    0xFF, 0xC5, 0x12, 0xFF,     0xFF, 0xC5, 0x12, 0xFF,     0xFF, 0xC4, 0x12, 0xFF,     0xFF, 0xC4, 0x12, 0xFF,
    0xFF, 0xC3, 0x12, 0xFF,     0xFF, 0xC3, 0x12, 0xFF,     0xFF, 0xC2, 0x11, 0xFF,     0xFF, 0xC2, 0x11, 0xFF,
    0xFF, 0xC1, 0x11, 0xFF,     0xFF, 0xC1, 0x11, 0xFF,     0xFF, 0xC0, 0x11, 0xFF,     0xFF, 0xC0, 0x11, 0xFF,
    0xFF, 0xC0, 0x11, 0xFF,     0xFF, 0xBF, 0x10, 0xFF,     0xFF, 0xBF, 0x10, 0xFF,     0xFF, 0xBE, 0x10, 0xFF,
    0xFF, 0xBE, 0x10, 0xFF,     0xFF, 0xBD, 0x10, 0xFF,     0xFF, 0xBD, 0x10, 0xFF,     0xFF, 0xBC, 0x10, 0xFF,
    0xFF, 0xBC, 0x0F, 0xFF,     0xFF, 0xBB, 0x0F, 0xFF,     0xFF, 0xBB, 0x0F, 0xFF,     0xFF, 0xBB, 0x0F, 0xFF,
    0xFF, 0xBA, 0x0F, 0xFF,     0xFF, 0xBA, 0x0F, 0xFF,     0xFF, 0xB9, 0x0E, 0xFF,     0xFF, 0xB9, 0x0E, 0xFF,
    0xFF, 0xB8, 0x0E, 0xFF,     0xFF, 0xB8, 0x0E, 0xFF,     0xFF, 0xB7, 0x0E, 0xFF,     0xFF, 0xB7, 0x0E, 0xFF,
    0xFF, 0xB6, 0x0E, 0xFF,     0xFF, 0xB6, 0x0D, 0xFF,     0xFF, 0xB6, 0x0D, 0xFF,     0xFF, 0xB5, 0x0D, 0xFF,
    0xFF, 0xB5, 0x0D, 0xFF,     0xFF, 0xB4, 0x0D, 0xFF,     0xFF, 0xB4, 0x0D, 0xFF,     0xFF, 0xB3, 0x0D, 0xFF,
    0xFF, 0xB3, 0x0C, 0xFF,     0xFF, 0xB2, 0x0C, 0xFF,     0xFF, 0xB2, 0x0C, 0xFF,     0xFF, 0xB1, 0x0C, 0xFF,
    0xFF, 0xB1, 0x0C, 0xFF,     0xFF, 0xB1, 0x0C, 0xFF,     0xFF, 0xB0, 0x0C, 0xFF,     0xFF, 0xB0, 0x0B, 0xFF,
    0xFF, 0xAF, 0x0B, 0xFF,     0xFF, 0xAF, 0x0B, 0xFF,     0xFF, 0xAE, 0x0B, 0xFF,     0xFF, 0xAE, 0x0B, 0xFF,
    0xFF, 0xAD, 0x0B, 0xFF,     0xFF, 0xAD, 0x0A, 0xFF,     0xFF, 0xAC, 0x0A, 0xFF,     0xFF, 0xAC, 0x0A, 0xFF,
    0xFF, 0xAC, 0x0A, 0xFF,     0xFF, 0xAB, 0x0A, 0xFF,     0xFF, 0xAB, 0x0A, 0xFF,     0xFF, 0xAA, 0x0A, 0xFF,
    0xFF, 0xAA, 0x09, 0xFF,     0xFF, 0xA9, 0x09, 0xFF,     0xFF, 0xA9, 0x09, 0xFF,     0xFF, 0xA8, 0x09, 0xFF,
    0xFF, 0xA8, 0x09, 0xFF,     0xFF, 0xA8, 0x09, 0xFF,     0xFF, 0xA7, 0x09, 0xFF,     0xFF, 0xA7, 0x08, 0xFF,
    0xFF, 0xA6, 0x08, 0xFF,     0xFF, 0xA6, 0x08, 0xFF,     0xFF, 0xA5, 0x08, 0xFF,     0xFF, 0xA5, 0x08, 0xFF,
    0xFF, 0xA4, 0x08, 0xFF,     0xFF, 0xA4, 0x07, 0xFF,     0xFF, 0xA3, 0x07, 0xFF,     0xFF, 0xA3, 0x07, 0xFF,
    0xFF, 0xA3, 0x07, 0xFF,     0xFF, 0xA2, 0x07, 0xFF,     0xFF, 0xA2, 0x07, 0xFF,     0xFF, 0xA1, 0x07, 0xFF,
    0xFF, 0xA1, 0x06, 0xFF,     0xFF, 0xA0, 0x06, 0xFF,     0xFF, 0xA0, 0x06, 0xFF,     0xFF, 0x9F, 0x06, 0xFF,
    0xFF, 0x9F, 0x06, 0xFF,     0xFF, 0x9E, 0x06, 0xFF,     0xFF, 0x9E, 0x06, 0xFF,     0xFF, 0x9E, 0x05, 0xFF,
    0xFF, 0x9D, 0x05, 0xFF,     0xFF, 0x9D, 0x05, 0xFF,     0xFF, 0x9C, 0x05, 0xFF,     0xFF, 0x9C, 0x05, 0xFF,
    0xFF, 0x9B, 0x05, 0xFF,     0xFF, 0x9B, 0x05, 0xFF,     0xFF, 0x9A, 0x04, 0xFF,     0xFF, 0x9A, 0x04, 0xFF,
    0xFF, 0x99, 0x04, 0xFF,     0xFF, 0x99, 0x04, 0xFF,     0xFF, 0x99, 0x04, 0xFF,     0xFF, 0x98, 0x04, 0xFF,
    0xFF, 0x98, 0x03, 0xFF,     0xFF, 0x97, 0x03, 0xFF,     0xFF, 0x97, 0x03, 0xFF,     0xFF, 0x96, 0x03, 0xFF,
    0xFF, 0x96, 0x03, 0xFF,     0xFF, 0x95, 0x03, 0xFF,     0xFF, 0x95, 0x03, 0xFF,     0xFF, 0x94, 0x02, 0xFF,
    0xFF, 0x94, 0x02, 0xFF,     0xFF, 0x94, 0x02, 0xFF,     0xFF, 0x93, 0x02, 0xFF,     0xFF, 0x93, 0x02, 0xFF,
    0xFF, 0x92, 0x02, 0xFF,     0xFF, 0x92, 0x02, 0xFF,     0xFF, 0x91, 0x01, 0xFF,     0xFF, 0x91, 0x01, 0xFF,
    0xFF, 0x90, 0x01, 0xFF,     0xFF, 0x90, 0x01, 0xFF,     0xFF, 0x8F, 0x01, 0xFF,     0xFF, 0x8F, 0x01, 0xFF,
    0xFF, 0x8F, 0x01, 0xFF,     0xFF, 0x8E, 0x00, 0xFF,     0xFF, 0x8E, 0x00, 0xFF,     0xFF, 0x8D, 0x00, 0xFF,
    0xFF, 0xC7, 0x13, 0xFF,     0xFF, 0xC6, 0x13, 0xFF,     0xFF, 0xC6, 0x13, 0xFF,     0xFF, 0xC5, 0x12, 0xFF,
    0xFF, 0xC5, 0x12, 0xFF,     0xFF, 0xC5, 0x12, 0xFF,     0xFF, 0xC4, 0x12, 0xFF,     0xFF, 0xC4, 0x12, 0xFF,
    0xFF, 0xC3, 0x12, 0xFF,     0xFF, 0xC3, 0x12, 0xFF,     0xFF, 0xC2, 0x11, 0xFF,     0xFF, 0xC2, 0x11, 0xFF,
    0xFF, 0xC1, 0x11, 0xFF,     0xFF, 0xC1, 0x11, 0xFF,     0xFF, 0xC0, 0x11, 0xFF,     0xFF, 0xC0, 0x11, 0xFF,
    0xFF, 0xC0, 0x11, 0xFF,     0xFF, 0xBF, 0x10, 0xFF,     0xFF, 0xBF, 0x10, 0xFF,     0xFF, 0xBE, 0x10, 0xFF,
    0xFF, 0xBE, 0x10, 0xFF,     0xFF, 0xBD, 0x10, 0xFF,     0xFF, 0xBD, 0x10, 0xFF,     0xFF, 0xBC, 0x10, 0xFF,
    0xFF, 0xBC, 0x0F, 0xFF,     0xFF, 0xBB, 0x0F, 0xFF,     0xFF, 0xBB, 0x0F, 0xFF,     0xFF, 0xBB, 0x0F, 0xFF,
    0xFF, 0xBA, 0x0F, 0xFF,     0xFF, 0xBA, 0x0F, 0xFF,     0xFF, 0xB9, 0x0E, 0xFF,     0xFF, 0xB9, 0x0E, 0xFF,
    0xFF, 0xB8, 0x0E, 0xFF,     0xFF, 0xB8, 0x0E, 0xFF,     0xFF, 0xB7, 0x0E, 0xFF,     0xFF, 0xB7, 0x0E, 0xFF,
    0xFF, 0xB6, 0x0E, 0xFF,     0xFF, 0xB6, 0x0D, 0xFF,     0xFF, 0xB6, 0x0D, 0xFF,     0xFF, 0xB5, 0x0D, 0xFF,
    0xFF, 0xB5, 0x0D, 0xFF,     0xFF, 0xB4, 0x0D, 0xFF,     0xFF, 0xB4, 0x0D, 0xFF,     0xFF, 0xB3, 0x0D, 0xFF,
    0xFF, 0xB3, 0x0C, 0xFF,     0xFF, 0xB2, 0x0C, 0xFF,     0xFF, 0xB2, 0x0C, 0xFF,     0xFF, 0xB1, 0x0C, 0xFF,
    0xFF, 0xB1, 0x0C, 0xFF,     0xFF, 0xB1, 0x0C, 0xFF,     0xFF, 0xB0, 0x0C, 0xFF,     0xFF, 0xB0, 0x0B, 0xFF,
    0xFF, 0xAF, 0x0B, 0xFF,     0xFF, 0xAF, 0x0B, 0xFF,     0xFF, 0xAE, 0x0B, 0xFF,     0xFF, 0xAE, 0x0B, 0xFF,
    0xFF, 0xAD, 0x0B, 0xFF,     0xFF, 0xAD, 0x0A, 0xFF,     0xFF, 0xAC, 0x0A, 0xFF,     0xFF, 0xAC, 0x0A, 0xFF,
    0xFF, 0xAC, 0x0A, 0xFF,     0xFF, 0xAB, 0x0A, 0xFF,     0xFF, 0xAB, 0x0A, 0xFF,     0xFF, 0xAA, 0x0A, 0xFF,
    0xFF, 0xAA, 0x09, 0xFF,     0xFF, 0xA9, 0x09, 0xFF,     0xFF, 0xA9, 0x09, 0xFF,     0xFF, 0xA8, 0x09, 0xFF,
    0xFF, 0xA8, 0x09, 0xFF,     0xFF, 0xA8, 0x09, 0xFF,     0xFF, 0xA7, 0x09, 0xFF,     0xFF, 0xA7, 0x08, 0xFF,
    0xFF, 0xA6, 0x08, 0xFF,     0xFF, 0xA6, 0x08, 0xFF,     0xFF, 0xA5, 0x08, 0xFF,     0xFF, 0xA5, 0x08, 0xFF,
    0xFF, 0xA4, 0x08, 0xFF,     0xFF, 0xA4, 0x07, 0xFF,     0xFF, 0xA3, 0x07, 0xFF,     0xFF, 0xA3, 0x07, 0xFF,
    0xFF, 0xA3, 0x07, 0xFF,     0xFF, 0xA2, 0x07, 0xFF,     0xFF, 0xA2, 0x07, 0xFF,     0xFF, 0xA1, 0x07, 0xFF,
    0xFF, 0xA1, 0x06, 0xFF,     0xFF, 0xA0, 0x06, 0xFF,     0xFF, 0xA0, 0x06, 0xFF,     0xFF, 0x9F, 0x06, 0xFF,
    0xFF, 0x9F, 0x06, 0xFF,     0xFF, 0x9E, 0x06, 0xFF,     0xFF, 0x9E, 0x06, 0xFF,     0xFF, 0x9E, 0x05, 0xFF,
    0xFF, 0x9D, 0x05, 0xFF,     0xFF, 0x9D, 0x05, 0xFF,     0xFF, 0x9C, 0x05, 0xFF,     0xFF, 0x9C, 0x05, 0xFF,
    0xFF, 0x9B, 0x05, 0xFF,     0xFF, 0x9B, 0x05, 0xFF,     0xFF, 0x9A, 0x04, 0xFF,     0xFF, 0x9A, 0x04, 0xFF,
    0xFF, 0x99, 0x04, 0xFF,     0xFF, 0x99, 0x04, 0xFF,     0xFF, 0x99, 0x04, 0xFF,     0xFF, 0x98, 0x04, 0xFF,
    0xFF, 0x98, 0x03, 0xFF,     0xFF, 0x97, 0x03, 0xFF,     0xFF, 0x97, 0x03, 0xFF,     0xFF, 0x96, 0x03, 0xFF,
    0xFF, 0x96, 0x03, 0xFF,     0xFF, 0x95, 0x03, 0xFF,     0xFF, 0x95, 0x03, 0xFF,     0xFF, 0x94, 0x02, 0xFF,
    0xFF, 0x94, 0x02, 0xFF,     0xFF, 0x94, 0x02, 0xFF,     0xFF, 0x93, 0x02, 0xFF,     0xFF, 0x93, 0x02, 0xFF,
    0xFF, 0x92, 0x02, 0xFF,     0xFF, 0x92, 0x02, 0xFF,     0xFF, 0x91, 0x01, 0xFF,     0xFF, 0x91, 0x01, 0xFF,
    0xFF, 0x90, 0x01, 0xFF,     0xFF, 0x90, 0x01, 0xFF,     0xFF, 0x8F, 0x01, 0xFF,     0xFF, 0x8F, 0x01, 0xFF,
    0xFF, 0x8F, 0x01, 0xFF,     0xFF, 0x8E, 0x00, 0xFF,     0xFF, 0x8E, 0x00, 0xFF,     0xFF, 0x8D, 0x00, 0xFF,
    0xFF, 0xC7, 0x13, 0xFF,     0xFF, 0xC6, 0x13, 0xFF,     0xFF, 0xC6, 0x13, 0xFF,     0xFF, 0xC5, 0x12, 0xFF,
    0xFF, 0xC5, 0x12, 0xFF,     0xFF, 0xC5, 0x12, 0xFF,     0xFF, 0xC4, 0x12, 0xFF,     0xFF, 0xC4, 0x12, 0xFF,
    0xFF, 0xC3, 0x12, 0xFF,     0xFF, 0xC3, 0x12, 0xFF,     0xFF, 0xC2, 0x11, 0xFF,     0xFF, 0xC2, 0x11, 0xFF,
    0xFF, 0xC1, 0x11, 0xFF,     0xFF, 0xC1, 0x11, 0xFF,     0xFF, 0xC0, 0x11, 0xFF,     0xFF, 0xC0, 0x11, 0xFF,
    0xFF, 0xC0, 0x11, 0xFF,     0xFF, 0xBF, 0x10, 0xFF,     0xFF, 0xBF, 0x10, 0xFF,     0xFF, 0xBE, 0x10, 0xFF,
    0xFF, 0xBE, 0x10, 0xFF,     0xFF, 0xBD, 0x10, 0xFF,     0xFF, 0xBD, 0x10, 0xFF,     0xFF, 0xBC, 0x10, 0xFF,
    0xFF, 0xBC, 0x0F, 0xFF,     0xFF, 0xBB, 0x0F, 0xFF,     0xFF, 0xBB, 0x0F, 0xFF,     0xFF, 0xBB, 0x0F, 0xFF,
    0xFF, 0xBA, 0x0F, 0xFF,     0xFF, 0xBA, 0x0F, 0xFF,     0xFF, 0xB9, 0x0E, 0xFF,     0xFF, 0xB9, 0x0E, 0xFF,
    0xFF, 0xB8, 0x0E, 0xFF,     0xFF, 0xB8, 0x0E, 0xFF,     0xFF, 0xB7, 0x0E, 0xFF,     0xFF, 0xB7, 0x0E, 0xFF,
    0xFF, 0xB6, 0x0E, 0xFF,     0xFF, 0xB6, 0x0D, 0xFF,     0xFF, 0xB6, 0x0D, 0xFF,     0xFF, 0xB5, 0x0D, 0xFF,
    0xFF, 0xB5, 0x0D, 0xFF,     0xFF, 0xB4, 0x0D, 0xFF,     0xFF, 0xB4, 0x0D, 0xFF,     0xFF, 0xB3, 0x0D, 0xFF,
    0xFF, 0xB3, 0x0C, 0xFF,     0xFF, 0xB2, 0x0C, 0xFF,     0xFF, 0xB2, 0x0C, 0xFF,     0xFF, 0xB1, 0x0C, 0xFF,
    0xFF, 0xB1, 0x0C, 0xFF,     0xFF, 0xB1, 0x0C, 0xFF,     0xFF, 0xB0, 0x0C, 0xFF,     0xFF, 0xB0, 0x0B, 0xFF,
    0xFF, 0xAF, 0x0B, 0xFF,     0xFF, 0xAF, 0x0B, 0xFF,     0xFF, 0xAE, 0x0B, 0xFF,     0xFF, 0xAE, 0x0B, 0xFF,
    0xFF, 0xAD, 0x0B, 0xFF,     0xFF, 0xAD, 0x0A, 0xFF,     0xFF, 0xAC, 0x0A, 0xFF,     0xFF, 0xAC, 0x0A, 0xFF,
    0xFF, 0xAC, 0x0A, 0xFF,     0xFF, 0xAB, 0x0A, 0xFF,     0xFF, 0xAB, 0x0A, 0xFF,     0xFF, 0xAA, 0x0A, 0xFF,
    0xFF, 0xAA, 0x09, 0xFF,     0xFF, 0xA9, 0x09, 0xFF,     0xFF, 0xA9, 0x09, 0xFF,     0xFF, 0xA8, 0x09, 0xFF,
    0xFF, 0xA8, 0x09, 0xFF,     0xFF, 0xA8, 0x09, 0xFF,     0xFF, 0xA7, 0x09, 0xFF,     0xFF, 0xA7, 0x08, 0xFF,
    0xFF, 0xA6, 0x08, 0xFF,     0xFF, 0xA6, 0x08, 0xFF,     0xFF, 0xA5, 0x08, 0xFF,     0xFF, 0xA5, 0x08, 0xFF,
    0xFF, 0xA4, 0x08, 0xFF,     0xFF, 0xA4, 0x07, 0xFF,     0xFF, 0xA3, 0x07, 0xFF,     0xFF, 0xA3, 0x07, 0xFF,
    0xFF, 0xA3, 0x07, 0xFF,     0xFF, 0xA2, 0x07, 0xFF,     0xFF, 0xA2, 0x07, 0xFF,     0xFF, 0xA1, 0x07, 0xFF,
    0xFF, 0xA1, 0x06, 0xFF,     0xFF, 0xA0, 0x06, 0xFF,     0xFF, 0xA0, 0x06, 0xFF,     0xFF, 0x9F, 0x06, 0xFF,
    0xFF, 0x9F, 0x06, 0xFF,     0xFF, 0x9E, 0x06, 0xFF,     0xFF, 0x9E, 0x06, 0xFF,     0xFF, 0x9E, 0x05, 0xFF,
    0xFF, 0x9D, 0x05, 0xFF,     0xFF, 0x9D, 0x05, 0xFF,     0xFF, 0x9C, 0x05, 0xFF,     0xFF, 0x9C, 0x05, 0xFF,
    0xFF, 0x9B, 0x05, 0xFF,     0xFF, 0x9B, 0x05, 0xFF,     0xFF, 0x9A, 0x04, 0xFF,     0xFF, 0x9A, 0x04, 0xFF,
    0xFF, 0x99, 0x04, 0xFF,     0xFF, 0x99, 0x04, 0xFF,     0xFF, 0x99, 0x04, 0xFF,     0xFF, 0x98, 0x04, 0xFF,
    0xFF, 0x98, 0x03, 0xFF,     0xFF, 0x97, 0x03, 0xFF,     0xFF, 0x97, 0x03, 0xFF,     0xFF, 0x96, 0x03, 0xFF,
    0xFF, 0x96, 0x03, 0xFF,     0xFF, 0x95, 0x03, 0xFF,     0xFF, 0x95, 0x03, 0xFF,     0xFF, 0x94, 0x02, 0xFF,
    0xFF, 0x94, 0x02, 0xFF,     0xFF, 0x94, 0x02, 0xFF,     0xFF, 0x93, 0x02, 0xFF,     0xFF, 0x93, 0x02, 0xFF,
    0xFF, 0x92, 0x02, 0xFF,     0xFF, 0x92, 0x02, 0xFF,     0xFF, 0x91, 0x01, 0xFF,     0xFF, 0x91, 0x01, 0xFF,
    0xFF, 0x90, 0x01, 0xFF,     0xFF, 0x90, 0x01, 0xFF,     0xFF, 0x8F, 0x01, 0xFF,     0xFF, 0x8F, 0x01, 0xFF,
    0xFF, 0x8F, 0x01, 0xFF,     0xFF, 0x8E, 0x00, 0xFF,     0xFF, 0x8E, 0x00, 0xFF,     0xFF, 0x8D, 0x00, 0xFF,
    0xFF, 0xC7, 0x13, 0xFF,     0xFF, 0xC6, 0x13, 0xFF,     0xFF, 0xC6, 0x13, 0xFF,     0xFF, 0xC5, 0x12, 0xFF,
    0xFF, 0xC5, 0x12, 0xFF,     0xFF, 0xC5, 0x12, 0xFF,     0xFF, 0xC4, 0x12, 0xFF,     0xFF, 0xC4, 0x12, 0xFF,
    0xFF, 0xC3, 0x12, 0xFF,     0xFF, 0xC3, 0x12, 0xFF,     0xFF, 0xC2, 0x11, 0xFF,     0xFF, 0xC2, 0x11, 0xFF,
    0xFF, 0xC1, 0x11, 0xFF,     0xFF, 0xC1, 0x11, 0xFF,     0xFF, 0xC0, 0x11, 0xFF,     0xFF, 0xC0, 0x11, 0xFF,
    0xFF, 0xC0, 0x11, 0xFF,     0xFF, 0xBF, 0x10, 0xFF,     0xFF, 0xBF, 0x10, 0xFF,     0xFF, 0xBE, 0x10, 0xFF,
    0xFF, 0xBE, 0x10, 0xFF,     0xFF, 0xBD, 0x10, 0xFF,     0xFF, 0xBD, 0x10, 0xFF,     0xFF, 0xBC, 0x10, 0xFF,
    0xFF, 0xBC, 0x0F, 0xFF,     0xFF, 0xBB, 0x0F, 0xFF,     0xFF, 0xBB, 0x0F, 0xFF,     0xFF, 0xBB, 0x0F, 0xFF,
    0xFF, 0xBA, 0x0F, 0xFF,     0xFF, 0xBA, 0x0F, 0xFF,     0xFF, 0xB9, 0x0E, 0xFF,     0xFF, 0xB9, 0x0E, 0xFF,
    0xFF, 0xB8, 0x0E, 0xFF,     0xFF, 0xB8, 0x0E, 0xFF,     0xFF, 0xB7, 0x0E, 0xFF,     0xFF, 0xB7, 0x0E, 0xFF,
    0xFF, 0xB6, 0x0E, 0xFF,     0xFF, 0xB6, 0x0D, 0xFF,     0xFF, 0xB6, 0x0D, 0xFF,     0xFF, 0xB5, 0x0D, 0xFF,
    0xFF, 0xB5, 0x0D, 0xFF,     0xFF, 0xB4, 0x0D, 0xFF,     0xFF, 0xB4, 0x0D, 0xFF,     0xFF, 0xB3, 0x0D, 0xFF,
    0xFF, 0xB3, 0x0C, 0xFF,     0xFF, 0xB2, 0x0C, 0xFF,     0xFF, 0xB2, 0x0C, 0xFF,     0xFF, 0xB1, 0x0C, 0xFF,
    0xFF, 0xB1, 0x0C, 0xFF,     0xFF, 0xB1, 0x0C, 0xFF,     0xFF, 0xB0, 0x0C, 0xFF,     0xFF, 0xB0, 0x0B, 0xFF,
    0xFF, 0xAF, 0x0B, 0xFF,     0xFF, 0xAF, 0x0B, 0xFF,     0xFF, 0xAE, 0x0B, 0xFF,     0xFF, 0xAE, 0x0B, 0xFF,
    0xFF, 0xAD, 0x0B, 0xFF,     0xFF, 0xAD, 0x0A, 0xFF,     0xFF, 0xAC, 0x0A, 0xFF,     0xFF, 0xAC, 0x0A, 0xFF,
    0xFF, 0xAC, 0x0A, 0xFF,     0xFF, 0xAB, 0x0A, 0xFF,     0xFF, 0xAB, 0x0A, 0xFF,     0xFF, 0xAA, 0x0A, 0xFF,
    0xFF, 0xAA, 0x09, 0xFF,     0xFF, 0xA9, 0x09, 0xFF,     0xFF, 0xA9, 0x09, 0xFF,     0xFF, 0xA8, 0x09, 0xFF,
    0xFF, 0xA8, 0x09, 0xFF,     0xFF, 0xA8, 0x09, 0xFF,     0xFF, 0xA7, 0x09, 0xFF,     0xFF, 0xA7, 0x08, 0xFF,
    0xFF, 0xA6, 0x08, 0xFF,     0xFF, 0xA6, 0x08, 0xFF,     0xFF, 0xA5, 0x08, 0xFF,     0xFF, 0xA5, 0x08, 0xFF,
    0xFF, 0xA4, 0x08, 0xFF,     0xFF, 0xA4, 0x07, 0xFF,     0xFF, 0xA3, 0x07, 0xFF,     0xFF, 0xA3, 0x07, 0xFF,
    0xFF, 0xA3, 0x07, 0xFF,     0xFF, 0xA2, 0x07, 0xFF,     0xFF, 0xA2, 0x07, 0xFF,     0xFF, 0xA1, 0x07, 0xFF,
    0xFF, 0xA1, 0x06, 0xFF,     0xFF, 0xA0, 0x06, 0xFF,     0xFF, 0xA0, 0x06, 0xFF,     0xFF, 0x9F, 0x06, 0xFF,
    0xFF, 0x9F, 0x06, 0xFF,     0xFF, 0x9E, 0x06, 0xFF,     0xFF, 0x9E, 0x06, 0xFF,     0xFF, 0x9E, 0x05, 0xFF,
    0xFF, 0x9D, 0x05, 0xFF,     0xFF, 0x9D, 0x05, 0xFF,     0xFF, 0x9C, 0x05, 0xFF,     0xFF, 0x9C, 0x05, 0xFF,
    0xFF, 0x9B, 0x05, 0xFF,     0xFF, 0x9B, 0x05, 0xFF,     0xFF, 0x9A, 0x04, 0xFF,     0xFF, 0x9A, 0x04, 0xFF,
    0xFF, 0x99, 0x04, 0xFF,     0xFF, 0x99, 0x04, 0xFF,     0xFF, 0x99, 0x04, 0xFF,     0xFF, 0x98, 0x04, 0xFF,
    0xFF, 0x98, 0x03, 0xFF,     0xFF, 0x97, 0x03, 0xFF,     0xFF, 0x97, 0x03, 0xFF,     0xFF, 0x96, 0x03, 0xFF,
    0xFF, 0x96, 0x03, 0xFF,     0xFF, 0x95, 0x03, 0xFF,     0xFF, 0x95, 0x03, 0xFF,     0xFF, 0x94, 0x02, 0xFF,
    0xFF, 0x94, 0x02, 0xFF,     0xFF, 0x94, 0x02, 0xFF,     0xFF, 0x93, 0x02, 0xFF,     0xFF, 0x93, 0x02, 0xFF,
    0xFF, 0x92, 0x02, 0xFF,     0xFF, 0x92, 0x02, 0xFF,     0xFF, 0x91, 0x01, 0xFF,     0xFF, 0x91, 0x01, 0xFF,
    0xFF, 0x90, 0x01, 0xFF,     0xFF, 0x90, 0x01, 0xFF,     0xFF, 0x8F, 0x01, 0xFF,     0xFF, 0x8F, 0x01, 0xFF,
    0xFF, 0x8F, 0x01, 0xFF,     0xFF, 0x8E, 0x00, 0xFF,     0xFF, 0x8E, 0x00, 0xFF,     0xFF, 0x8D, 0x00, 0xFF,
    0xFF, 0xC7, 0x13, 0xFF,     0xFF, 0xC6, 0x13, 0xFF,     0xFF, 0xC6, 0x13, 0xFF,     0xFF, 0xC5, 0x12, 0xFF,
    0xFF, 0xC5, 0x12, 0xFF,     0xFF, 0xC5, 0x12, 0xFF,     0xFF, 0xC4, 0x12, 0xFF,     0xFF, 0xC4, 0x12, 0xFF,
    0xFF, 0xC3, 0x12, 0xFF,     0xFF, 0xC3, 0x12, 0xFF,     0xFF, 0xC2, 0x11, 0xFF,     0xFF, 0xC2, 0x11, 0xFF,
    0xFF, 0xC1, 0x11, 0xFF,     0xFF, 0xC1, 0x11, 0xFF,     0xFF, 0xC0, 0x11, 0xFF,     0xFF, 0xC0, 0x11, 0xFF,
    0xFF, 0xC0, 0x11, 0xFF,     0xFF, 0xBF, 0x10, 0xFF,     0xFF, 0xBF, 0x10, 0xFF,     0xFF, 0xBE, 0x10, 0xFF,
    0xFF, 0xBE, 0x10, 0xFF,     0xFF, 0xBD, 0x10, 0xFF,     0xFF, 0xBD, 0x10, 0xFF,     0xFF, 0xBC, 0x10, 0xFF,
    0xFF, 0xBC, 0x0F, 0xFF,     0xFF, 0xBB, 0x0F, 0xFF,     0xFF, 0xBB, 0x0F, 0xFF,     0xFF, 0xBB, 0x0F, 0xFF,
    0xFF, 0xBA, 0x0F, 0xFF,     0xFF, 0xBA, 0x0F, 0xFF,     0xFF, 0xB9, 0x0E, 0xFF,     0xFF, 0xB9, 0x0E, 0xFF,
    0xFF, 0xB8, 0x0E, 0xFF,     0xFF, 0xB8, 0x0E, 0xFF,     0xFF, 0xB7, 0x0E, 0xFF,     0xFF, 0xB7, 0x0E, 0xFF,
    0xFF, 0xB6, 0x0E, 0xFF,     0xFF, 0xB6, 0x0D, 0xFF,     0xFF, 0xB6, 0x0D, 0xFF,     0xFF, 0xB5, 0x0D, 0xFF,
    0xFF, 0xB5, 0x0D, 0xFF,     0xFF, 0xB4, 0x0D, 0xFF,     0xFF, 0xB4, 0x0D, 0xFF,     0xFF, 0xB3, 0x0D, 0xFF,
    0xFF, 0xB3, 0x0C, 0xFF,     0xFF, 0xB2, 0x0C, 0xFF,     0xFF, 0xB2, 0x0C, 0xFF,     0xFF, 0xB1, 0x0C, 0xFF,
    0xFF, 0xB1, 0x0C, 0xFF,     0xFF, 0xB1, 0x0C, 0xFF,     0xFF, 0xB0, 0x0C, 0xFF,     0xFF, 0xB0, 0x0B, 0xFF,
    0xFF, 0xAF, 0x0B, 0xFF,     0xFF, 0xAF, 0x0B, 0xFF,     0xFF, 0xAE, 0x0B, 0xFF,     0xFF, 0xAE, 0x0B, 0xFF,
    0xFF, 0xAD, 0x0B, 0xFF,     0xFF, 0xAD, 0x0A, 0xFF,     0xFF, 0xAC, 0x0A, 0xFF,     0xFF, 0xAC, 0x0A, 0xFF,
    0xFF, 0xAC, 0x0A, 0xFF,     0xFF, 0xAB, 0x0A, 0xFF,     0xFF, 0xAB, 0x0A, 0xFF,     0xFF, 0xAA, 0x0A, 0xFF,
    0xFF, 0xAA, 0x09, 0xFF,     0xFF, 0xA9, 0x09, 0xFF,     0xFF, 0xA9, 0x09, 0xFF,     0xFF, 0xA8, 0x09, 0xFF,
    0xFF, 0xA8, 0x09, 0xFF,     0xFF, 0xA8, 0x09, 0xFF,     0xFF, 0xA7, 0x09, 0xFF,     0xFF, 0xA7, 0x08, 0xFF,
    0xFF, 0xA6, 0x08, 0xFF,     0xFF, 0xA6, 0x08, 0xFF,     0xFF, 0xA5, 0x08, 0xFF,     0xFF, 0xA5, 0x08, 0xFF,
    0xFF, 0xA4, 0x08, 0xFF,     0xFF, 0xA4, 0x07, 0xFF,     0xFF, 0xA3, 0x07, 0xFF,     0xFF, 0xA3, 0x07, 0xFF,
    0xFF, 0xA3, 0x07, 0xFF,     0xFF, 0xA2, 0x07, 0xFF,     0xFF, 0xA2, 0x07, 0xFF,     0xFF, 0xA1, 0x07, 0xFF,
    0xFF, 0xA1, 0x06, 0xFF,     0xFF, 0xA0, 0x06, 0xFF,     0xFF, 0xA0, 0x06, 0xFF,     0xFF, 0x9F, 0x06, 0xFF,
    0xFF, 0x9F, 0x06, 0xFF,     0xFF, 0x9E, 0x06, 0xFF,     0xFF, 0x9E, 0x06, 0xFF,     0xFF, 0x9E, 0x05, 0xFF,
    0xFF, 0x9D, 0x05, 0xFF,     0xFF, 0x9D, 0x05, 0xFF,     0xFF, 0x9C, 0x05, 0xFF,     0xFF, 0x9C, 0x05, 0xFF,
    0xFF, 0x9B, 0x05, 0xFF,     0xFF, 0x9B, 0x05, 0xFF,     0xFF, 0x9A, 0x04, 0xFF,     0xFF, 0x9A, 0x04, 0xFF,
    0xFF, 0x99, 0x04, 0xFF,     0xFF, 0x99, 0x04, 0xFF,     0xFF, 0x99, 0x04, 0xFF,     0xFF, 0x98, 0x04, 0xFF,
    0xFF, 0x98, 0x03, 0xFF,     0xFF, 0x97, 0x03, 0xFF,     0xFF, 0x97, 0x03, 0xFF,     0xFF, 0x96, 0x03, 0xFF,
    0xFF, 0x96, 0x03, 0xFF,     0xFF, 0x95, 0x03, 0xFF,     0xFF, 0x95, 0x03, 0xFF,     0xFF, 0x94, 0x02, 0xFF,
    0xFF, 0x94, 0x02, 0xFF,     0xFF, 0x94, 0x02, 0xFF,     0xFF, 0x93, 0x02, 0xFF,     0xFF, 0x93, 0x02, 0xFF,
    0xFF, 0x92, 0x02, 0xFF,     0xFF, 0x92, 0x02, 0xFF,     0xFF, 0x91, 0x01, 0xFF,     0xFF, 0x91, 0x01, 0xFF,
    0xFF, 0x90, 0x01, 0xFF,     0xFF, 0x90, 0x01, 0xFF,     0xFF, 0x8F, 0x01, 0xFF,     0xFF, 0x8F, 0x01, 0xFF,
    0xFF, 0x8F, 0x01, 0xFF,     0xFF, 0x8E, 0x00, 0xFF,     0xFF, 0x8E, 0x00, 0xFF,     0xFF, 0x8D, 0x00, 0xFF,
    0xFF, 0xC7, 0x13, 0xFF,     0xFF, 0xC6, 0x13, 0xFF,     0xFF, 0xC6, 0x13, 0xFF,     0xFF, 0xC5, 0x12, 0xFF,
    0xFF, 0xC5, 0x12, 0xFF,     0xFF, 0xC5, 0x12, 0xFF,     0xFF, 0xC4, 0x12, 0xFF,     0xFF, 0xC4, 0x12, 0xFF,
    0xFF, 0xC3, 0x12, 0xFF,     0xFF, 0xC3, 0x12, 0xFF,     0xFF, 0xC2, 0x11, 0xFF,     0xFF, 0xC2, 0x11, 0xFF,
    0xFF, 0xC1, 0x11, 0xFF,     0xFF, 0xC1, 0x11, 0xFF,     0xFF, 0xC0, 0x11, 0xFF,     0xFF, 0xC0, 0x11, 0xFF,
    0xFF, 0xC0, 0x11, 0xFF,     0xFF, 0xBF, 0x10, 0xFF,     0xFF, 0xBF, 0x10, 0xFF,     0xFF, 0xBE, 0x10, 0xFF,
    0xFF, 0xBE, 0x10, 0xFF,     0xFF, 0xBD, 0x10, 0xFF,     0xFF, 0xBD, 0x10, 0xFF,     0xFF, 0xBC, 0x10, 0xFF,
    0xFF, 0xBC, 0x0F, 0xFF,     0xFF, 0xBB, 0x0F, 0xFF,     0xFF, 0xBB, 0x0F, 0xFF,     0xFF, 0xBB, 0x0F, 0xFF,
    0xFF, 0xBA, 0x0F, 0xFF,     0xFF, 0xBA, 0x0F, 0xFF,     0xFF, 0xB9, 0x0E, 0xFF,     0xFF, 0xB9, 0x0E, 0xFF,
    0xFF, 0xB8, 0x0E, 0xFF,     0xFF, 0xB8, 0x0E, 0xFF,     0xFF, 0xB7, 0x0E, 0xFF,     0xFF, 0xB7, 0x0E, 0xFF,
    0xFF, 0xB6, 0x0E, 0xFF,     0xFF, 0xB6, 0x0D, 0xFF,     0xFF, 0xB6, 0x0D, 0xFF,     0xFF, 0xB5, 0x0D, 0xFF,
    0xFF, 0xB5, 0x0D, 0xFF,     0xFF, 0xB4, 0x0D, 0xFF,     0xFF, 0xB4, 0x0D, 0xFF,     0xFF, 0xB3, 0x0D, 0xFF,
    0xFF, 0xB3, 0x0C, 0xFF,     0xFF, 0xB2, 0x0C, 0xFF,     0xFF, 0xB2, 0x0C, 0xFF,     0xFF, 0xB1, 0x0C, 0xFF,
    0xFF, 0xB1, 0x0C, 0xFF,     0xFF, 0xB1, 0x0C, 0xFF,     0xFF, 0xB0, 0x0C, 0xFF,     0xFF, 0xB0, 0x0B, 0xFF,
    0xFF, 0xAF, 0x0B, 0xFF,     0xFF, 0xAF, 0x0B, 0xFF,     0xFF, 0xAE, 0x0B, 0xFF,     0xFF, 0xAE, 0x0B, 0xFF,
    0xFF, 0xAD, 0x0B, 0xFF,     0xFF, 0xAD, 0x0A, 0xFF,     0xFF, 0xAC, 0x0A, 0xFF,     0xFF, 0xAC, 0x0A, 0xFF,
    0xFF, 0xAC, 0x0A, 0xFF,     0xFF, 0xAB, 0x0A, 0xFF,     0xFF, 0xAB, 0x0A, 0xFF,     0xFF, 0xAA, 0x0A, 0xFF,
    0xFF, 0xAA, 0x09, 0xFF,     0xFF, 0xA9, 0x09, 0xFF,     0xFF, 0xA9, 0x09, 0xFF,     0xFF, 0xA8, 0x09, 0xFF,
    0xFF, 0xA8, 0x09, 0xFF,     0xFF, 0xA8, 0x09, 0xFF,     0xFF, 0xA7, 0x09, 0xFF,     0xFF, 0xA7, 0x08, 0xFF,
    0xFF, 0xA6, 0x08, 0xFF,     0xFF, 0xA6, 0x08, 0xFF,     0xFF, 0xA5, 0x08, 0xFF,     0xFF, 0xA5, 0x08, 0xFF,
    0xFF, 0xA4, 0x08, 0xFF,     0xFF, 0xA4, 0x07, 0xFF,     0xFF, 0xA3, 0x07, 0xFF,     0xFF, 0xA3, 0x07, 0xFF,
    0xFF, 0xA3, 0x07, 0xFF,     0xFF, 0xA2, 0x07, 0xFF,     0xFF, 0xA2, 0x07, 0xFF,     0xFF, 0xA1, 0x07, 0xFF,
    0xFF, 0xA1, 0x06, 0xFF,     0xFF, 0xA0, 0x06, 0xFF,     0xFF, 0xA0, 0x06, 0xFF,     0xFF, 0x9F, 0x06, 0xFF,
    0xFF, 0x9F, 0x06, 0xFF,     0xFF, 0x9E, 0x06, 0xFF,     0xFF, 0x9E, 0x06, 0xFF,     0xFF, 0x9E, 0x05, 0xFF,
    0xFF, 0x9D, 0x05, 0xFF,     0xFF, 0x9D, 0x05, 0xFF,     0xFF, 0x9C, 0x05, 0xFF,     0xFF, 0x9C, 0x05, 0xFF,
    0xFF, 0x9B, 0x05, 0xFF,     0xFF, 0x9B, 0x05, 0xFF,     0xFF, 0x9A, 0x04, 0xFF,     0xFF, 0x9A, 0x04, 0xFF,
    0xFF, 0x99, 0x04, 0xFF,     0xFF, 0x99, 0x04, 0xFF,     0xFF, 0x99, 0x04, 0xFF,     0xFF, 0x98, 0x04, 0xFF,
    0xFF, 0x98, 0x03, 0xFF,     0xFF, 0x97, 0x03, 0xFF,     0xFF, 0x97, 0x03, 0xFF,     0xFF, 0x96, 0x03, 0xFF,
    0xFF, 0x96, 0x03, 0xFF,     0xFF, 0x95, 0x03, 0xFF,     0xFF, 0x95, 0x03, 0xFF,     0xFF, 0x94, 0x02, 0xFF,
    0xFF, 0x94, 0x02, 0xFF,     0xFF, 0x94, 0x02, 0xFF,     0xFF, 0x93, 0x02, 0xFF,     0xFF, 0x93, 0x02, 0xFF,
    0xFF, 0x92, 0x02, 0xFF,     0xFF, 0x92, 0x02, 0xFF,     0xFF, 0x91, 0x01, 0xFF,     0xFF, 0x91, 0x01, 0xFF,
    0xFF, 0x90, 0x01, 0xFF,     0xFF, 0x90, 0x01, 0xFF,     0xFF, 0x8F, 0x01, 0xFF,     0xFF, 0x8F, 0x01, 0xFF,
    0xFF, 0x8F, 0x01, 0xFF,     0xFF, 0x8E, 0x00, 0xFF,     0xFF, 0x8E, 0x00, 0xFF,     0xFF, 0x8D, 0x00, 0xFF,
    0xFF, 0xC7, 0x13, 0xFF,     0xFF, 0xC6, 0x13, 0xFF,     0xFF, 0xC6, 0x13, 0xFF,     0xFF, 0xC5, 0x12, 0xFF,
    0xFF, 0xC5, 0x12, 0xFF,     0xFF, 0xC5, 0x12, 0xFF,     0xFF, 0xC4, 0x12, 0xFF,     0xFF, 0xC4, 0x12, 0xFF,
    0xFF, 0xC3, 0x12, 0xFF,     0xFF, 0xC3, 0x12, 0xFF,     0xFF, 0xC2, 0x11, 0xFF,     0xFF, 0xC2, 0x11, 0xFF,
    0xFF, 0xC1, 0x11, 0xFF,     0xFF, 0xC1, 0x11, 0xFF,     0xFF, 0xC0, 0x11, 0xFF,     0xFF, 0xC0, 0x11, 0xFF,
    0xFF, 0xC0, 0x11, 0xFF,     0xFF, 0xBF, 0x10, 0xFF,     0xFF, 0xBF, 0x10, 0xFF,     0xFF, 0xBE, 0x10, 0xFF,
    0xFF, 0xBE, 0x10, 0xFF,     0xFF, 0xBD, 0x10, 0xFF,     0xFF, 0xBD, 0x10, 0xFF,     0xFF, 0xBC, 0x10, 0xFF,
    0xFF, 0xBC, 0x0F, 0xFF,     0xFF, 0xBB, 0x0F, 0xFF,     0xFF, 0xBB, 0x0F, 0xFF,     0xFF, 0xBB, 0x0F, 0xFF,
    0xFF, 0xBA, 0x0F, 0xFF,     0xFF, 0xBA, 0x0F, 0xFF,     0xFF, 0xB9, 0x0E, 0xFF,     0xFF, 0xB9, 0x0E, 0xFF,
    0xFF, 0xB8, 0x0E, 0xFF,     0xFF, 0xB8, 0x0E, 0xFF,     0xFF, 0xB7, 0x0E, 0xFF,     0xFF, 0xB7, 0x0E, 0xFF,
    0xFF, 0xB6, 0x0E, 0xFF,     0xFF, 0xB6, 0x0D, 0xFF,     0xFF, 0xB6, 0x0D, 0xFF,     0xFF, 0xB5, 0x0D, 0xFF,
    0xFF, 0xB5, 0x0D, 0xFF,     0xFF, 0xB4, 0x0D, 0xFF,     0xFF, 0xB4, 0x0D, 0xFF,     0xFF, 0xB3, 0x0D, 0xFF,
    0xFF, 0xB3, 0x0C, 0xFF,     0xFF, 0xB2, 0x0C, 0xFF,     0xFF, 0xB2, 0x0C, 0xFF,     0xFF, 0xB1, 0x0C, 0xFF,
    0xFF, 0xB1, 0x0C, 0xFF,     0xFF, 0xB1, 0x0C, 0xFF,     0xFF, 0xB0, 0x0C, 0xFF,     0xFF, 0xB0, 0x0B, 0xFF,
    0xFF, 0xAF, 0x0B, 0xFF,     0xFF, 0xAF, 0x0B, 0xFF,     0xFF, 0xAE, 0x0B, 0xFF,     0xFF, 0xAE, 0x0B, 0xFF,
    0xFF, 0xAD, 0x0B, 0xFF,     0xFF, 0xAD, 0x0A, 0xFF,     0xFF, 0xAC, 0x0A, 0xFF,     0xFF, 0xAC, 0x0A, 0xFF,
    0xFF, 0xAC, 0x0A, 0xFF,     0xFF, 0xAB, 0x0A, 0xFF,     0xFF, 0xAB, 0x0A, 0xFF,     0xFF, 0xAA, 0x0A, 0xFF,
    0xFF, 0xAA, 0x09, 0xFF,     0xFF, 0xA9, 0x09, 0xFF,     0xFF, 0xA9, 0x09, 0xFF,     0xFF, 0xA8, 0x09, 0xFF,
    0xFF, 0xA8, 0x09, 0xFF,     0xFF, 0xA8, 0x09, 0xFF,     0xFF, 0xA7, 0x09, 0xFF,     0xFF, 0xA7, 0x08, 0xFF,
    0xFF, 0xA6, 0x08, 0xFF,     0xFF, 0xA6, 0x08, 0xFF,     0xFF, 0xA5, 0x08, 0xFF,     0xFF, 0xA5, 0x08, 0xFF,
    0xFF, 0xA4, 0x08, 0xFF,     0xFF, 0xA4, 0x07, 0xFF,     0xFF, 0xA3, 0x07, 0xFF,     0xFF, 0xA3, 0x07, 0xFF,
    0xFF, 0xA3, 0x07, 0xFF,     0xFF, 0xA2, 0x07, 0xFF,     0xFF, 0xA2, 0x07, 0xFF,     0xFF, 0xA1, 0x07, 0xFF,
    0xFF, 0xA1, 0x06, 0xFF,     0xFF, 0xA0, 0x06, 0xFF,     0xFF, 0xA0, 0x06, 0xFF,     0xFF, 0x9F, 0x06, 0xFF,
    0xFF, 0x9F, 0x06, 0xFF,     0xFF, 0x9E, 0x06, 0xFF,     0xFF, 0x9E, 0x06, 0xFF,     0xFF, 0x9E, 0x05, 0xFF,
    0xFF, 0x9D, 0x05, 0xFF,     0xFF, 0x9D, 0x05, 0xFF,     0xFF, 0x9C, 0x05, 0xFF,     0xFF, 0x9C, 0x05, 0xFF,
    0xFF, 0x9B, 0x05, 0xFF,     0xFF, 0x9B, 0x05, 0xFF,     0xFF, 0x9A, 0x04, 0xFF,     0xFF, 0x9A, 0x04, 0xFF,
    0xFF, 0x99, 0x04, 0xFF,     0xFF, 0x99, 0x04, 0xFF,     0xFF, 0x99, 0x04, 0xFF,     0xFF, 0x98, 0x04, 0xFF,
    0xFF, 0x98, 0x03, 0xFF,     0xFF, 0x97, 0x03, 0xFF,     0xFF, 0x97, 0x03, 0xFF,     0xFF, 0x96, 0x03, 0xFF,
    0xFF, 0x96, 0x03, 0xFF,     0xFF, 0x95, 0x03, 0xFF,     0xFF, 0x95, 0x03, 0xFF,     0xFF, 0x94, 0x02, 0xFF,
    0xFF, 0x94, 0x02, 0xFF,     0xFF, 0x94, 0x02, 0xFF,     0xFF, 0x93, 0x02, 0xFF,     0xFF, 0x93, 0x02, 0xFF,
    0xFF, 0x92, 0x02, 0xFF,     0xFF, 0x92, 0x02, 0xFF,     0xFF, 0x91, 0x01, 0xFF,     0xFF, 0x91, 0x01, 0xFF,
    0xFF, 0x90, 0x01, 0xFF,     0xFF, 0x90, 0x01, 0xFF,     0xFF, 0x8F, 0x01, 0xFF,     0xFF, 0x8F, 0x01, 0xFF,
    0xFF, 0x8F, 0x01, 0xFF,     0xFF, 0x8E, 0x00, 0xFF,     0xFF, 0x8E, 0x00, 0xFF,     0xFF, 0x8D, 0x00, 0xFF,
    0xFF, 0xC7, 0x13, 0xFF,     0xFF, 0xC6, 0x13, 0xFF,     0xFF, 0xC6, 0x13, 0xFF,     0xFF, 0xC5, 0x12, 0xFF,
    0xFF, 0xC5, 0x12, 0xFF,     0xFF, 0xC5, 0x12, 0xFF,     0xFF, 0xC4, 0x12, 0xFF,     0xFF, 0xC4, 0x12, 0xFF,
    0xFF, 0xC3, 0x12, 0xFF,     0xFF, 0xC3, 0x12, 0xFF,     0xFF, 0xC2, 0x11, 0xFF,     0xFF, 0xC2, 0x11, 0xFF,
    0xFF, 0xC1, 0x11, 0xFF,     0xFF, 0xC1, 0x11, 0xFF,     0xFF, 0xC0, 0x11, 0xFF,     0xFF, 0xC0, 0x11, 0xFF,
    0xFF, 0xC0, 0x11, 0xFF,     0xFF, 0xBF, 0x10, 0xFF,     0xFF, 0xBF, 0x10, 0xFF,     0xFF, 0xBE, 0x10, 0xFF,
    0xFF, 0xBE, 0x10, 0xFF,     0xFF, 0xBD, 0x10, 0xFF,     0xFF, 0xBD, 0x10, 0xFF,     0xFF, 0xBC, 0x10, 0xFF,
    0xFF, 0xBC, 0x0F, 0xFF,     0xFF, 0xBB, 0x0F, 0xFF,     0xFF, 0xBB, 0x0F, 0xFF,     0xFF, 0xBB, 0x0F, 0xFF,
    0xFF, 0xBA, 0x0F, 0xFF,     0xFF, 0xBA, 0x0F, 0xFF,     0xFF, 0xB9, 0x0E, 0xFF,     0xFF, 0xB9, 0x0E, 0xFF,
    0xFF, 0xB8, 0x0E, 0xFF,     0xFF, 0xB8, 0x0E, 0xFF,     0xFF, 0xB7, 0x0E, 0xFF,     0xFF, 0xB7, 0x0E, 0xFF,
    0xFF, 0xB6, 0x0E, 0xFF,     0xFF, 0xB6, 0x0D, 0xFF,     0xFF, 0xB6, 0x0D, 0xFF,     0xFF, 0xB5, 0x0D, 0xFF,
    0xFF, 0xB5, 0x0D, 0xFF,     0xFF, 0xB4, 0x0D, 0xFF,     0xFF, 0xB4, 0x0D, 0xFF,     0xFF, 0xB3, 0x0D, 0xFF,
    0xFF, 0xB3, 0x0C, 0xFF,     0xFF, 0xB2, 0x0C, 0xFF,     0xFF, 0xB2, 0x0C, 0xFF,     0xFF, 0xB1, 0x0C, 0xFF,
    0xFF, 0xB1, 0x0C, 0xFF,     0xFF, 0xB1, 0x0C, 0xFF,     0xFF, 0xB0, 0x0C, 0xFF,     0xFF, 0xB0, 0x0B, 0xFF,
    0xFF, 0xAF, 0x0B, 0xFF,     0xFF, 0xAF, 0x0B, 0xFF,     0xFF, 0xAE, 0x0B, 0xFF,     0xFF, 0xAE, 0x0B, 0xFF,
    0xFF, 0xAD, 0x0B, 0xFF,     0xFF, 0xAD, 0x0A, 0xFF,     0xFF, 0xAC, 0x0A, 0xFF,     0xFF, 0xAC, 0x0A, 0xFF,
    0xFF, 0xAC, 0x0A, 0xFF,     0xFF, 0xAB, 0x0A, 0xFF,     0xFF, 0xAB, 0x0A, 0xFF,     0xFF, 0xAA, 0x0A, 0xFF,
    0xFF, 0xAA, 0x09, 0xFF,     0xFF, 0xA9, 0x09, 0xFF,     0xFF, 0xA9, 0x09, 0xFF,     0xFF, 0xA8, 0x09, 0xFF,
    0xFF, 0xA8, 0x09, 0xFF,     0xFF, 0xA8, 0x09, 0xFF,     0xFF, 0xA7, 0x09, 0xFF,     0xFF, 0xA7, 0x08, 0xFF,
    0xFF, 0xA6, 0x08, 0xFF,     0xFF, 0xA6, 0x08, 0xFF,     0xFF, 0xA5, 0x08, 0xFF,     0xFF, 0xA5, 0x08, 0xFF,
    0xFF, 0xA4, 0x08, 0xFF,     0xFF, 0xA4, 0x07, 0xFF,     0xFF, 0xA3, 0x07, 0xFF,     0xFF, 0xA3, 0x07, 0xFF,
    0xFF, 0xA3, 0x07, 0xFF,     0xFF, 0xA2, 0x07, 0xFF,     0xFF, 0xA2, 0x07, 0xFF,     0xFF, 0xA1, 0x07, 0xFF,
    0xFF, 0xA1, 0x06, 0xFF,     0xFF, 0xA0, 0x06, 0xFF,     0xFF, 0xA0, 0x06, 0xFF,     0xFF, 0x9F, 0x06, 0xFF,
    0xFF, 0x9F, 0x06, 0xFF,     0xFF, 0x9E, 0x06, 0xFF,     0xFF, 0x9E, 0x06, 0xFF,     0xFF, 0x9E, 0x05, 0xFF,
    0xFF, 0x9D, 0x05, 0xFF,     0xFF, 0x9D, 0x05, 0xFF,     0xFF, 0x9C, 0x05, 0xFF,     0xFF, 0x9C, 0x05, 0xFF,
    0xFF, 0x9B, 0x05, 0xFF,     0xFF, 0x9B, 0x05, 0xFF,     0xFF, 0x9A, 0x04, 0xFF,     0xFF, 0x9A, 0x04, 0xFF,
    0xFF, 0x99, 0x04, 0xFF,     0xFF, 0x99, 0x04, 0xFF,     0xFF, 0x99, 0x04, 0xFF,     0xFF, 0x98, 0x04, 0xFF,
    0xFF, 0x98, 0x03, 0xFF,     0xFF, 0x97, 0x03, 0xFF,     0xFF, 0x97, 0x03, 0xFF,     0xFF, 0x96, 0x03, 0xFF,
    0xFF, 0x96, 0x03, 0xFF,     0xFF, 0x95, 0x03, 0xFF,     0xFF, 0x95, 0x03, 0xFF,     0xFF, 0x94, 0x02, 0xFF,
    0xFF, 0x94, 0x02, 0xFF,     0xFF, 0x94, 0x02, 0xFF,     0xFF, 0x93, 0x02, 0xFF,     0xFF, 0x93, 0x02, 0xFF,
    0xFF, 0x92, 0x02, 0xFF,     0xFF, 0x92, 0x02, 0xFF,     0xFF, 0x91, 0x01, 0xFF,     0xFF, 0x91, 0x01, 0xFF,
    0xFF, 0x90, 0x01, 0xFF,     0xFF, 0x90, 0x01, 0xFF,     0xFF, 0x8F, 0x01, 0xFF,     0xFF, 0x8F, 0x01, 0xFF,
    0xFF, 0x8F, 0x01, 0xFF,     0xFF, 0x8E, 0x00, 0xFF,     0xFF, 0x8E, 0x00, 0xFF,     0xFF, 0x8D, 0x00, 0xFF,
    0xFF, 0xC7, 0x13, 0xFF,     0xFF, 0xC6, 0x13, 0xFF,     0xFF, 0xC6, 0x13, 0xFF,     0xFF, 0xC5, 0x12, 0xFF,
    0xFF, 0xC5, 0x12, 0xFF,     0xFF, 0xC5, 0x12, 0xFF,     0xFF, 0xC4, 0x12, 0xFF,     0xFF, 0xC4, 0x12, 0xFF,
    0xFF, 0xC3, 0x12, 0xFF,     0xFF, 0xC3, 0x12, 0xFF,     0xFF, 0xC2, 0x11, 0xFF,     0xFF, 0xC2, 0x11, 0xFF,
    0xFF, 0xC1, 0x11, 0xFF,     0xFF, 0xC1, 0x11, 0xFF,     0xFF, 0xC0, 0x11, 0xFF,     0xFF, 0xC0, 0x11, 0xFF,
    0xFF, 0xC0, 0x11, 0xFF,     0xFF, 0xBF, 0x10, 0xFF,     0xFF, 0xBF, 0x10, 0xFF,     0xFF, 0xBE, 0x10, 0xFF,
    0xFF, 0xBE, 0x10, 0xFF,     0xFF, 0xBD, 0x10, 0xFF,     0xFF, 0xBD, 0x10, 0xFF,     0xFF, 0xBC, 0x10, 0xFF,
    0xFF, 0xBC, 0x0F, 0xFF,     0xFF, 0xBB, 0x0F, 0xFF,     0xFF, 0xBB, 0x0F, 0xFF,     0xFF, 0xBB, 0x0F, 0xFF,
    0xFF, 0xBA, 0x0F, 0xFF,     0xFF, 0xBA, 0x0F, 0xFF,     0xFF, 0xB9, 0x0E, 0xFF,     0xFF, 0xB9, 0x0E, 0xFF,
    0xFF, 0xB8, 0x0E, 0xFF,     0xFF, 0xB8, 0x0E, 0xFF,     0xFF, 0xB7, 0x0E, 0xFF,     0xFF, 0xB7, 0x0E, 0xFF,
    0xFF, 0xB6, 0x0E, 0xFF,     0xFF, 0xB6, 0x0D, 0xFF,     0xFF, 0xB6, 0x0D, 0xFF,     0xFF, 0xB5, 0x0D, 0xFF,
    0xFF, 0xB5, 0x0D, 0xFF,     0xFF, 0xB4, 0x0D, 0xFF,     0xFF, 0xB4, 0x0D, 0xFF,     0xFF, 0xB3, 0x0D, 0xFF,
    0xFF, 0xB3, 0x0C, 0xFF,     0xFF, 0xB2, 0x0C, 0xFF,     0xFF, 0xB2, 0x0C, 0xFF,     0xFF, 0xB1, 0x0C, 0xFF,
    0xFF, 0xB1, 0x0C, 0xFF,     0xFF, 0xB1, 0x0C, 0xFF,     0xFF, 0xB0, 0x0C, 0xFF,     0xFF, 0xB0, 0x0B, 0xFF,
    0xFF, 0xAF, 0x0B, 0xFF,     0xFF, 0xAF, 0x0B, 0xFF,     0xFF, 0xAE, 0x0B, 0xFF,     0xFF, 0xAE, 0x0B, 0xFF,
    0xFF, 0xAD, 0x0B, 0xFF,     0xFF, 0xAD, 0x0A, 0xFF,     0xFF, 0xAC, 0x0A, 0xFF,     0xFF, 0xAC, 0x0A, 0xFF,
    0xFF, 0xAC, 0x0A, 0xFF,     0xFF, 0xAB, 0x0A, 0xFF,     0xFF, 0xAB, 0x0A, 0xFF,     0xFF, 0xAA, 0x0A, 0xFF,
    0xFF, 0xAA, 0x09, 0xFF,     0xFF, 0xA9, 0x09, 0xFF,     0xFF, 0xA9, 0x09, 0xFF,     0xFF, 0xA8, 0x09, 0xFF,
    0xFF, 0xA8, 0x09, 0xFF,     0xFF, 0xA8, 0x09, 0xFF,     0xFF, 0xA7, 0x09, 0xFF,     0xFF, 0xA7, 0x08, 0xFF,
    0xFF, 0xA6, 0x08, 0xFF,     0xFF, 0xA6, 0x08, 0xFF,     0xFF, 0xA5, 0x08, 0xFF,     0xFF, 0xA5, 0x08, 0xFF,
    0xFF, 0xA4, 0x08, 0xFF,     0xFF, 0xA4, 0x07, 0xFF,     0xFF, 0xA3, 0x07, 0xFF,     0xFF, 0xA3, 0x07, 0xFF,
    0xFF, 0xA3, 0x07, 0xFF,     0xFF, 0xA2, 0x07, 0xFF,     0xFF, 0xA2, 0x07, 0xFF,     0xFF, 0xA1, 0x07, 0xFF,
    0xFF, 0xA1, 0x06, 0xFF,     0xFF, 0xA0, 0x06, 0xFF,     0xFF, 0xA0, 0x06, 0xFF,     0xFF, 0x9F, 0x06, 0xFF,
    0xFF, 0x9F, 0x06, 0xFF,     0xFF, 0x9E, 0x06, 0xFF,     0xFF, 0x9E, 0x06, 0xFF,     0xFF, 0x9E, 0x05, 0xFF,
    0xFF, 0x9D, 0x05, 0xFF,     0xFF, 0x9D, 0x05, 0xFF,     0xFF, 0x9C, 0x05, 0xFF,     0xFF, 0x9C, 0x05, 0xFF,
    0xFF, 0x9B, 0x05, 0xFF,     0xFF, 0x9B, 0x05, 0xFF,     0xFF, 0x9A, 0x04, 0xFF,     0xFF, 0x9A, 0x04, 0xFF,
    0xFF, 0x99, 0x04, 0xFF,     0xFF, 0x99, 0x04, 0xFF,     0xFF, 0x99, 0x04, 0xFF,     0xFF, 0x98, 0x04, 0xFF,
    0xFF, 0x98, 0x03, 0xFF,     0xFF, 0x97, 0x03, 0xFF,     0xFF, 0x97, 0x03, 0xFF,     0xFF, 0x96, 0x03, 0xFF,
    0xFF, 0x96, 0x03, 0xFF,     0xFF, 0x95, 0x03, 0xFF,     0xFF, 0x95, 0x03, 0xFF,     0xFF, 0x94, 0x02, 0xFF,
    0xFF, 0x94, 0x02, 0xFF,     0xFF, 0x94, 0x02, 0xFF,     0xFF, 0x93, 0x02, 0xFF,     0xFF, 0x93, 0x02, 0xFF,
    0xFF, 0x92, 0x02, 0xFF,     0xFF, 0x92, 0x02, 0xFF,     0xFF, 0x91, 0x01, 0xFF,     0xFF, 0x91, 0x01, 0xFF,
    0xFF, 0x90, 0x01, 0xFF,     0xFF, 0x90, 0x01, 0xFF,     0xFF, 0x8F, 0x01, 0xFF,     0xFF, 0x8F, 0x01, 0xFF,
    0xFF, 0x8F, 0x01, 0xFF,     0xFF, 0x8E, 0x00, 0xFF,     0xFF, 0x8E, 0x00, 0xFF,     0xFF, 0x8D, 0x00, 0xFF,
    0xFF, 0xC7, 0x13, 0xFF,     0xFF, 0xC6, 0x13, 0xFF,     0xFF, 0xC6, 0x13, 0xFF,     0xFF, 0xC5, 0x12, 0xFF,
    0xFF, 0xC5, 0x12, 0xFF,     0xFF, 0xC5, 0x12, 0xFF,     0xFF, 0xC4, 0x12, 0xFF,     0xFF, 0xC4, 0x12, 0xFF,
    0xFF, 0xC3, 0x12, 0xFF,     0xFF, 0xC3, 0x12, 0xFF,     0xFF, 0xC2, 0x11, 0xFF,     0xFF, 0xC2, 0x11, 0xFF,
    0xFF, 0xC1, 0x11, 0xFF,     0xFF, 0xC1, 0x11, 0xFF,     0xFF, 0xC0, 0x11, 0xFF,     0xFF, 0xC0, 0x11, 0xFF,
    0xFF, 0xC0, 0x11, 0xFF,     0xFF, 0xBF, 0x10, 0xFF,     0xFF, 0xBF, 0x10, 0xFF,     0xFF, 0xBE, 0x10, 0xFF,
    0xFF, 0xBE, 0x10, 0xFF,     0xFF, 0xBD, 0x10, 0xFF,     0xFF, 0xBD, 0x10, 0xFF,     0xFF, 0xBC, 0x10, 0xFF,
    0xFF, 0xBC, 0x0F, 0xFF,     0xFF, 0xBB, 0x0F, 0xFF,     0xFF, 0xBB, 0x0F, 0xFF,     0xFF, 0xBB, 0x0F, 0xFF,
    0xFF, 0xBA, 0x0F, 0xFF,     0xFF, 0xBA, 0x0F, 0xFF,     0xFF, 0xB9, 0x0E, 0xFF,     0xFF, 0xB9, 0x0E, 0xFF,
    0xFF, 0xB8, 0x0E, 0xFF,     0xFF, 0xB8, 0x0E, 0xFF,     0xFF, 0xB7, 0x0E, 0xFF,     0xFF, 0xB7, 0x0E, 0xFF,
    0xFF, 0xB6, 0x0E, 0xFF,     0xFF, 0xB6, 0x0D, 0xFF,     0xFF, 0xB6, 0x0D, 0xFF,     0xFF, 0xB5, 0x0D, 0xFF,
    0xFF, 0xB5, 0x0D, 0xFF,     0xFF, 0xB4, 0x0D, 0xFF,     0xFF, 0xB4, 0x0D, 0xFF,     0xFF, 0xB3, 0x0D, 0xFF,
    0xFF, 0xB3, 0x0C, 0xFF,     0xFF, 0xB2, 0x0C, 0xFF,     0xFF, 0xB2, 0x0C, 0xFF,     0xFF, 0xB1, 0x0C, 0xFF,
    0xFF, 0xB1, 0x0C, 0xFF,     0xFF, 0xB1, 0x0C, 0xFF,     0xFF, 0xB0, 0x0C, 0xFF,     0xFF, 0xB0, 0x0B, 0xFF,
    0xFF, 0xAF, 0x0B, 0xFF,     0xFF, 0xAF, 0x0B, 0xFF,     0xFF, 0xAE, 0x0B, 0xFF,     0xFF, 0xAE, 0x0B, 0xFF,
    0xFF, 0xAD, 0x0B, 0xFF,     0xFF, 0xAD, 0x0A, 0xFF,     0xFF, 0xAC, 0x0A, 0xFF,     0xFF, 0xAC, 0x0A, 0xFF,
    0xFF, 0xAC, 0x0A, 0xFF,     0xFF, 0xAB, 0x0A, 0xFF,     0xFF, 0xAB, 0x0A, 0xFF,     0xFF, 0xAA, 0x0A, 0xFF,
    0xFF, 0xAA, 0x09, 0xFF,     0xFF, 0xA9, 0x09, 0xFF,     0xFF, 0xA9, 0x09, 0xFF,     0xFF, 0xA8, 0x09, 0xFF,
    0xFF, 0xA8, 0x09, 0xFF,     0xFF, 0xA8, 0x09, 0xFF,     0xFF, 0xA7, 0x09, 0xFF,     0xFF, 0xA7, 0x08, 0xFF,
    0xFF, 0xA6, 0x08, 0xFF,     0xFF, 0xA6, 0x08, 0xFF,     0xFF, 0xA5, 0x08, 0xFF,     0xFF, 0xA5, 0x08, 0xFF,
    0xFF, 0xA4, 0x08, 0xFF,     0xFF, 0xA4, 0x07, 0xFF,     0xFF, 0xA3, 0x07, 0xFF,     0xFF, 0xA3, 0x07, 0xFF,
    0xFF, 0xA3, 0x07, 0xFF,     0xFF, 0xA2, 0x07, 0xFF,     0xFF, 0xA2, 0x07, 0xFF,     0xFF, 0xA1, 0x07, 0xFF,
    0xFF, 0xA1, 0x06, 0xFF,     0xFF, 0xA0, 0x06, 0xFF,     0xFF, 0xA0, 0x06, 0xFF,     0xFF, 0x9F, 0x06, 0xFF,
    0xFF, 0x9F, 0x06, 0xFF,     0xFF, 0x9E, 0x06, 0xFF,     0xFF, 0x9E, 0x06, 0xFF,     0xFF, 0x9E, 0x05, 0xFF,
    0xFF, 0x9D, 0x05, 0xFF,     0xFF, 0x9D, 0x05, 0xFF,     0xFF, 0x9C, 0x05, 0xFF,     0xFF, 0x9C, 0x05, 0xFF,
    0xFF, 0x9B, 0x05, 0xFF,     0xFF, 0x9B, 0x05, 0xFF,     0xFF, 0x9A, 0x04, 0xFF,     0xFF, 0x9A, 0x04, 0xFF,
    0xFF, 0x99, 0x04, 0xFF,     0xFF, 0x99, 0x04, 0xFF,     0xFF, 0x99, 0x04, 0xFF,     0xFF, 0x98, 0x04, 0xFF,
    0xFF, 0x98, 0x03, 0xFF,     0xFF, 0x97, 0x03, 0xFF,     0xFF, 0x97, 0x03, 0xFF,     0xFF, 0x96, 0x03, 0xFF,
    0xFF, 0x96, 0x03, 0xFF,     0xFF, 0x95, 0x03, 0xFF,     0xFF, 0x95, 0x03, 0xFF,     0xFF, 0x94, 0x02, 0xFF,
    0xFF, 0x94, 0x02, 0xFF,     0xFF, 0x94, 0x02, 0xFF,     0xFF, 0x93, 0x02, 0xFF,     0xFF, 0x93, 0x02, 0xFF,
    0xFF, 0x92, 0x02, 0xFF,     0xFF, 0x92, 0x02, 0xFF,     0xFF, 0x91, 0x01, 0xFF,     0xFF, 0x91, 0x01, 0xFF,
    0xFF, 0x90, 0x01, 0xFF,     0xFF, 0x90, 0x01, 0xFF,     0xFF, 0x8F, 0x01, 0xFF,     0xFF, 0x8F, 0x01, 0xFF,
    0xFF, 0x8F, 0x01, 0xFF,     0xFF, 0x8E, 0x00, 0xFF,     0xFF, 0x8E, 0x00, 0xFF,     0xFF, 0x8D, 0x00, 0xFF,
    0xFF, 0xC7, 0x13, 0xFF,     0xFF, 0xC6, 0x13, 0xFF,     0xFF, 0xC6, 0x13, 0xFF,     0xFF, 0xC5, 0x12, 0xFF,
    0xFF, 0xC5, 0x12, 0xFF,     0xFF, 0xC5, 0x12, 0xFF,     0xFF, 0xC4, 0x12, 0xFF,     0xFF, 0xC4, 0x12, 0xFF,
    0xFF, 0xC3, 0x12, 0xFF,     0xFF, 0xC3, 0x12, 0xFF,     0xFF, 0xC2, 0x11, 0xFF,     0xFF, 0xC2, 0x11, 0xFF,
    0xFF, 0xC1, 0x11, 0xFF,     0xFF, 0xC1, 0x11, 0xFF,     0xFF, 0xC0, 0x11, 0xFF,     0xFF, 0xC0, 0x11, 0xFF,
    0xFF, 0xC0, 0x11, 0xFF,     0xFF, 0xBF, 0x10, 0xFF,     0xFF, 0xBF, 0x10, 0xFF,     0xFF, 0xBE, 0x10, 0xFF,
    0xFF, 0xBE, 0x10, 0xFF,     0xFF, 0xBD, 0x10, 0xFF,     0xFF, 0xBD, 0x10, 0xFF,     0xFF, 0xBC, 0x10, 0xFF,
    0xFF, 0xBC, 0x0F, 0xFF,     0xFF, 0xBB, 0x0F, 0xFF,     0xFF, 0xBB, 0x0F, 0xFF,     0xFF, 0xBB, 0x0F, 0xFF,
    0xFF, 0xBA, 0x0F, 0xFF,     0xFF, 0xBA, 0x0F, 0xFF,     0xFF, 0xB9, 0x0E, 0xFF,     0xFF, 0xB9, 0x0E, 0xFF,
    0xFF, 0xB8, 0x0E, 0xFF,     0xFF, 0xB8, 0x0E, 0xFF,     0xFF, 0xB7, 0x0E, 0xFF,     0xFF, 0xB7, 0x0E, 0xFF,
    0xFF, 0xB6, 0x0E, 0xFF,     0xFF, 0xB6, 0x0D, 0xFF,     0xFF, 0xB6, 0x0D, 0xFF,     0xFF, 0xB5, 0x0D, 0xFF,
    0xFF, 0xB5, 0x0D, 0xFF,     0xFF, 0xB4, 0x0D, 0xFF,     0xFF, 0xB4, 0x0D, 0xFF,     0xFF, 0xB3, 0x0D, 0xFF,
    0xFF, 0xB3, 0x0C, 0xFF,     0xFF, 0xB2, 0x0C, 0xFF,     0xFF, 0xB2, 0x0C, 0xFF,     0xFF, 0xB1, 0x0C, 0xFF,
    0xFF, 0xB1, 0x0C, 0xFF,     0xFF, 0xB1, 0x0C, 0xFF,     0xFF, 0xB0, 0x0C, 0xFF,     0xFF, 0xB0, 0x0B, 0xFF,
    0xFF, 0xAF, 0x0B, 0xFF,     0xFF, 0xAF, 0x0B, 0xFF,     0xFF, 0xAE, 0x0B, 0xFF,     0xFF, 0xAE, 0x0B, 0xFF,
    0xFF, 0xAD, 0x0B, 0xFF,     0xFF, 0xAD, 0x0A, 0xFF,     0xFF, 0xAC, 0x0A, 0xFF,     0xFF, 0xAC, 0x0A, 0xFF,
    0xFF, 0xAC, 0x0A, 0xFF,     0xFF, 0xAB, 0x0A, 0xFF,     0xFF, 0xAB, 0x0A, 0xFF,     0xFF, 0xAA, 0x0A, 0xFF,
    0xFF, 0xAA, 0x09, 0xFF,     0xFF, 0xA9, 0x09, 0xFF,     0xFF, 0xA9, 0x09, 0xFF,     0xFF, 0xA8, 0x09, 0xFF,
    0xFF, 0xA8, 0x09, 0xFF,     0xFF, 0xA8, 0x09, 0xFF,     0xFF, 0xA7, 0x09, 0xFF,     0xFF, 0xA7, 0x08, 0xFF,
    0xFF, 0xA6, 0x08, 0xFF,     0xFF, 0xA6, 0x08, 0xFF,     0xFF, 0xA5, 0x08, 0xFF,     0xFF, 0xA5, 0x08, 0xFF,
    0xFF, 0xA4, 0x08, 0xFF,     0xFF, 0xA4, 0x07, 0xFF,     0xFF, 0xA3, 0x07, 0xFF,     0xFF, 0xA3, 0x07, 0xFF,
    0xFF, 0xA3, 0x07, 0xFF,     0xFF, 0xA2, 0x07, 0xFF,     0xFF, 0xA2, 0x07, 0xFF,     0xFF, 0xA1, 0x07, 0xFF,
    0xFF, 0xA1, 0x06, 0xFF,     0xFF, 0xA0, 0x06, 0xFF,     0xFF, 0xA0, 0x06, 0xFF,     0xFF, 0x9F, 0x06, 0xFF,
    0xFF, 0x9F, 0x06, 0xFF,     0xFF, 0x9E, 0x06, 0xFF,     0xFF, 0x9E, 0x06, 0xFF,     0xFF, 0x9E, 0x05, 0xFF,
    0xFF, 0x9D, 0x05, 0xFF,     0xFF, 0x9D, 0x05, 0xFF,     0xFF, 0x9C, 0x05, 0xFF,     0xFF, 0x9C, 0x05, 0xFF,
    0xFF, 0x9B, 0x05, 0xFF,     0xFF, 0x9B, 0x05, 0xFF,     0xFF, 0x9A, 0x04, 0xFF,     0xFF, 0x9A, 0x04, 0xFF,
    0xFF, 0x99, 0x04, 0xFF,     0xFF, 0x99, 0x04, 0xFF,     0xFF, 0x99, 0x04, 0xFF,     0xFF, 0x98, 0x04, 0xFF,
    0xFF, 0x98, 0x03, 0xFF,     0xFF, 0x97, 0x03, 0xFF,     0xFF, 0x97, 0x03, 0xFF,     0xFF, 0x96, 0x03, 0xFF,
    0xFF, 0x96, 0x03, 0xFF,     0xFF, 0x95, 0x03, 0xFF,     0xFF, 0x95, 0x03, 0xFF,     0xFF, 0x94, 0x02, 0xFF,
    0xFF, 0x94, 0x02, 0xFF,     0xFF, 0x94, 0x02, 0xFF,     0xFF, 0x93, 0x02, 0xFF,     0xFF, 0x93, 0x02, 0xFF,
    0xFF, 0x92, 0x02, 0xFF,     0xFF, 0x92, 0x02, 0xFF,     0xFF, 0x91, 0x01, 0xFF,     0xFF, 0x91, 0x01, 0xFF,
    0xFF, 0x90, 0x01, 0xFF,     0xFF, 0x90, 0x01, 0xFF,     0xFF, 0x8F, 0x01, 0xFF,     0xFF, 0x8F, 0x01, 0xFF,
    0xFF, 0x8F, 0x01, 0xFF,     0xFF, 0x8E, 0x00, 0xFF,     0xFF, 0x8E, 0x00, 0xFF,     0xFF, 0x8D, 0x00, 0xFF,
    0xFF, 0xC7, 0x13, 0xFF,     0xFF, 0xC6, 0x13, 0xFF,     0xFF, 0xC6, 0x13, 0xFF,     0xFF, 0xC5, 0x12, 0xFF,
    0xFF, 0xC5, 0x12, 0xFF,     0xFF, 0xC5, 0x12, 0xFF,     0xFF, 0xC4, 0x12, 0xFF,     0xFF, 0xC4, 0x12, 0xFF,
    0xFF, 0xC3, 0x12, 0xFF,     0xFF, 0xC3, 0x12, 0xFF,     0xFF, 0xC2, 0x11, 0xFF,     0xFF, 0xC2, 0x11, 0xFF,
    0xFF, 0xC1, 0x11, 0xFF,     0xFF, 0xC1, 0x11, 0xFF,     0xFF, 0xC0, 0x11, 0xFF,     0xFF, 0xC0, 0x11, 0xFF,
    0xFF, 0xC0, 0x11, 0xFF,     0xFF, 0xBF, 0x10, 0xFF,     0xFF, 0xBF, 0x10, 0xFF,     0xFF, 0xBE, 0x10, 0xFF,
    0xFF, 0xBE, 0x10, 0xFF,     0xFF, 0xBD, 0x10, 0xFF,     0xFF, 0xBD, 0x10, 0xFF,     0xFF, 0xBC, 0x10, 0xFF,
    0xFF, 0xBC, 0x0F, 0xFF,     0xFF, 0xBB, 0x0F, 0xFF,     0xFF, 0xBB, 0x0F, 0xFF,     0xFF, 0xBB, 0x0F, 0xFF,
    0xFF, 0xBA, 0x0F, 0xFF,     0xFF, 0xBA, 0x0F, 0xFF,     0xFF, 0xB9, 0x0E, 0xFF,     0xFF, 0xB9, 0x0E, 0xFF,
    0xFF, 0xB8, 0x0E, 0xFF,     0xFF, 0xB8, 0x0E, 0xFF,     0xFF, 0xB7, 0x0E, 0xFF,     0xFF, 0xB7, 0x0E, 0xFF,
    0xFF, 0xB6, 0x0E, 0xFF,     0xFF, 0xB6, 0x0D, 0xFF,     0xFF, 0xB6, 0x0D, 0xFF,     0xFF, 0xB5, 0x0D, 0xFF,
    0xFF, 0xB5, 0x0D, 0xFF,     0xFF, 0xB4, 0x0D, 0xFF,     0xFF, 0xB4, 0x0D, 0xFF,     0xFF, 0xB3, 0x0D, 0xFF,
    0xFF, 0xB3, 0x0C, 0xFF,     0xFF, 0xB2, 0x0C, 0xFF,     0xFF, 0xB2, 0x0C, 0xFF,     0xFF, 0xB1, 0x0C, 0xFF,
    0xFF, 0xB1, 0x0C, 0xFF,     0xFF, 0xB1, 0x0C, 0xFF,     0xFF, 0xB0, 0x0C, 0xFF,     0xFF, 0xB0, 0x0B, 0xFF,
    0xFF, 0xAF, 0x0B, 0xFF,     0xFF, 0xAF, 0x0B, 0xFF,     0xFF, 0xAE, 0x0B, 0xFF,     0xFF, 0xAE, 0x0B, 0xFF,
    0xFF, 0xAD, 0x0B, 0xFF,     0xFF, 0xAD, 0x0A, 0xFF,     0xFF, 0xAC, 0x0A, 0xFF,     0xFF, 0xAC, 0x0A, 0xFF,
    0xFF, 0xAC, 0x0A, 0xFF,     0xFF, 0xAB, 0x0A, 0xFF,     0xFF, 0xAB, 0x0A, 0xFF,     0xFF, 0xAA, 0x0A, 0xFF,
    0xFF, 0xAA, 0x09, 0xFF,     0xFF, 0xA9, 0x09, 0xFF,     0xFF, 0xA9, 0x09, 0xFF,     0xFF, 0xA8, 0x09, 0xFF,
    0xFF, 0xA8, 0x09, 0xFF,     0xFF, 0xA8, 0x09, 0xFF,     0xFF, 0xA7, 0x09, 0xFF,     0xFF, 0xA7, 0x08, 0xFF,
    0xFF, 0xA6, 0x08, 0xFF,     0xFF, 0xA6, 0x08, 0xFF,     0xFF, 0xA5, 0x08, 0xFF,     0xFF, 0xA5, 0x08, 0xFF,
    0xFF, 0xA4, 0x08, 0xFF,     0xFF, 0xA4, 0x07, 0xFF,     0xFF, 0xA3, 0x07, 0xFF,     0xFF, 0xA3, 0x07, 0xFF,
    0xFF, 0xA3, 0x07, 0xFF,     0xFF, 0xA2, 0x07, 0xFF,     0xFF, 0xA2, 0x07, 0xFF,     0xFF, 0xA1, 0x07, 0xFF,
    0xFF, 0xA1, 0x06, 0xFF,     0xFF, 0xA0, 0x06, 0xFF,     0xFF, 0xA0, 0x06, 0xFF,     0xFF, 0x9F, 0x06, 0xFF,
    0xFF, 0x9F, 0x06, 0xFF,     0xFF, 0x9E, 0x06, 0xFF,     0xFF, 0x9E, 0x06, 0xFF,     0xFF, 0x9E, 0x05, 0xFF,
    0xFF, 0x9D, 0x05, 0xFF,     0xFF, 0x9D, 0x05, 0xFF,     0xFF, 0x9C, 0x05, 0xFF,     0xFF, 0x9C, 0x05, 0xFF,
    0xFF, 0x9B, 0x05, 0xFF,     0xFF, 0x9B, 0x05, 0xFF,     0xFF, 0x9A, 0x04, 0xFF,     0xFF, 0x9A, 0x04, 0xFF,
    0xFF, 0x99, 0x04, 0xFF,     0xFF, 0x99, 0x04, 0xFF,     0xFF, 0x99, 0x04, 0xFF,     0xFF, 0x98, 0x04, 0xFF,
    0xFF, 0x98, 0x03, 0xFF,     0xFF, 0x97, 0x03, 0xFF,     0xFF, 0x97, 0x03, 0xFF,     0xFF, 0x96, 0x03, 0xFF,
    0xFF, 0x96, 0x03, 0xFF,     0xFF, 0x95, 0x03, 0xFF,     0xFF, 0x95, 0x03, 0xFF,     0xFF, 0x94, 0x02, 0xFF,
    0xFF, 0x94, 0x02, 0xFF,     0xFF, 0x94, 0x02, 0xFF,     0xFF, 0x93, 0x02, 0xFF,     0xFF, 0x93, 0x02, 0xFF,
    0xFF, 0x92, 0x02, 0xFF,     0xFF, 0x92, 0x02, 0xFF,     0xFF, 0x91, 0x01, 0xFF,     0xFF, 0x91, 0x01, 0xFF,
    0xFF, 0x90, 0x01, 0xFF,     0xFF, 0x90, 0x01, 0xFF,     0xFF, 0x8F, 0x01, 0xFF,     0xFF, 0x8F, 0x01, 0xFF,
    0xFF, 0x8F, 0x01, 0xFF,     0xFF, 0x8E, 0x00, 0xFF,     0xFF, 0x8E, 0x00, 0xFF,     0xFF, 0x8D, 0x00, 0xFF,
    0xFF, 0xC7, 0x13, 0xFF,     0xFF, 0xC6, 0x13, 0xFF,     0xFF, 0xC6, 0x13, 0xFF,     0xFF, 0xC5, 0x12, 0xFF,
    0xFF, 0xC5, 0x12, 0xFF,     0xFF, 0xC5, 0x12, 0xFF,     0xFF, 0xC4, 0x12, 0xFF,     0xFF, 0xC4, 0x12, 0xFF,
    0xFF, 0xC3, 0x12, 0xFF,     0xFF, 0xC3, 0x12, 0xFF,     0xFF, 0xC2, 0x11, 0xFF,     0xFF, 0xC2, 0x11, 0xFF,
    0xFF, 0xC1, 0x11, 0xFF,     0xFF, 0xC1, 0x11, 0xFF,     0xFF, 0xC0, 0x11, 0xFF,     0xFF, 0xC0, 0x11, 0xFF,
    0xFF, 0xC0, 0x11, 0xFF,     0xFF, 0xBF, 0x10, 0xFF,     0xFF, 0xBF, 0x10, 0xFF,     0xFF, 0xBE, 0x10, 0xFF,
    0xFF, 0xBE, 0x10, 0xFF,     0xFF, 0xBD, 0x10, 0xFF,     0xFF, 0xBD, 0x10, 0xFF,     0xFF, 0xBC, 0x10, 0xFF,
    0xFF, 0xBC, 0x0F, 0xFF,     0xFF, 0xBB, 0x0F, 0xFF,     0xFF, 0xBB, 0x0F, 0xFF,     0xFF, 0xBB, 0x0F, 0xFF,
    0xFF, 0xBA, 0x0F, 0xFF,     0xFF, 0xBA, 0x0F, 0xFF,     0xFF, 0xB9, 0x0E, 0xFF,     0xFF, 0xB9, 0x0E, 0xFF,
    0xFF, 0xB8, 0x0E, 0xFF,     0xFF, 0xB8, 0x0E, 0xFF,     0xFF, 0xB7, 0x0E, 0xFF,     0xFF, 0xB7, 0x0E, 0xFF,
    0xFF, 0xB6, 0x0E, 0xFF,     0xFF, 0xB6, 0x0D, 0xFF,     0xFF, 0xB6, 0x0D, 0xFF,     0xFF, 0xB5, 0x0D, 0xFF,
    0xFF, 0xB5, 0x0D, 0xFF,     0xFF, 0xB4, 0x0D, 0xFF,     0xFF, 0xB4, 0x0D, 0xFF,     0xFF, 0xB3, 0x0D, 0xFF,
    0xFF, 0xB3, 0x0C, 0xFF,     0xFF, 0xB2, 0x0C, 0xFF,     0xFF, 0xB2, 0x0C, 0xFF,     0xFF, 0xB1, 0x0C, 0xFF,
    0xFF, 0xB1, 0x0C, 0xFF,     0xFF, 0xB1, 0x0C, 0xFF,     0xFF, 0xB0, 0x0C, 0xFF,     0xFF, 0xB0, 0x0B, 0xFF,
    0xFF, 0xAF, 0x0B, 0xFF,     0xFF, 0xAF, 0x0B, 0xFF,     0xFF, 0xAE, 0x0B, 0xFF,     0xFF, 0xAE, 0x0B, 0xFF,
    0xFF, 0xAD, 0x0B, 0xFF,     0xFF, 0xAD, 0x0A, 0xFF,     0xFF, 0xAC, 0x0A, 0xFF,     0xFF, 0xAC, 0x0A, 0xFF,
    0xFF, 0xAC, 0x0A, 0xFF,     0xFF, 0xAB, 0x0A, 0xFF,     0xFF, 0xAB, 0x0A, 0xFF,     0xFF, 0xAA, 0x0A, 0xFF,
    0xFF, 0xAA, 0x09, 0xFF,     0xFF, 0xA9, 0x09, 0xFF,     0xFF, 0xA9, 0x09, 0xFF,     0xFF, 0xA8, 0x09, 0xFF,
    0xFF, 0xA8, 0x09, 0xFF,     0xFF, 0xA8, 0x09, 0xFF,     0xFF, 0xA7, 0x09, 0xFF,     0xFF, 0xA7, 0x08, 0xFF,
    0xFF, 0xA6, 0x08, 0xFF,     0xFF, 0xA6, 0x08, 0xFF,     0xFF, 0xA5, 0x08, 0xFF,     0xFF, 0xA5, 0x08, 0xFF,
    0xFF, 0xA4, 0x08, 0xFF,     0xFF, 0xA4, 0x07, 0xFF,     0xFF, 0xA3, 0x07, 0xFF,     0xFF, 0xA3, 0x07, 0xFF,
    0xFF, 0xA3, 0x07, 0xFF,     0xFF, 0xA2, 0x07, 0xFF,     0xFF, 0xA2, 0x07, 0xFF,     0xFF, 0xA1, 0x07, 0xFF,
    0xFF, 0xA1, 0x06, 0xFF,     0xFF, 0xA0, 0x06, 0xFF,     0xFF, 0xA0, 0x06, 0xFF,     0xFF, 0x9F, 0x06, 0xFF,
    0xFF, 0x9F, 0x06, 0xFF,     0xFF, 0x9E, 0x06, 0xFF,     0xFF, 0x9E, 0x06, 0xFF,     0xFF, 0x9E, 0x05, 0xFF,
    0xFF, 0x9D, 0x05, 0xFF,     0xFF, 0x9D, 0x05, 0xFF,     0xFF, 0x9C, 0x05, 0xFF,     0xFF, 0x9C, 0x05, 0xFF,
    0xFF, 0x9B, 0x05, 0xFF,     0xFF, 0x9B, 0x05, 0xFF,     0xFF, 0x9A, 0x04, 0xFF,     0xFF, 0x9A, 0x04, 0xFF,
    0xFF, 0x99, 0x04, 0xFF,     0xFF, 0x99, 0x04, 0xFF,     0xFF, 0x99, 0x04, 0xFF,     0xFF, 0x98, 0x04, 0xFF,
    0xFF, 0x98, 0x03, 0xFF,     0xFF, 0x97, 0x03, 0xFF,     0xFF, 0x97, 0x03, 0xFF,     0xFF, 0x96, 0x03, 0xFF,
    0xFF, 0x96, 0x03, 0xFF,     0xFF, 0x95, 0x03, 0xFF,     0xFF, 0x95, 0x03, 0xFF,     0xFF, 0x94, 0x02, 0xFF,
    0xFF, 0x94, 0x02, 0xFF,     0xFF, 0x94, 0x02, 0xFF,     0xFF, 0x93, 0x02, 0xFF,     0xFF, 0x93, 0x02, 0xFF,
    0xFF, 0x92, 0x02, 0xFF,     0xFF, 0x92, 0x02, 0xFF,     0xFF, 0x91, 0x01, 0xFF,     0xFF, 0x91, 0x01, 0xFF,
    0xFF, 0x90, 0x01, 0xFF,     0xFF, 0x90, 0x01, 0xFF,     0xFF, 0x8F, 0x01, 0xFF,     0xFF, 0x8F, 0x01, 0xFF,
    0xFF, 0x8F, 0x01, 0xFF,     0xFF, 0x8E, 0x00, 0xFF,     0xFF, 0x8E, 0x00, 0xFF,     0xFF, 0x8D, 0x00, 0xFF,
    0xFF, 0xC7, 0x13, 0xFF,     0xFF, 0xC6, 0x13, 0xFF,     0xFF, 0xC6, 0x13, 0xFF,     0xFF, 0xC5, 0x12, 0xFF,
    0xFF, 0xC5, 0x12, 0xFF,     0xFF, 0xC5, 0x12, 0xFF,     0xFF, 0xC4, 0x12, 0xFF,     0xFF, 0xC4, 0x12, 0xFF,
    0xFF, 0xC3, 0x12, 0xFF,     0xFF, 0xC3, 0x12, 0xFF,     0xFF, 0xC2, 0x11, 0xFF,     0xFF, 0xC2, 0x11, 0xFF,
    0xFF, 0xC1, 0x11, 0xFF,     0xFF, 0xC1, 0x11, 0xFF,     0xFF, 0xC0, 0x11, 0xFF,     0xFF, 0xC0, 0x11, 0xFF,
    0xFF, 0xC0, 0x11, 0xFF,     0xFF, 0xBF, 0x10, 0xFF,     0xFF, 0xBF, 0x10, 0xFF,     0xFF, 0xBE, 0x10, 0xFF,
    0xFF, 0xBE, 0x10, 0xFF,     0xFF, 0xBD, 0x10, 0xFF,     0xFF, 0xBD, 0x10, 0xFF,     0xFF, 0xBC, 0x10, 0xFF,
    0xFF, 0xBC, 0x0F, 0xFF,     0xFF, 0xBB, 0x0F, 0xFF,     0xFF, 0xBB, 0x0F, 0xFF,     0xFF, 0xBB, 0x0F, 0xFF,
    0xFF, 0xBA, 0x0F, 0xFF,     0xFF, 0xBA, 0x0F, 0xFF,     0xFF, 0xB9, 0x0E, 0xFF,     0xFF, 0xB9, 0x0E, 0xFF,
    0xFF, 0xB8, 0x0E, 0xFF,     0xFF, 0xB8, 0x0E, 0xFF,     0xFF, 0xB7, 0x0E, 0xFF,     0xFF, 0xB7, 0x0E, 0xFF,
    0xFF, 0xB6, 0x0E, 0xFF,     0xFF, 0xB6, 0x0D, 0xFF,     0xFF, 0xB6, 0x0D, 0xFF,     0xFF, 0xB5, 0x0D, 0xFF,
    0xFF, 0xB5, 0x0D, 0xFF,     0xFF, 0xB4, 0x0D, 0xFF,     0xFF, 0xB4, 0x0D, 0xFF,     0xFF, 0xB3, 0x0D, 0xFF,
    0xFF, 0xB3, 0x0C, 0xFF,     0xFF, 0xB2, 0x0C, 0xFF,     0xFF, 0xB2, 0x0C, 0xFF,     0xFF, 0xB1, 0x0C, 0xFF,
    0xFF, 0xB1, 0x0C, 0xFF,     0xFF, 0xB1, 0x0C, 0xFF,     0xFF, 0xB0, 0x0C, 0xFF,     0xFF, 0xB0, 0x0B, 0xFF,
    0xFF, 0xAF, 0x0B, 0xFF,     0xFF, 0xAF, 0x0B, 0xFF,     0xFF, 0xAE, 0x0B, 0xFF,     0xFF, 0xAE, 0x0B, 0xFF,
    0xFF, 0xAD, 0x0B, 0xFF,     0xFF, 0xAD, 0x0A, 0xFF,     0xFF, 0xAC, 0x0A, 0xFF,     0xFF, 0xAC, 0x0A, 0xFF,
    0xFF, 0xAC, 0x0A, 0xFF,     0xFF, 0xAB, 0x0A, 0xFF,     0xFF, 0xAB, 0x0A, 0xFF,     0xFF, 0xAA, 0x0A, 0xFF,
    0xFF, 0xAA, 0x09, 0xFF,     0xFF, 0xA9, 0x09, 0xFF,     0xFF, 0xA9, 0x09, 0xFF,     0xFF, 0xA8, 0x09, 0xFF,
    0xFF, 0xA8, 0x09, 0xFF,     0xFF, 0xA8, 0x09, 0xFF,     0xFF, 0xA7, 0x09, 0xFF,     0xFF, 0xA7, 0x08, 0xFF,
    0xFF, 0xA6, 0x08, 0xFF,     0xFF, 0xA6, 0x08, 0xFF,     0xFF, 0xA5, 0x08, 0xFF,     0xFF, 0xA5, 0x08, 0xFF,
    0xFF, 0xA4, 0x08, 0xFF,     0xFF, 0xA4, 0x07, 0xFF,     0xFF, 0xA3, 0x07, 0xFF,     0xFF, 0xA3, 0x07, 0xFF,
    0xFF, 0xA3, 0x07, 0xFF,     0xFF, 0xA2, 0x07, 0xFF,     0xFF, 0xA2, 0x07, 0xFF,     0xFF, 0xA1, 0x07, 0xFF,
    0xFF, 0xA1, 0x06, 0xFF,     0xFF, 0xA0, 0x06, 0xFF,     0xFF, 0xA0, 0x06, 0xFF,     0xFF, 0x9F, 0x06, 0xFF,
    0xFF, 0x9F, 0x06, 0xFF,     0xFF, 0x9E, 0x06, 0xFF,     0xFF, 0x9E, 0x06, 0xFF,     0xFF, 0x9E, 0x05, 0xFF,
    0xFF, 0x9D, 0x05, 0xFF,     0xFF, 0x9D, 0x05, 0xFF,     0xFF, 0x9C, 0x05, 0xFF,     0xFF, 0x9C, 0x05, 0xFF,
    0xFF, 0x9B, 0x05, 0xFF,     0xFF, 0x9B, 0x05, 0xFF,     0xFF, 0x9A, 0x04, 0xFF,     0xFF, 0x9A, 0x04, 0xFF,
    0xFF, 0x99, 0x04, 0xFF,     0xFF, 0x99, 0x04, 0xFF,     0xFF, 0x99, 0x04, 0xFF,     0xFF, 0x98, 0x04, 0xFF,
    0xFF, 0x98, 0x03, 0xFF,     0xFF, 0x97, 0x03, 0xFF,     0xFF, 0x97, 0x03, 0xFF,     0xFF, 0x96, 0x03, 0xFF,
    0xFF, 0x96, 0x03, 0xFF,     0xFF, 0x95, 0x03, 0xFF,     0xFF, 0x95, 0x03, 0xFF,     0xFF, 0x94, 0x02, 0xFF,
    0xFF, 0x94, 0x02, 0xFF,     0xFF, 0x94, 0x02, 0xFF,     0xFF, 0x93, 0x02, 0xFF,     0xFF, 0x93, 0x02, 0xFF,
    0xFF, 0x92, 0x02, 0xFF,     0xFF, 0x92, 0x02, 0xFF,     0xFF, 0x91, 0x01, 0xFF,     0xFF, 0x91, 0x01, 0xFF,
    0xFF, 0x90, 0x01, 0xFF,     0xFF, 0x90, 0x01, 0xFF,     0xFF, 0x8F, 0x01, 0xFF,     0xFF, 0x8F, 0x01, 0xFF,
    0xFF, 0x8F, 0x01, 0xFF,     0xFF, 0x8E, 0x00, 0xFF,     0xFF, 0x8E, 0x00, 0xFF,     0xFF, 0x8D, 0x00, 0xFF,
    0xFF, 0xC7, 0x13, 0xFF,     0xFF, 0xC6, 0x13, 0xFF,     0xFF, 0xC6, 0x13, 0xFF,     0xFF, 0xC5, 0x12, 0xFF,
    0xFF, 0xC5, 0x12, 0xFF,     0xFF, 0xC5, 0x12, 0xFF,     0xFF, 0xC4, 0x12, 0xFF,     0xFF, 0xC4, 0x12, 0xFF,
    0xFF, 0xC3, 0x12, 0xFF,     0xFF, 0xC3, 0x12, 0xFF,     0xFF, 0xC2, 0x11, 0xFF,     0xFF, 0xC2, 0x11, 0xFF,
    0xFF, 0xC1, 0x11, 0xFF,     0xFF, 0xC1, 0x11, 0xFF,     0xFF, 0xC0, 0x11, 0xFF,     0xFF, 0xC0, 0x11, 0xFF,
    0xFF, 0xC0, 0x11, 0xFF,     0xFF, 0xBF, 0x10, 0xFF,     0xFF, 0xBF, 0x10, 0xFF,     0xFF, 0xBE, 0x10, 0xFF,
    0xFF, 0xBE, 0x10, 0xFF,     0xFF, 0xBD, 0x10, 0xFF,     0xFF, 0xBD, 0x10, 0xFF,     0xFF, 0xBC, 0x10, 0xFF,
    0xFF, 0xBC, 0x0F, 0xFF,     0xFF, 0xBB, 0x0F, 0xFF,     0xFF, 0xBB, 0x0F, 0xFF,     0xFF, 0xBB, 0x0F, 0xFF,
    0xFF, 0xBA, 0x0F, 0xFF,     0xFF, 0xBA, 0x0F, 0xFF,     0xFF, 0xB9, 0x0E, 0xFF,     0xFF, 0xB9, 0x0E, 0xFF,
    0xFF, 0xB8, 0x0E, 0xFF,     0xFF, 0xB8, 0x0E, 0xFF,     0xFF, 0xB7, 0x0E, 0xFF,     0xFF, 0xB7, 0x0E, 0xFF,
    0xFF, 0xB6, 0x0E, 0xFF,     0xFF, 0xB6, 0x0D, 0xFF,     0xFF, 0xB6, 0x0D, 0xFF,     0xFF, 0xB5, 0x0D, 0xFF,
    0xFF, 0xB5, 0x0D, 0xFF,     0xFF, 0xB4, 0x0D, 0xFF,     0xFF, 0xB4, 0x0D, 0xFF,     0xFF, 0xB3, 0x0D, 0xFF,
    0xFF, 0xB3, 0x0C, 0xFF,     0xFF, 0xB2, 0x0C, 0xFF,     0xFF, 0xB2, 0x0C, 0xFF,     0xFF, 0xB1, 0x0C, 0xFF,
    0xFF, 0xB1, 0x0C, 0xFF,     0xFF, 0xB1, 0x0C, 0xFF,     0xFF, 0xB0, 0x0C, 0xFF,     0xFF, 0xB0, 0x0B, 0xFF,
    0xFF, 0xAF, 0x0B, 0xFF,     0xFF, 0xAF, 0x0B, 0xFF,     0xFF, 0xAE, 0x0B, 0xFF,     0xFF, 0xAE, 0x0B, 0xFF,
    0xFF, 0xAD, 0x0B, 0xFF,     0xFF, 0xAD, 0x0A, 0xFF,     0xFF, 0xAC, 0x0A, 0xFF,     0xFF, 0xAC, 0x0A, 0xFF,
    0xFF, 0xAC, 0x0A, 0xFF,     0xFF, 0xAB, 0x0A, 0xFF,     0xFF, 0xAB, 0x0A, 0xFF,     0xFF, 0xAA, 0x0A, 0xFF,
    0xFF, 0xAA, 0x09, 0xFF,     0xFF, 0xA9, 0x09, 0xFF,     0xFF, 0xA9, 0x09, 0xFF,     0xFF, 0xA8, 0x09, 0xFF,
    0xFF, 0xA8, 0x09, 0xFF,     0xFF, 0xA8, 0x09, 0xFF,     0xFF, 0xA7, 0x09, 0xFF,     0xFF, 0xA7, 0x08, 0xFF,
    0xFF, 0xA6, 0x08, 0xFF,     0xFF, 0xA6, 0x08, 0xFF,     0xFF, 0xA5, 0x08, 0xFF,     0xFF, 0xA5, 0x08, 0xFF,
    0xFF, 0xA4, 0x08, 0xFF,     0xFF, 0xA4, 0x07, 0xFF,     0xFF, 0xA3, 0x07, 0xFF,     0xFF, 0xA3, 0x07, 0xFF,
    0xFF, 0xA3, 0x07, 0xFF,     0xFF, 0xA2, 0x07, 0xFF,     0xFF, 0xA2, 0x07, 0xFF,     0xFF, 0xA1, 0x07, 0xFF,
    0xFF, 0xA1, 0x06, 0xFF,     0xFF, 0xA0, 0x06, 0xFF,     0xFF, 0xA0, 0x06, 0xFF,     0xFF, 0x9F, 0x06, 0xFF,
    0xFF, 0x9F, 0x06, 0xFF,     0xFF, 0x9E, 0x06, 0xFF,     0xFF, 0x9E, 0x06, 0xFF,     0xFF, 0x9E, 0x05, 0xFF,
    0xFF, 0x9D, 0x05, 0xFF,     0xFF, 0x9D, 0x05, 0xFF,     0xFF, 0x9C, 0x05, 0xFF,     0xFF, 0x9C, 0x05, 0xFF,
    0xFF, 0x9B, 0x05, 0xFF,     0xFF, 0x9B, 0x05, 0xFF,     0xFF, 0x9A, 0x04, 0xFF,     0xFF, 0x9A, 0x04, 0xFF,
    0xFF, 0x99, 0x04, 0xFF,     0xFF, 0x99, 0x04, 0xFF,     0xFF, 0x99, 0x04, 0xFF,     0xFF, 0x98, 0x04, 0xFF,
    0xFF, 0x98, 0x03, 0xFF,     0xFF, 0x97, 0x03, 0xFF,     0xFF, 0x97, 0x03, 0xFF,     0xFF, 0x96, 0x03, 0xFF,
    0xFF, 0x96, 0x03, 0xFF,     0xFF, 0x95, 0x03, 0xFF,     0xFF, 0x95, 0x03, 0xFF,     0xFF, 0x94, 0x02, 0xFF,
    0xFF, 0x94, 0x02, 0xFF,     0xFF, 0x94, 0x02, 0xFF,     0xFF, 0x93, 0x02, 0xFF,     0xFF, 0x93, 0x02, 0xFF,
    0xFF, 0x92, 0x02, 0xFF,     0xFF, 0x92, 0x02, 0xFF,     0xFF, 0x91, 0x01, 0xFF,     0xFF, 0x91, 0x01, 0xFF,
    0xFF, 0x90, 0x01, 0xFF,     0xFF, 0x90, 0x01, 0xFF,     0xFF, 0x8F, 0x01, 0xFF,     0xFF, 0x8F, 0x01, 0xFF,
    0xFF, 0x8F, 0x01, 0xFF,     0xFF, 0x8E, 0x00, 0xFF,     0xFF, 0x8E, 0x00, 0xFF,     0xFF, 0x8D, 0x00, 0xFF,
    0xFF, 0xC7, 0x13, 0xFF,     0xFF, 0xC6, 0x13, 0xFF,     0xFF, 0xC6, 0x13, 0xFF,     0xFF, 0xC5, 0x12, 0xFF,
    0xFF, 0xC5, 0x12, 0xFF,     0xFF, 0xC5, 0x12, 0xFF,     0xFF, 0xC4, 0x12, 0xFF,     0xFF, 0xC4, 0x12, 0xFF,
    0xFF, 0xC3, 0x12, 0xFF,     0xFF, 0xC3, 0x12, 0xFF,     0xFF, 0xC2, 0x11, 0xFF,     0xFF, 0xC2, 0x11, 0xFF,
    0xFF, 0xC1, 0x11, 0xFF,     0xFF, 0xC1, 0x11, 0xFF,     0xFF, 0xC0, 0x11, 0xFF,     0xFF, 0xC0, 0x11, 0xFF,
    0xFF, 0xC0, 0x11, 0xFF,     0xFF, 0xBF, 0x10, 0xFF,     0xFF, 0xBF, 0x10, 0xFF,     0xFF, 0xBE, 0x10, 0xFF,
    0xFF, 0xBE, 0x10, 0xFF,     0xFF, 0xBD, 0x10, 0xFF,     0xFF, 0xBD, 0x10, 0xFF,     0xFF, 0xBC, 0x10, 0xFF,
    0xFF, 0xBC, 0x0F, 0xFF,     0xFF, 0xBB, 0x0F, 0xFF,     0xFF, 0xBB, 0x0F, 0xFF,     0xFF, 0xBB, 0x0F, 0xFF,
    0xFF, 0xBA, 0x0F, 0xFF,     0xFF, 0xBA, 0x0F, 0xFF,     0xFF, 0xB9, 0x0E, 0xFF,     0xFF, 0xB9, 0x0E, 0xFF,
    0xFF, 0xB8, 0x0E, 0xFF,     0xFF, 0xB8, 0x0E, 0xFF,     0xFF, 0xB7, 0x0E, 0xFF,     0xFF, 0xB7, 0x0E, 0xFF,
    0xFF, 0xB6, 0x0E, 0xFF,     0xFF, 0xB6, 0x0D, 0xFF,     0xFF, 0xB6, 0x0D, 0xFF,     0xFF, 0xB5, 0x0D, 0xFF,
    0xFF, 0xB5, 0x0D, 0xFF,     0xFF, 0xB4, 0x0D, 0xFF,     0xFF, 0xB4, 0x0D, 0xFF,     0xFF, 0xB3, 0x0D, 0xFF,
    0xFF, 0xB3, 0x0C, 0xFF,     0xFF, 0xB2, 0x0C, 0xFF,     0xFF, 0xB2, 0x0C, 0xFF,     0xFF, 0xB1, 0x0C, 0xFF,
    0xFF, 0xB1, 0x0C, 0xFF,     0xFF, 0xB1, 0x0C, 0xFF,     0xFF, 0xB0, 0x0C, 0xFF,     0xFF, 0xB0, 0x0B, 0xFF,
    0xFF, 0xAF, 0x0B, 0xFF,     0xFF, 0xAF, 0x0B, 0xFF,     0xFF, 0xAE, 0x0B, 0xFF,     0xFF, 0xAE, 0x0B, 0xFF,
    0xFF, 0xAD, 0x0B, 0xFF,     0xFF, 0xAD, 0x0A, 0xFF,     0xFF, 0xAC, 0x0A, 0xFF,     0xFF, 0xAC, 0x0A, 0xFF,
    0xFF, 0xAC, 0x0A, 0xFF,     0xFF, 0xAB, 0x0A, 0xFF,     0xFF, 0xAB, 0x0A, 0xFF,     0xFF, 0xAA, 0x0A, 0xFF,
    0xFF, 0xAA, 0x09, 0xFF,     0xFF, 0xA9, 0x09, 0xFF,     0xFF, 0xA9, 0x09, 0xFF,     0xFF, 0xA8, 0x09, 0xFF,
    0xFF, 0xA8, 0x09, 0xFF,     0xFF, 0xA8, 0x09, 0xFF,     0xFF, 0xA7, 0x09, 0xFF,     0xFF, 0xA7, 0x08, 0xFF,
    0xFF, 0xA6, 0x08, 0xFF,     0xFF, 0xA6, 0x08, 0xFF,     0xFF, 0xA5, 0x08, 0xFF,     0xFF, 0xA5, 0x08, 0xFF,
    0xFF, 0xA4, 0x08, 0xFF,     0xFF, 0xA4, 0x07, 0xFF,     0xFF, 0xA3, 0x07, 0xFF,     0xFF, 0xA3, 0x07, 0xFF,
    0xFF, 0xA3, 0x07, 0xFF,     0xFF, 0xA2, 0x07, 0xFF,     0xFF, 0xA2, 0x07, 0xFF,     0xFF, 0xA1, 0x07, 0xFF,
    0xFF, 0xA1, 0x06, 0xFF,     0xFF, 0xA0, 0x06, 0xFF,     0xFF, 0xA0, 0x06, 0xFF,     0xFF, 0x9F, 0x06, 0xFF,
    0xFF, 0x9F, 0x06, 0xFF,     0xFF, 0x9E, 0x06, 0xFF,     0xFF, 0x9E, 0x06, 0xFF,     0xFF, 0x9E, 0x05, 0xFF,
    0xFF, 0x9D, 0x05, 0xFF,     0xFF, 0x9D, 0x05, 0xFF,     0xFF, 0x9C, 0x05, 0xFF,     0xFF, 0x9C, 0x05, 0xFF,
    0xFF, 0x9B, 0x05, 0xFF,     0xFF, 0x9B, 0x05, 0xFF,     0xFF, 0x9A, 0x04, 0xFF,     0xFF, 0x9A, 0x04, 0xFF,
    0xFF, 0x99, 0x04, 0xFF,     0xFF, 0x99, 0x04, 0xFF,     0xFF, 0x99, 0x04, 0xFF,     0xFF, 0x98, 0x04, 0xFF,
    0xFF, 0x98, 0x03, 0xFF,     0xFF, 0x97, 0x03, 0xFF,     0xFF, 0x97, 0x03, 0xFF,     0xFF, 0x96, 0x03, 0xFF,
    0xFF, 0x96, 0x03, 0xFF,     0xFF, 0x95, 0x03, 0xFF,     0xFF, 0x95, 0x03, 0xFF,     0xFF, 0x94, 0x02, 0xFF,
    0xFF, 0x94, 0x02, 0xFF,     0xFF, 0x94, 0x02, 0xFF,     0xFF, 0x93, 0x02, 0xFF,     0xFF, 0x93, 0x02, 0xFF,
    0xFF, 0x92, 0x02, 0xFF,     0xFF, 0x92, 0x02, 0xFF,     0xFF, 0x91, 0x01, 0xFF,     0xFF, 0x91, 0x01, 0xFF,
    0xFF, 0x90, 0x01, 0xFF,     0xFF, 0x90, 0x01, 0xFF,     0xFF, 0x8F, 0x01, 0xFF,     0xFF, 0x8F, 0x01, 0xFF,
    0xFF, 0x8F, 0x01, 0xFF,     0xFF, 0x8E, 0x00, 0xFF,     0xFF, 0x8E, 0x00, 0xFF,     0xFF, 0x8D, 0x00, 0xFF,
    0xFF, 0xC7, 0x13, 0xFF,     0xFF, 0xC6, 0x13, 0xFF,     0xFF, 0xC6, 0x13, 0xFF,     0xFF, 0xC5, 0x12, 0xFF,
    0xFF, 0xC5, 0x12, 0xFF,     0xFF, 0xC5, 0x12, 0xFF,     0xFF, 0xC4, 0x12, 0xFF,     0xFF, 0xC4, 0x12, 0xFF,
    0xFF, 0xC3, 0x12, 0xFF,     0xFF, 0xC3, 0x12, 0xFF,     0xFF, 0xC2, 0x11, 0xFF,     0xFF, 0xC2, 0x11, 0xFF,
    0xFF, 0xC1, 0x11, 0xFF,     0xFF, 0xC1, 0x11, 0xFF,     0xFF, 0xC0, 0x11, 0xFF,     0xFF, 0xC0, 0x11, 0xFF,
    0xFF, 0xC0, 0x11, 0xFF,     0xFF, 0xBF, 0x10, 0xFF,     0xFF, 0xBF, 0x10, 0xFF,     0xFF, 0xBE, 0x10, 0xFF,
    0xFF, 0xBE, 0x10, 0xFF,     0xFF, 0xBD, 0x10, 0xFF,     0xFF, 0xBD, 0x10, 0xFF,     0xFF, 0xBC, 0x10, 0xFF,
    0xFF, 0xBC, 0x0F, 0xFF,     0xFF, 0xBB, 0x0F, 0xFF,     0xFF, 0xBB, 0x0F, 0xFF,     0xFF, 0xBB, 0x0F, 0xFF,
    0xFF, 0xBA, 0x0F, 0xFF,     0xFF, 0xBA, 0x0F, 0xFF,     0xFF, 0xB9, 0x0E, 0xFF,     0xFF, 0xB9, 0x0E, 0xFF,
    0xFF, 0xB8, 0x0E, 0xFF,     0xFF, 0xB8, 0x0E, 0xFF,     0xFF, 0xB7, 0x0E, 0xFF,     0xFF, 0xB7, 0x0E, 0xFF,
    0xFF, 0xB6, 0x0E, 0xFF,     0xFF, 0xB6, 0x0D, 0xFF,     0xFF, 0xB6, 0x0D, 0xFF,     0xFF, 0xB5, 0x0D, 0xFF,
    0xFF, 0xB5, 0x0D, 0xFF,     0xFF, 0xB4, 0x0D, 0xFF,     0xFF, 0xB4, 0x0D, 0xFF,     0xFF, 0xB3, 0x0D, 0xFF,
    0xFF, 0xB3, 0x0C, 0xFF,     0xFF, 0xB2, 0x0C, 0xFF,     0xFF, 0xB2, 0x0C, 0xFF,     0xFF, 0xB1, 0x0C, 0xFF,
    0xFF, 0xB1, 0x0C, 0xFF,     0xFF, 0xB1, 0x0C, 0xFF,     0xFF, 0xB0, 0x0C, 0xFF,     0xFF, 0xB0, 0x0B, 0xFF,
    0xFF, 0xAF, 0x0B, 0xFF,     0xFF, 0xAF, 0x0B, 0xFF,     0xFF, 0xAE, 0x0B, 0xFF,     0xFF, 0xAE, 0x0B, 0xFF,
    0xFF, 0xAD, 0x0B, 0xFF,     0xFF, 0xAD, 0x0A, 0xFF,     0xFF, 0xAC, 0x0A, 0xFF,     0xFF, 0xAC, 0x0A, 0xFF,
    0xFF, 0xAC, 0x0A, 0xFF,     0xFF, 0xAB, 0x0A, 0xFF,     0xFF, 0xAB, 0x0A, 0xFF,     0xFF, 0xAA, 0x0A, 0xFF,
    0xFF, 0xAA, 0x09, 0xFF,     0xFF, 0xA9, 0x09, 0xFF,     0xFF, 0xA9, 0x09, 0xFF,     0xFF, 0xA8, 0x09, 0xFF,
    0xFF, 0xA8, 0x09, 0xFF,     0xFF, 0xA8, 0x09, 0xFF,     0xFF, 0xA7, 0x09, 0xFF,     0xFF, 0xA7, 0x08, 0xFF,
    0xFF, 0xA6, 0x08, 0xFF,     0xFF, 0xA6, 0x08, 0xFF,     0xFF, 0xA5, 0x08, 0xFF,     0xFF, 0xA5, 0x08, 0xFF,
    0xFF, 0xA4, 0x08, 0xFF,     0xFF, 0xA4, 0x07, 0xFF,     0xFF, 0xA3, 0x07, 0xFF,     0xFF, 0xA3, 0x07, 0xFF,
    0xFF, 0xA3, 0x07, 0xFF,     0xFF, 0xA2, 0x07, 0xFF,     0xFF, 0xA2, 0x07, 0xFF,     0xFF, 0xA1, 0x07, 0xFF,
    0xFF, 0xA1, 0x06, 0xFF,     0xFF, 0xA0, 0x06, 0xFF,     0xFF, 0xA0, 0x06, 0xFF,     0xFF, 0x9F, 0x06, 0xFF,
    0xFF, 0x9F, 0x06, 0xFF,     0xFF, 0x9E, 0x06, 0xFF,     0xFF, 0x9E, 0x06, 0xFF,     0xFF, 0x9E, 0x05, 0xFF,
    0xFF, 0x9D, 0x05, 0xFF,     0xFF, 0x9D, 0x05, 0xFF,     0xFF, 0x9C, 0x05, 0xFF,     0xFF, 0x9C, 0x05, 0xFF,
    0xFF, 0x9B, 0x05, 0xFF,     0xFF, 0x9B, 0x05, 0xFF,     0xFF, 0x9A, 0x04, 0xFF,     0xFF, 0x9A, 0x04, 0xFF,
    0xFF, 0x99, 0x04, 0xFF,     0xFF, 0x99, 0x04, 0xFF,     0xFF, 0x99, 0x04, 0xFF,     0xFF, 0x98, 0x04, 0xFF,
    0xFF, 0x98, 0x03, 0xFF,     0xFF, 0x97, 0x03, 0xFF,     0xFF, 0x97, 0x03, 0xFF,     0xFF, 0x96, 0x03, 0xFF,
    0xFF, 0x96, 0x03, 0xFF,     0xFF, 0x95, 0x03, 0xFF,     0xFF, 0x95, 0x03, 0xFF,     0xFF, 0x94, 0x02, 0xFF,
    0xFF, 0x94, 0x02, 0xFF,     0xFF, 0x94, 0x02, 0xFF,     0xFF, 0x93, 0x02, 0xFF,     0xFF, 0x93, 0x02, 0xFF,
    0xFF, 0x92, 0x02, 0xFF,     0xFF, 0x92, 0x02, 0xFF,     0xFF, 0x91, 0x01, 0xFF,     0xFF, 0x91, 0x01, 0xFF,
    0xFF, 0x90, 0x01, 0xFF,     0xFF, 0x90, 0x01, 0xFF,     0xFF, 0x8F, 0x01, 0xFF,     0xFF, 0x8F, 0x01, 0xFF,
    0xFF, 0x8F, 0x01, 0xFF,     0xFF, 0x8E, 0x00, 0xFF,     0xFF, 0x8E, 0x00, 0xFF,     0xFF, 0x8D, 0x00, 0xFF,
    0xFF, 0xC7, 0x13, 0xFF,     0xFF, 0xC6, 0x13, 0xFF,     0xFF, 0xC6, 0x13, 0xFF,     0xFF, 0xC5, 0x12, 0xFF,
    0xFF, 0xC5, 0x12, 0xFF,     0xFF, 0xC5, 0x12, 0xFF,     0xFF, 0xC4, 0x12, 0xFF,     0xFF, 0xC4, 0x12, 0xFF,
    0xFF, 0xC3, 0x12, 0xFF,     0xFF, 0xC3, 0x12, 0xFF,     0xFF, 0xC2, 0x11, 0xFF,     0xFF, 0xC2, 0x11, 0xFF,
    0xFF, 0xC1, 0x11, 0xFF,     0xFF, 0xC1, 0x11, 0xFF,     0xFF, 0xC0, 0x11, 0xFF,     0xFF, 0xC0, 0x11, 0xFF,
    0xFF, 0xC0, 0x11, 0xFF,     0xFF, 0xBF, 0x10, 0xFF,     0xFF, 0xBF, 0x10, 0xFF,     0xFF, 0xBE, 0x10, 0xFF,
    0xFF, 0xBE, 0x10, 0xFF,     0xFF, 0xBD, 0x10, 0xFF,     0xFF, 0xBD, 0x10, 0xFF,     0xFF, 0xBC, 0x10, 0xFF,
    0xFF, 0xBC, 0x0F, 0xFF,     0xFF, 0xBB, 0x0F, 0xFF,     0xFF, 0xBB, 0x0F, 0xFF,     0xFF, 0xBB, 0x0F, 0xFF,
    0xFF, 0xBA, 0x0F, 0xFF,     0xFF, 0xBA, 0x0F, 0xFF,     0xFF, 0xB9, 0x0E, 0xFF,     0xFF, 0xB9, 0x0E, 0xFF,
    0xFF, 0xB8, 0x0E, 0xFF,     0xFF, 0xB8, 0x0E, 0xFF,     0xFF, 0xB7, 0x0E, 0xFF,     0xFF, 0xB7, 0x0E, 0xFF,
    0xFF, 0xB6, 0x0E, 0xFF,     0xFF, 0xB6, 0x0D, 0xFF,     0xFF, 0xB6, 0x0D, 0xFF,     0xFF, 0xB5, 0x0D, 0xFF,
    0xFF, 0xB5, 0x0D, 0xFF,     0xFF, 0xB4, 0x0D, 0xFF,     0xFF, 0xB4, 0x0D, 0xFF,     0xFF, 0xB3, 0x0D, 0xFF,
    0xFF, 0xB3, 0x0C, 0xFF,     0xFF, 0xB2, 0x0C, 0xFF,     0xFF, 0xB2, 0x0C, 0xFF,     0xFF, 0xB1, 0x0C, 0xFF,
    0xFF, 0xB1, 0x0C, 0xFF,     0xFF, 0xB1, 0x0C, 0xFF,     0xFF, 0xB0, 0x0C, 0xFF,     0xFF, 0xB0, 0x0B, 0xFF,
    0xFF, 0xAF, 0x0B, 0xFF,     0xFF, 0xAF, 0x0B, 0xFF,     0xFF, 0xAE, 0x0B, 0xFF,     0xFF, 0xAE, 0x0B, 0xFF,
    0xFF, 0xAD, 0x0B, 0xFF,     0xFF, 0xAD, 0x0A, 0xFF,     0xFF, 0xAC, 0x0A, 0xFF,     0xFF, 0xAC, 0x0A, 0xFF,
    0xFF, 0xAC, 0x0A, 0xFF,     0xFF, 0xAB, 0x0A, 0xFF,     0xFF, 0xAB, 0x0A, 0xFF,     0xFF, 0xAA, 0x0A, 0xFF,
    0xFF, 0xAA, 0x09, 0xFF,     0xFF, 0xA9, 0x09, 0xFF,     0xFF, 0xA9, 0x09, 0xFF,     0xFF, 0xA8, 0x09, 0xFF,
    0xFF, 0xA8, 0x09, 0xFF,     0xFF, 0xA8, 0x09, 0xFF,     0xFF, 0xA7, 0x09, 0xFF,     0xFF, 0xA7, 0x08, 0xFF,
    0xFF, 0xA6, 0x08, 0xFF,     0xFF, 0xA6, 0x08, 0xFF,     0xFF, 0xA5, 0x08, 0xFF,     0xFF, 0xA5, 0x08, 0xFF,
    0xFF, 0xA4, 0x08, 0xFF,     0xFF, 0xA4, 0x07, 0xFF,     0xFF, 0xA3, 0x07, 0xFF,     0xFF, 0xA3, 0x07, 0xFF,
    0xFF, 0xA3, 0x07, 0xFF,     0xFF, 0xA2, 0x07, 0xFF,     0xFF, 0xA2, 0x07, 0xFF,     0xFF, 0xA1, 0x07, 0xFF,
    0xFF, 0xA1, 0x06, 0xFF,     0xFF, 0xA0, 0x06, 0xFF,     0xFF, 0xA0, 0x06, 0xFF,     0xFF, 0x9F, 0x06, 0xFF,
    0xFF, 0x9F, 0x06, 0xFF,     0xFF, 0x9E, 0x06, 0xFF,     0xFF, 0x9E, 0x06, 0xFF,     0xFF, 0x9E, 0x05, 0xFF,
    0xFF, 0x9D, 0x05, 0xFF,     0xFF, 0x9D, 0x05, 0xFF,     0xFF, 0x9C, 0x05, 0xFF,     0xFF, 0x9C, 0x05, 0xFF,
    0xFF, 0x9B, 0x05, 0xFF,     0xFF, 0x9B, 0x05, 0xFF,     0xFF, 0x9A, 0x04, 0xFF,     0xFF, 0x9A, 0x04, 0xFF,
    0xFF, 0x99, 0x04, 0xFF,     0xFF, 0x99, 0x04, 0xFF,     0xFF, 0x99, 0x04, 0xFF,     0xFF, 0x98, 0x04, 0xFF,
    0xFF, 0x98, 0x03, 0xFF,     0xFF, 0x97, 0x03, 0xFF,     0xFF, 0x97, 0x03, 0xFF,     0xFF, 0x96, 0x03, 0xFF,
    0xFF, 0x96, 0x03, 0xFF,     0xFF, 0x95, 0x03, 0xFF,     0xFF, 0x95, 0x03, 0xFF,     0xFF, 0x94, 0x02, 0xFF,
    0xFF, 0x94, 0x02, 0xFF,     0xFF, 0x94, 0x02, 0xFF,     0xFF, 0x93, 0x02, 0xFF,     0xFF, 0x93, 0x02, 0xFF,
    0xFF, 0x92, 0x02, 0xFF,     0xFF, 0x92, 0x02, 0xFF,     0xFF, 0x91, 0x01, 0xFF,     0xFF, 0x91, 0x01, 0xFF,
    0xFF, 0x90, 0x01, 0xFF,     0xFF, 0x90, 0x01, 0xFF,     0xFF, 0x8F, 0x01, 0xFF,     0xFF, 0x8F, 0x01, 0xFF,
    0xFF, 0x8F, 0x01, 0xFF,     0xFF, 0x8E, 0x00, 0xFF,     0xFF, 0x8E, 0x00, 0xFF,     0xFF, 0x8D, 0x00, 0xFF,
    0xFF, 0xC7, 0x13, 0xFF,     0xFF, 0xC6, 0x13, 0xFF,     0xFF, 0xC6, 0x13, 0xFF,     0xFF, 0xC5, 0x12, 0xFF,
    0xFF, 0xC5, 0x12, 0xFF,     0xFF, 0xC5, 0x12, 0xFF,     0xFF, 0xC4, 0x12, 0xFF,     0xFF, 0xC4, 0x12, 0xFF,
    0xFF, 0xC3, 0x12, 0xFF,     0xFF, 0xC3, 0x12, 0xFF,     0xFF, 0xC2, 0x11, 0xFF,     0xFF, 0xC2, 0x11, 0xFF,
    0xFF, 0xC1, 0x11, 0xFF,     0xFF, 0xC1, 0x11, 0xFF,     0xFF, 0xC0, 0x11, 0xFF,     0xFF, 0xC0, 0x11, 0xFF,
    0xFF, 0xC0, 0x11, 0xFF,     0xFF, 0xBF, 0x10, 0xFF,     0xFF, 0xBF, 0x10, 0xFF,     0xFF, 0xBE, 0x10, 0xFF,
    0xFF, 0xBE, 0x10, 0xFF,     0xFF, 0xBD, 0x10, 0xFF,     0xFF, 0xBD, 0x10, 0xFF,     0xFF, 0xBC, 0x10, 0xFF,
    0xFF, 0xBC, 0x0F, 0xFF,     0xFF, 0xBB, 0x0F, 0xFF,     0xFF, 0xBB, 0x0F, 0xFF,     0xFF, 0xBB, 0x0F, 0xFF,
    0xFF, 0xBA, 0x0F, 0xFF,     0xFF, 0xBA, 0x0F, 0xFF,     0xFF, 0xB9, 0x0E, 0xFF,     0xFF, 0xB9, 0x0E, 0xFF,
    0xFF, 0xB8, 0x0E, 0xFF,     0xFF, 0xB8, 0x0E, 0xFF,     0xFF, 0xB7, 0x0E, 0xFF,     0xFF, 0xB7, 0x0E, 0xFF,
    0xFF, 0xB6, 0x0E, 0xFF,     0xFF, 0xB6, 0x0D, 0xFF,     0xFF, 0xB6, 0x0D, 0xFF,     0xFF, 0xB5, 0x0D, 0xFF,
    0xFF, 0xB5, 0x0D, 0xFF,     0xFF, 0xB4, 0x0D, 0xFF,     0xFF, 0xB4, 0x0D, 0xFF,     0xFF, 0xB3, 0x0D, 0xFF,
    0xFF, 0xB3, 0x0C, 0xFF,     0xFF, 0xB2, 0x0C, 0xFF,     0xFF, 0xB2, 0x0C, 0xFF,     0xFF, 0xB1, 0x0C, 0xFF,
    0xFF, 0xB1, 0x0C, 0xFF,     0xFF, 0xB1, 0x0C, 0xFF,     0xFF, 0xB0, 0x0C, 0xFF,     0xFF, 0xB0, 0x0B, 0xFF,
    0xFF, 0xAF, 0x0B, 0xFF,     0xFF, 0xAF, 0x0B, 0xFF,     0xFF, 0xAE, 0x0B, 0xFF,     0xFF, 0xAE, 0x0B, 0xFF,
    0xFF, 0xAD, 0x0B, 0xFF,     0xFF, 0xAD, 0x0A, 0xFF,     0xFF, 0xAC, 0x0A, 0xFF,     0xFF, 0xAC, 0x0A, 0xFF,
    0xFF, 0xAC, 0x0A, 0xFF,     0xFF, 0xAB, 0x0A, 0xFF,     0xFF, 0xAB, 0x0A, 0xFF,     0xFF, 0xAA, 0x0A, 0xFF,
    0xFF, 0xAA, 0x09, 0xFF,     0xFF, 0xA9, 0x09, 0xFF,     0xFF, 0xA9, 0x09, 0xFF,     0xFF, 0xA8, 0x09, 0xFF,
    0xFF, 0xA8, 0x09, 0xFF,     0xFF, 0xA8, 0x09, 0xFF,     0xFF, 0xA7, 0x09, 0xFF,     0xFF, 0xA7, 0x08, 0xFF,
    0xFF, 0xA6, 0x08, 0xFF,     0xFF, 0xA6, 0x08, 0xFF,     0xFF, 0xA5, 0x08, 0xFF,     0xFF, 0xA5, 0x08, 0xFF,
    0xFF, 0xA4, 0x08, 0xFF,     0xFF, 0xA4, 0x07, 0xFF,     0xFF, 0xA3, 0x07, 0xFF,     0xFF, 0xA3, 0x07, 0xFF,
    0xFF, 0xA3, 0x07, 0xFF,     0xFF, 0xA2, 0x07, 0xFF,     0xFF, 0xA2, 0x07, 0xFF,     0xFF, 0xA1, 0x07, 0xFF,
    0xFF, 0xA1, 0x06, 0xFF,     0xFF, 0xA0, 0x06, 0xFF,     0xFF, 0xA0, 0x06, 0xFF,     0xFF, 0x9F, 0x06, 0xFF,
    0xFF, 0x9F, 0x06, 0xFF,     0xFF, 0x9E, 0x06, 0xFF,     0xFF, 0x9E, 0x06, 0xFF,     0xFF, 0x9E, 0x05, 0xFF,
    0xFF, 0x9D, 0x05, 0xFF,     0xFF, 0x9D, 0x05, 0xFF,     0xFF, 0x9C, 0x05, 0xFF,     0xFF, 0x9C, 0x05, 0xFF,
    0xFF, 0x9B, 0x05, 0xFF,     0xFF, 0x9B, 0x05, 0xFF,     0xFF, 0x9A, 0x04, 0xFF,     0xFF, 0x9A, 0x04, 0xFF,
    0xFF, 0x99, 0x04, 0xFF,     0xFF, 0x99, 0x04, 0xFF,     0xFF, 0x99, 0x04, 0xFF,     0xFF, 0x98, 0x04, 0xFF,
    0xFF, 0x98, 0x03, 0xFF,     0xFF, 0x97, 0x03, 0xFF,     0xFF, 0x97, 0x03, 0xFF,     0xFF, 0x96, 0x03, 0xFF,
    0xFF, 0x96, 0x03, 0xFF,     0xFF, 0x95, 0x03, 0xFF,     0xFF, 0x95, 0x03, 0xFF,     0xFF, 0x94, 0x02, 0xFF,
    0xFF, 0x94, 0x02, 0xFF,     0xFF, 0x94, 0x02, 0xFF,     0xFF, 0x93, 0x02, 0xFF,     0xFF, 0x93, 0x02, 0xFF,
    0xFF, 0x92, 0x02, 0xFF,     0xFF, 0x92, 0x02, 0xFF,     0xFF, 0x91, 0x01, 0xFF,     0xFF, 0x91, 0x01, 0xFF,
    0xFF, 0x90, 0x01, 0xFF,     0xFF, 0x90, 0x01, 0xFF,     0xFF, 0x8F, 0x01, 0xFF,     0xFF, 0x8F, 0x01, 0xFF,
    0xFF, 0x8F, 0x01, 0xFF,     0xFF, 0x8E, 0x00, 0xFF,     0xFF, 0x8E, 0x00, 0xFF,     0xFF, 0x8D, 0x00, 0xFF,
    0xFF, 0xC7, 0x13, 0xFF,     0xFF, 0xC6, 0x13, 0xFF,     0xFF, 0xC6, 0x13, 0xFF,     0xFF, 0xC5, 0x12, 0xFF,
    0xFF, 0xC5, 0x12, 0xFF,     0xFF, 0xC5, 0x12, 0xFF,     0xFF, 0xC4, 0x12, 0xFF,     0xFF, 0xC4, 0x12, 0xFF,
    0xFF, 0xC3, 0x12, 0xFF,     0xFF, 0xC3, 0x12, 0xFF,     0xFF, 0xC2, 0x11, 0xFF,     0xFF, 0xC2, 0x11, 0xFF,
    0xFF, 0xC1, 0x11, 0xFF,     0xFF, 0xC1, 0x11, 0xFF,     0xFF, 0xC0, 0x11, 0xFF,     0xFF, 0xC0, 0x11, 0xFF,
    0xFF, 0xC0, 0x11, 0xFF,     0xFF, 0xBF, 0x10, 0xFF,     0xFF, 0xBF, 0x10, 0xFF,     0xFF, 0xBE, 0x10, 0xFF,
    0xFF, 0xBE, 0x10, 0xFF,     0xFF, 0xBD, 0x10, 0xFF,     0xFF, 0xBD, 0x10, 0xFF,     0xFF, 0xBC, 0x10, 0xFF,
    0xFF, 0xBC, 0x0F, 0xFF,     0xFF, 0xBB, 0x0F, 0xFF,     0xFF, 0xBB, 0x0F, 0xFF,     0xFF, 0xBB, 0x0F, 0xFF,
    0xFF, 0xBA, 0x0F, 0xFF,     0xFF, 0xBA, 0x0F, 0xFF,     0xFF, 0xB9, 0x0E, 0xFF,     0xFF, 0xB9, 0x0E, 0xFF,
    0xFF, 0xB8, 0x0E, 0xFF,     0xFF, 0xB8, 0x0E, 0xFF,     0xFF, 0xB7, 0x0E, 0xFF,     0xFF, 0xB7, 0x0E, 0xFF,
    0xFF, 0xB6, 0x0E, 0xFF,     0xFF, 0xB6, 0x0D, 0xFF,     0xFF, 0xB6, 0x0D, 0xFF,     0xFF, 0xB5, 0x0D, 0xFF,
    0xFF, 0xB5, 0x0D, 0xFF,     0xFF, 0xB4, 0x0D, 0xFF,     0xFF, 0xB4, 0x0D, 0xFF,     0xFF, 0xB3, 0x0D, 0xFF,
    0xFF, 0xB3, 0x0C, 0xFF,     0xFF, 0xB2, 0x0C, 0xFF,     0xFF, 0xB2, 0x0C, 0xFF,     0xFF, 0xB1, 0x0C, 0xFF,
    0xFF, 0xB1, 0x0C, 0xFF,     0xFF, 0xB1, 0x0C, 0xFF,     0xFF, 0xB0, 0x0C, 0xFF,     0xFF, 0xB0, 0x0B, 0xFF,
    0xFF, 0xAF, 0x0B, 0xFF,     0xFF, 0xAF, 0x0B, 0xFF,     0xFF, 0xAE, 0x0B, 0xFF,     0xFF, 0xAE, 0x0B, 0xFF,
    0xFF, 0xAD, 0x0B, 0xFF,     0xFF, 0xAD, 0x0A, 0xFF,     0xFF, 0xAC, 0x0A, 0xFF,     0xFF, 0xAC, 0x0A, 0xFF,
    0xFF, 0xAC, 0x0A, 0xFF,     0xFF, 0xAB, 0x0A, 0xFF,     0xFF, 0xAB, 0x0A, 0xFF,     0xFF, 0xAA, 0x0A, 0xFF,
    0xFF, 0xAA, 0x09, 0xFF,     0xFF, 0xA9, 0x09, 0xFF,     0xFF, 0xA9, 0x09, 0xFF,     0xFF, 0xA8, 0x09, 0xFF,
    0xFF, 0xA8, 0x09, 0xFF,     0xFF, 0xA8, 0x09, 0xFF,     0xFF, 0xA7, 0x09, 0xFF,     0xFF, 0xA7, 0x08, 0xFF,
    0xFF, 0xA6, 0x08, 0xFF,     0xFF, 0xA6, 0x08, 0xFF,     0xFF, 0xA5, 0x08, 0xFF,     0xFF, 0xA5, 0x08, 0xFF,
    0xFF, 0xA4, 0x08, 0xFF,     0xFF, 0xA4, 0x07, 0xFF,     0xFF, 0xA3, 0x07, 0xFF,     0xFF, 0xA3, 0x07, 0xFF,
    0xFF, 0xA3, 0x07, 0xFF,     0xFF, 0xA2, 0x07, 0xFF,     0xFF, 0xA2, 0x07, 0xFF,     0xFF, 0xA1, 0x07, 0xFF,
    0xFF, 0xA1, 0x06, 0xFF,     0xFF, 0xA0, 0x06, 0xFF,     0xFF, 0xA0, 0x06, 0xFF,     0xFF, 0x9F, 0x06, 0xFF,
    0xFF, 0x9F, 0x06, 0xFF,     0xFF, 0x9E, 0x06, 0xFF,     0xFF, 0x9E, 0x06, 0xFF,     0xFF, 0x9E, 0x05, 0xFF,
    0xFF, 0x9D, 0x05, 0xFF,     0xFF, 0x9D, 0x05, 0xFF,     0xFF, 0x9C, 0x05, 0xFF,     0xFF, 0x9C, 0x05, 0xFF,
    0xFF, 0x9B, 0x05, 0xFF,     0xFF, 0x9B, 0x05, 0xFF,     0xFF, 0x9A, 0x04, 0xFF,     0xFF, 0x9A, 0x04, 0xFF,
    0xFF, 0x99, 0x04, 0xFF,     0xFF, 0x99, 0x04, 0xFF,     0xFF, 0x99, 0x04, 0xFF,     0xFF, 0x98, 0x04, 0xFF,
    0xFF, 0x98, 0x03, 0xFF,     0xFF, 0x97, 0x03, 0xFF,     0xFF, 0x97, 0x03, 0xFF,     0xFF, 0x96, 0x03, 0xFF,
    0xFF, 0x96, 0x03, 0xFF,     0xFF, 0x95, 0x03, 0xFF,     0xFF, 0x95, 0x03, 0xFF,     0xFF, 0x94, 0x02, 0xFF,
    0xFF, 0x94, 0x02, 0xFF,     0xFF, 0x94, 0x02, 0xFF,     0xFF, 0x93, 0x02, 0xFF,     0xFF, 0x93, 0x02, 0xFF,
    0xFF, 0x92, 0x02, 0xFF,     0xFF, 0x92, 0x02, 0xFF,     0xFF, 0x91, 0x01, 0xFF,     0xFF, 0x91, 0x01, 0xFF,
    0xFF, 0x90, 0x01, 0xFF,     0xFF, 0x90, 0x01, 0xFF,     0xFF, 0x8F, 0x01, 0xFF,     0xFF, 0x8F, 0x01, 0xFF,
    0xFF, 0x8F, 0x01, 0xFF,     0xFF, 0x8E, 0x00, 0xFF,     0xFF, 0x8E, 0x00, 0xFF,     0xFF, 0x8D, 0x00, 0xFF,
    0xFF, 0xC7, 0x13, 0xFF,     0xFF, 0xC6, 0x13, 0xFF,     0xFF, 0xC6, 0x13, 0xFF,     0xFF, 0xC5, 0x12, 0xFF,
    0xFF, 0xC5, 0x12, 0xFF,     0xFF, 0xC5, 0x12, 0xFF,     0xFF, 0xC4, 0x12, 0xFF,     0xFF, 0xC4, 0x12, 0xFF,
    0xFF, 0xC3, 0x12, 0xFF,     0xFF, 0xC3, 0x12, 0xFF,     0xFF, 0xC2, 0x11, 0xFF,     0xFF, 0xC2, 0x11, 0xFF,
    0xFF, 0xC1, 0x11, 0xFF,     0xFF, 0xC1, 0x11, 0xFF,     0xFF, 0xC0, 0x11, 0xFF,     0xFF, 0xC0, 0x11, 0xFF,
    0xFF, 0xC0, 0x11, 0xFF,     0xFF, 0xBF, 0x10, 0xFF,     0xFF, 0xBF, 0x10, 0xFF,     0xFF, 0xBE, 0x10, 0xFF,
    0xFF, 0xBE, 0x10, 0xFF,     0xFF, 0xBD, 0x10, 0xFF,     0xFF, 0xBD, 0x10, 0xFF,     0xFF, 0xBC, 0x10, 0xFF,
    0xFF, 0xBC, 0x0F, 0xFF,     0xFF, 0xBB, 0x0F, 0xFF,     0xFF, 0xBB, 0x0F, 0xFF,     0xFF, 0xBB, 0x0F, 0xFF,
    0xFF, 0xBA, 0x0F, 0xFF,     0xFF, 0xBA, 0x0F, 0xFF,     0xFF, 0xB9, 0x0E, 0xFF,     0xFF, 0xB9, 0x0E, 0xFF,
    0xFF, 0xB8, 0x0E, 0xFF,     0xFF, 0xB8, 0x0E, 0xFF,     0xFF, 0xB7, 0x0E, 0xFF,     0xFF, 0xB7, 0x0E, 0xFF,
    0xFF, 0xB6, 0x0E, 0xFF,     0xFF, 0xB6, 0x0D, 0xFF,     0xFF, 0xB6, 0x0D, 0xFF,     0xFF, 0xB5, 0x0D, 0xFF,
    0xFF, 0xB5, 0x0D, 0xFF,     0xFF, 0xB4, 0x0D, 0xFF,     0xFF, 0xB4, 0x0D, 0xFF,     0xFF, 0xB3, 0x0D, 0xFF,
    0xFF, 0xB3, 0x0C, 0xFF,     0xFF, 0xB2, 0x0C, 0xFF,     0xFF, 0xB2, 0x0C, 0xFF,     0xFF, 0xB1, 0x0C, 0xFF,
    0xFF, 0xB1, 0x0C, 0xFF,     0xFF, 0xB1, 0x0C, 0xFF,     0xFF, 0xB0, 0x0C, 0xFF,     0xFF, 0xB0, 0x0B, 0xFF,
    0xFF, 0xAF, 0x0B, 0xFF,     0xFF, 0xAF, 0x0B, 0xFF,     0xFF, 0xAE, 0x0B, 0xFF,     0xFF, 0xAE, 0x0B, 0xFF,
    0xFF, 0xAD, 0x0B, 0xFF,     0xFF, 0xAD, 0x0A, 0xFF,     0xFF, 0xAC, 0x0A, 0xFF,     0xFF, 0xAC, 0x0A, 0xFF,
    0xFF, 0xAC, 0x0A, 0xFF,     0xFF, 0xAB, 0x0A, 0xFF,     0xFF, 0xAB, 0x0A, 0xFF,     0xFF, 0xAA, 0x0A, 0xFF,
    0xFF, 0xAA, 0x09, 0xFF,     0xFF, 0xA9, 0x09, 0xFF,     0xFF, 0xA9, 0x09, 0xFF,     0xFF, 0xA8, 0x09, 0xFF,
    0xFF, 0xA8, 0x09, 0xFF,     0xFF, 0xA8, 0x09, 0xFF,     0xFF, 0xA7, 0x09, 0xFF,     0xFF, 0xA7, 0x08, 0xFF,
    0xFF, 0xA6, 0x08, 0xFF,     0xFF, 0xA6, 0x08, 0xFF,     0xFF, 0xA5, 0x08, 0xFF,     0xFF, 0xA5, 0x08, 0xFF,
    0xFF, 0xA4, 0x08, 0xFF,     0xFF, 0xA4, 0x07, 0xFF,     0xFF, 0xA3, 0x07, 0xFF,     0xFF, 0xA3, 0x07, 0xFF,
    0xFF, 0xA3, 0x07, 0xFF,     0xFF, 0xA2, 0x07, 0xFF,     0xFF, 0xA2, 0x07, 0xFF,     0xFF, 0xA1, 0x07, 0xFF,
    0xFF, 0xA1, 0x06, 0xFF,     0xFF, 0xA0, 0x06, 0xFF,     0xFF, 0xA0, 0x06, 0xFF,     0xFF, 0x9F, 0x06, 0xFF,
    0xFF, 0x9F, 0x06, 0xFF,     0xFF, 0x9E, 0x06, 0xFF,     0xFF, 0x9E, 0x06, 0xFF,     0xFF, 0x9E, 0x05, 0xFF,
    0xFF, 0x9D, 0x05, 0xFF,     0xFF, 0x9D, 0x05, 0xFF,     0xFF, 0x9C, 0x05, 0xFF,     0xFF, 0x9C, 0x05, 0xFF,
    0xFF, 0x9B, 0x05, 0xFF,     0xFF, 0x9B, 0x05, 0xFF,     0xFF, 0x9A, 0x04, 0xFF,     0xFF, 0x9A, 0x04, 0xFF,
    0xFF, 0x99, 0x04, 0xFF,     0xFF, 0x99, 0x04, 0xFF,     0xFF, 0x99, 0x04, 0xFF,     0xFF, 0x98, 0x04, 0xFF,
    0xFF, 0x98, 0x03, 0xFF,     0xFF, 0x97, 0x03, 0xFF,     0xFF, 0x97, 0x03, 0xFF,     0xFF, 0x96, 0x03, 0xFF,
    0xFF, 0x96, 0x03, 0xFF,     0xFF, 0x95, 0x03, 0xFF,     0xFF, 0x95, 0x03, 0xFF,     0xFF, 0x94, 0x02, 0xFF,
    0xFF, 0x94, 0x02, 0xFF,     0xFF, 0x94, 0x02, 0xFF,     0xFF, 0x93, 0x02, 0xFF,     0xFF, 0x93, 0x02, 0xFF,
    0xFF, 0x92, 0x02, 0xFF,     0xFF, 0x92, 0x02, 0xFF,     0xFF, 0x91, 0x01, 0xFF,     0xFF, 0x91, 0x01, 0xFF,
    0xFF, 0x90, 0x01, 0xFF,     0xFF, 0x90, 0x01, 0xFF,     0xFF, 0x8F, 0x01, 0xFF,     0xFF, 0x8F, 0x01, 0xFF,
    0xFF, 0x8F, 0x01, 0xFF,     0xFF, 0x8E, 0x00, 0xFF,     0xFF, 0x8E, 0x00, 0xFF,     0xFF, 0x8D, 0x00, 0xFF,
    0xFF, 0xC7, 0x13, 0xFF,     0xFF, 0xC6, 0x13, 0xFF,     0xFF, 0xC6, 0x13, 0xFF,     0xFF, 0xC5, 0x12, 0xFF,
    0xFF, 0xC5, 0x12, 0xFF,     0xFF, 0xC5, 0x12, 0xFF,     0xFF, 0xC4, 0x12, 0xFF,     0xFF, 0xC4, 0x12, 0xFF,
    0xFF, 0xC3, 0x12, 0xFF,     0xFF, 0xC3, 0x12, 0xFF,     0xFF, 0xC2, 0x11, 0xFF,     0xFF, 0xC2, 0x11, 0xFF,
    0xFF, 0xC1, 0x11, 0xFF,     0xFF, 0xC1, 0x11, 0xFF,     0xFF, 0xC0, 0x11, 0xFF,     0xFF, 0xC0, 0x11, 0xFF,
    0xFF, 0xC0, 0x11, 0xFF,     0xFF, 0xBF, 0x10, 0xFF,     0xFF, 0xBF, 0x10, 0xFF,     0xFF, 0xBE, 0x10, 0xFF,
    0xFF, 0xBE, 0x10, 0xFF,     0xFF, 0xBD, 0x10, 0xFF,     0xFF, 0xBD, 0x10, 0xFF,     0xFF, 0xBC, 0x10, 0xFF,
    0xFF, 0xBC, 0x0F, 0xFF,     0xFF, 0xBB, 0x0F, 0xFF,     0xFF, 0xBB, 0x0F, 0xFF,     0xFF, 0xBB, 0x0F, 0xFF,
    0xFF, 0xBA, 0x0F, 0xFF,     0xFF, 0xBA, 0x0F, 0xFF,     0xFF, 0xB9, 0x0E, 0xFF,     0xFF, 0xB9, 0x0E, 0xFF,
    0xFF, 0xB8, 0x0E, 0xFF,     0xFF, 0xB8, 0x0E, 0xFF,     0xFF, 0xB7, 0x0E, 0xFF,     0xFF, 0xB7, 0x0E, 0xFF,
    0xFF, 0xB6, 0x0E, 0xFF,     0xFF, 0xB6, 0x0D, 0xFF,     0xFF, 0xB6, 0x0D, 0xFF,     0xFF, 0xB5, 0x0D, 0xFF,
    0xFF, 0xB5, 0x0D, 0xFF,     0xFF, 0xB4, 0x0D, 0xFF,     0xFF, 0xB4, 0x0D, 0xFF,     0xFF, 0xB3, 0x0D, 0xFF,
    0xFF, 0xB3, 0x0C, 0xFF,     0xFF, 0xB2, 0x0C, 0xFF,     0xFF, 0xB2, 0x0C, 0xFF,     0xFF, 0xB1, 0x0C, 0xFF,
    0xFF, 0xB1, 0x0C, 0xFF,     0xFF, 0xB1, 0x0C, 0xFF,     0xFF, 0xB0, 0x0C, 0xFF,     0xFF, 0xB0, 0x0B, 0xFF,
    0xFF, 0xAF, 0x0B, 0xFF,     0xFF, 0xAF, 0x0B, 0xFF,     0xFF, 0xAE, 0x0B, 0xFF,     0xFF, 0xAE, 0x0B, 0xFF,
    0xFF, 0xAD, 0x0B, 0xFF,     0xFF, 0xAD, 0x0A, 0xFF,     0xFF, 0xAC, 0x0A, 0xFF,     0xFF, 0xAC, 0x0A, 0xFF,
    0xFF, 0xAC, 0x0A, 0xFF,     0xFF, 0xAB, 0x0A, 0xFF,     0xFF, 0xAB, 0x0A, 0xFF,     0xFF, 0xAA, 0x0A, 0xFF,
    0xFF, 0xAA, 0x09, 0xFF,     0xFF, 0xA9, 0x09, 0xFF,     0xFF, 0xA9, 0x09, 0xFF,     0xFF, 0xA8, 0x09, 0xFF,
    0xFF, 0xA8, 0x09, 0xFF,     0xFF, 0xA8, 0x09, 0xFF,     0xFF, 0xA7, 0x09, 0xFF,     0xFF, 0xA7, 0x08, 0xFF,
    0xFF, 0xA6, 0x08, 0xFF,     0xFF, 0xA6, 0x08, 0xFF,     0xFF, 0xA5, 0x08, 0xFF,     0xFF, 0xA5, 0x08, 0xFF,
    0xFF, 0xA4, 0x08, 0xFF,     0xFF, 0xA4, 0x07, 0xFF,     0xFF, 0xA3, 0x07, 0xFF,     0xFF, 0xA3, 0x07, 0xFF,
    0xFF, 0xA3, 0x07, 0xFF,     0xFF, 0xA2, 0x07, 0xFF,     0xFF, 0xA2, 0x07, 0xFF,     0xFF, 0xA1, 0x07, 0xFF,
    0xFF, 0xA1, 0x06, 0xFF,     0xFF, 0xA0, 0x06, 0xFF,     0xFF, 0xA0, 0x06, 0xFF,     0xFF, 0x9F, 0x06, 0xFF,
    0xFF, 0x9F, 0x06, 0xFF,     0xFF, 0x9E, 0x06, 0xFF,     0xFF, 0x9E, 0x06, 0xFF,     0xFF, 0x9E, 0x05, 0xFF,
    0xFF, 0x9D, 0x05, 0xFF,     0xFF, 0x9D, 0x05, 0xFF,     0xFF, 0x9C, 0x05, 0xFF,     0xFF, 0x9C, 0x05, 0xFF,
    0xFF, 0x9B, 0x05, 0xFF,     0xFF, 0x9B, 0x05, 0xFF,     0xFF, 0x9A, 0x04, 0xFF,     0xFF, 0x9A, 0x04, 0xFF,
    0xFF, 0x99, 0x04, 0xFF,     0xFF, 0x99, 0x04, 0xFF,     0xFF, 0x99, 0x04, 0xFF,     0xFF, 0x98, 0x04, 0xFF,
    0xFF, 0x98, 0x03, 0xFF,     0xFF, 0x97, 0x03, 0xFF,     0xFF, 0x97, 0x03, 0xFF,     0xFF, 0x96, 0x03, 0xFF,
    0xFF, 0x96, 0x03, 0xFF,     0xFF, 0x95, 0x03, 0xFF,     0xFF, 0x95, 0x03, 0xFF,     0xFF, 0x94, 0x02, 0xFF,
    0xFF, 0x94, 0x02, 0xFF,     0xFF, 0x94, 0x02, 0xFF,     0xFF, 0x93, 0x02, 0xFF,     0xFF, 0x93, 0x02, 0xFF,
    0xFF, 0x92, 0x02, 0xFF,     0xFF, 0x92, 0x02, 0xFF,     0xFF, 0x91, 0x01, 0xFF,     0xFF, 0x91, 0x01, 0xFF,
    0xFF, 0x90, 0x01, 0xFF,     0xFF, 0x90, 0x01, 0xFF,     0xFF, 0x8F, 0x01, 0xFF,     0xFF, 0x8F, 0x01, 0xFF,
    0xFF, 0x8F, 0x01, 0xFF,     0xFF, 0x8E, 0x00, 0xFF,     0xFF, 0x8E, 0x00, 0xFF,     0xFF, 0x8D, 0x00, 0xFF,
    0xFF, 0xC7, 0x13, 0xFF,     0xFF, 0xC6, 0x13, 0xFF,     0xFF, 0xC6, 0x13, 0xFF,     0xFF, 0xC5, 0x12, 0xFF,
    0xFF, 0xC5, 0x12, 0xFF,     0xFF, 0xC5, 0x12, 0xFF,     0xFF, 0xC4, 0x12, 0xFF,     0xFF, 0xC4, 0x12, 0xFF,
    0xFF, 0xC3, 0x12, 0xFF,     0xFF, 0xC3, 0x12, 0xFF,     0xFF, 0xC2, 0x11, 0xFF,     0xFF, 0xC2, 0x11, 0xFF,
    0xFF, 0xC1, 0x11, 0xFF,     0xFF, 0xC1, 0x11, 0xFF,     0xFF, 0xC0, 0x11, 0xFF,     0xFF, 0xC0, 0x11, 0xFF,
    0xFF, 0xC0, 0x11, 0xFF,     0xFF, 0xBF, 0x10, 0xFF,     0xFF, 0xBF, 0x10, 0xFF,     0xFF, 0xBE, 0x10, 0xFF,
    0xFF, 0xBE, 0x10, 0xFF,     0xFF, 0xBD, 0x10, 0xFF,     0xFF, 0xBD, 0x10, 0xFF,     0xFF, 0xBC, 0x10, 0xFF,
    0xFF, 0xBC, 0x0F, 0xFF,     0xFF, 0xBB, 0x0F, 0xFF,     0xFF, 0xBB, 0x0F, 0xFF,     0xFF, 0xBB, 0x0F, 0xFF,
    0xFF, 0xBA, 0x0F, 0xFF,     0xFF, 0xBA, 0x0F, 0xFF,     0xFF, 0xB9, 0x0E, 0xFF,     0xFF, 0xB9, 0x0E, 0xFF,
    0xFF, 0xB8, 0x0E, 0xFF,     0xFF, 0xB8, 0x0E, 0xFF,     0xFF, 0xB7, 0x0E, 0xFF,     0xFF, 0xB7, 0x0E, 0xFF,
    0xFF, 0xB6, 0x0E, 0xFF,     0xFF, 0xB6, 0x0D, 0xFF,     0xFF, 0xB6, 0x0D, 0xFF,     0xFF, 0xB5, 0x0D, 0xFF,
    0xFF, 0xB5, 0x0D, 0xFF,     0xFF, 0xB4, 0x0D, 0xFF,     0xFF, 0xB4, 0x0D, 0xFF,     0xFF, 0xB3, 0x0D, 0xFF,
    0xFF, 0xB3, 0x0C, 0xFF,     0xFF, 0xB2, 0x0C, 0xFF,     0xFF, 0xB2, 0x0C, 0xFF,     0xFF, 0xB1, 0x0C, 0xFF,
    0xFF, 0xB1, 0x0C, 0xFF,     0xFF, 0xB1, 0x0C, 0xFF,     0xFF, 0xB0, 0x0C, 0xFF,     0xFF, 0xB0, 0x0B, 0xFF,
    0xFF, 0xAF, 0x0B, 0xFF,     0xFF, 0xAF, 0x0B, 0xFF,     0xFF, 0xAE, 0x0B, 0xFF,     0xFF, 0xAE, 0x0B, 0xFF,
    0xFF, 0xAD, 0x0B, 0xFF,     0xFF, 0xAD, 0x0A, 0xFF,     0xFF, 0xAC, 0x0A, 0xFF,     0xFF, 0xAC, 0x0A, 0xFF,
    0xFF, 0xAC, 0x0A, 0xFF,     0xFF, 0xAB, 0x0A, 0xFF,     0xFF, 0xAB, 0x0A, 0xFF,     0xFF, 0xAA, 0x0A, 0xFF,
    0xFF, 0xAA, 0x09, 0xFF,     0xFF, 0xA9, 0x09, 0xFF,     0xFF, 0xA9, 0x09, 0xFF,     0xFF, 0xA8, 0x09, 0xFF,
    0xFF, 0xA8, 0x09, 0xFF,     0xFF, 0xA8, 0x09, 0xFF,     0xFF, 0xA7, 0x09, 0xFF,     0xFF, 0xA7, 0x08, 0xFF,
    0xFF, 0xA6, 0x08, 0xFF,     0xFF, 0xA6, 0x08, 0xFF,     0xFF, 0xA5, 0x08, 0xFF,     0xFF, 0xA5, 0x08, 0xFF,
    0xFF, 0xA4, 0x08, 0xFF,     0xFF, 0xA4, 0x07, 0xFF,     0xFF, 0xA3, 0x07, 0xFF,     0xFF, 0xA3, 0x07, 0xFF,
    0xFF, 0xA3, 0x07, 0xFF,     0xFF, 0xA2, 0x07, 0xFF,     0xFF, 0xA2, 0x07, 0xFF,     0xFF, 0xA1, 0x07, 0xFF,
    0xFF, 0xA1, 0x06, 0xFF,     0xFF, 0xA0, 0x06, 0xFF,     0xFF, 0xA0, 0x06, 0xFF,     0xFF, 0x9F, 0x06, 0xFF,
    0xFF, 0x9F, 0x06, 0xFF,     0xFF, 0x9E, 0x06, 0xFF,     0xFF, 0x9E, 0x06, 0xFF,     0xFF, 0x9E, 0x05, 0xFF,
    0xFF, 0x9D, 0x05, 0xFF,     0xFF, 0x9D, 0x05, 0xFF,     0xFF, 0x9C, 0x05, 0xFF,     0xFF, 0x9C, 0x05, 0xFF,
    0xFF, 0x9B, 0x05, 0xFF,     0xFF, 0x9B, 0x05, 0xFF,     0xFF, 0x9A, 0x04, 0xFF,     0xFF, 0x9A, 0x04, 0xFF,
    0xFF, 0x99, 0x04, 0xFF,     0xFF, 0x99, 0x04, 0xFF,     0xFF, 0x99, 0x04, 0xFF,     0xFF, 0x98, 0x04, 0xFF,
    0xFF, 0x98, 0x03, 0xFF,     0xFF, 0x97, 0x03, 0xFF,     0xFF, 0x97, 0x03, 0xFF,     0xFF, 0x96, 0x03, 0xFF,
    0xFF, 0x96, 0x03, 0xFF,     0xFF, 0x95, 0x03, 0xFF,     0xFF, 0x95, 0x03, 0xFF,     0xFF, 0x94, 0x02, 0xFF,
    0xFF, 0x94, 0x02, 0xFF,     0xFF, 0x94, 0x02, 0xFF,     0xFF, 0x93, 0x02, 0xFF,     0xFF, 0x93, 0x02, 0xFF,
    0xFF, 0x92, 0x02, 0xFF,     0xFF, 0x92, 0x02, 0xFF,     0xFF, 0x91, 0x01, 0xFF,     0xFF, 0x91, 0x01, 0xFF,
    0xFF, 0x90, 0x01, 0xFF,     0xFF, 0x90, 0x01, 0xFF,     0xFF, 0x8F, 0x01, 0xFF,     0xFF, 0x8F, 0x01, 0xFF,
    0xFF, 0x8F, 0x01, 0xFF,     0xFF, 0x8E, 0x00, 0xFF,     0xFF, 0x8E, 0x00, 0xFF,     0xFF, 0x8D, 0x00, 0xFF,
    0xFF, 0xC7, 0x13, 0xFF,     0xFF, 0xC6, 0x13, 0xFF,     0xFF, 0xC6, 0x13, 0xFF,     0xFF, 0xC5, 0x12, 0xFF,
    0xFF, 0xC5, 0x12, 0xFF,     0xFF, 0xC5, 0x12, 0xFF,     0xFF, 0xC4, 0x12, 0xFF,     0xFF, 0xC4, 0x12, 0xFF,
    0xFF, 0xC3, 0x12, 0xFF,     0xFF, 0xC3, 0x12, 0xFF,     0xFF, 0xC2, 0x11, 0xFF,     0xFF, 0xC2, 0x11, 0xFF,
    0xFF, 0xC1, 0x11, 0xFF,     0xFF, 0xC1, 0x11, 0xFF,     0xFF, 0xC0, 0x11, 0xFF,     0xFF, 0xC0, 0x11, 0xFF,
    0xFF, 0xC0, 0x11, 0xFF,     0xFF, 0xBF, 0x10, 0xFF,     0xFF, 0xBF, 0x10, 0xFF,     0xFF, 0xBE, 0x10, 0xFF,
    0xFF, 0xBE, 0x10, 0xFF,     0xFF, 0xBD, 0x10, 0xFF,     0xFF, 0xBD, 0x10, 0xFF,     0xFF, 0xBC, 0x10, 0xFF,
    0xFF, 0xBC, 0x0F, 0xFF,     0xFF, 0xBB, 0x0F, 0xFF,     0xFF, 0xBB, 0x0F, 0xFF,     0xFF, 0xBB, 0x0F, 0xFF,
    0xFF, 0xBA, 0x0F, 0xFF,     0xFF, 0xBA, 0x0F, 0xFF,     0xFF, 0xB9, 0x0E, 0xFF,     0xFF, 0xB9, 0x0E, 0xFF,
    0xFF, 0xB8, 0x0E, 0xFF,     0xFF, 0xB8, 0x0E, 0xFF,     0xFF, 0xB7, 0x0E, 0xFF,     0xFF, 0xB7, 0x0E, 0xFF,
    0xFF, 0xB6, 0x0E, 0xFF,     0xFF, 0xB6, 0x0D, 0xFF,     0xFF, 0xB6, 0x0D, 0xFF,     0xFF, 0xB5, 0x0D, 0xFF,
    0xFF, 0xB5, 0x0D, 0xFF,     0xFF, 0xB4, 0x0D, 0xFF,     0xFF, 0xB4, 0x0D, 0xFF,     0xFF, 0xB3, 0x0D, 0xFF,
    0xFF, 0xB3, 0x0C, 0xFF,     0xFF, 0xB2, 0x0C, 0xFF,     0xFF, 0xB2, 0x0C, 0xFF,     0xFF, 0xB1, 0x0C, 0xFF,
    0xFF, 0xB1, 0x0C, 0xFF,     0xFF, 0xB1, 0x0C, 0xFF,     0xFF, 0xB0, 0x0C, 0xFF,     0xFF, 0xB0, 0x0B, 0xFF,
    0xFF, 0xAF, 0x0B, 0xFF,     0xFF, 0xAF, 0x0B, 0xFF,     0xFF, 0xAE, 0x0B, 0xFF,     0xFF, 0xAE, 0x0B, 0xFF,
    0xFF, 0xAD, 0x0B, 0xFF,     0xFF, 0xAD, 0x0A, 0xFF,     0xFF, 0xAC, 0x0A, 0xFF,     0xFF, 0xAC, 0x0A, 0xFF,
    0xFF, 0xAC, 0x0A, 0xFF,     0xFF, 0xAB, 0x0A, 0xFF,     0xFF, 0xAB, 0x0A, 0xFF,     0xFF, 0xAA, 0x0A, 0xFF,
    0xFF, 0xAA, 0x09, 0xFF,     0xFF, 0xA9, 0x09, 0xFF,     0xFF, 0xA9, 0x09, 0xFF,     0xFF, 0xA8, 0x09, 0xFF,
    0xFF, 0xA8, 0x09, 0xFF,     0xFF, 0xA8, 0x09, 0xFF,     0xFF, 0xA7, 0x09, 0xFF,     0xFF, 0xA7, 0x08, 0xFF,
    0xFF, 0xA6, 0x08, 0xFF,     0xFF, 0xA6, 0x08, 0xFF,     0xFF, 0xA5, 0x08, 0xFF,     0xFF, 0xA5, 0x08, 0xFF,
    0xFF, 0xA4, 0x08, 0xFF,     0xFF, 0xA4, 0x07, 0xFF,     0xFF, 0xA3, 0x07, 0xFF,     0xFF, 0xA3, 0x07, 0xFF,
    0xFF, 0xA3, 0x07, 0xFF,     0xFF, 0xA2, 0x07, 0xFF,     0xFF, 0xA2, 0x07, 0xFF,     0xFF, 0xA1, 0x07, 0xFF,
    0xFF, 0xA1, 0x06, 0xFF,     0xFF, 0xA0, 0x06, 0xFF,     0xFF, 0xA0, 0x06, 0xFF,     0xFF, 0x9F, 0x06, 0xFF,
    0xFF, 0x9F, 0x06, 0xFF,     0xFF, 0x9E, 0x06, 0xFF,     0xFF, 0x9E, 0x06, 0xFF,     0xFF, 0x9E, 0x05, 0xFF,
    0xFF, 0x9D, 0x05, 0xFF,     0xFF, 0x9D, 0x05, 0xFF,     0xFF, 0x9C, 0x05, 0xFF,     0xFF, 0x9C, 0x05, 0xFF,
    0xFF, 0x9B, 0x05, 0xFF,     0xFF, 0x9B, 0x05, 0xFF,     0xFF, 0x9A, 0x04, 0xFF,     0xFF, 0x9A, 0x04, 0xFF,
    0xFF, 0x99, 0x04, 0xFF,     0xFF, 0x99, 0x04, 0xFF,     0xFF, 0x99, 0x04, 0xFF,     0xFF, 0x98, 0x04, 0xFF,
    0xFF, 0x98, 0x03, 0xFF,     0xFF, 0x97, 0x03, 0xFF,     0xFF, 0x97, 0x03, 0xFF,     0xFF, 0x96, 0x03, 0xFF,
    0xFF, 0x96, 0x03, 0xFF,     0xFF, 0x95, 0x03, 0xFF,     0xFF, 0x95, 0x03, 0xFF,     0xFF, 0x94, 0x02, 0xFF,
    0xFF, 0x94, 0x02, 0xFF,     0xFF, 0x94, 0x02, 0xFF,     0xFF, 0x93, 0x02, 0xFF,     0xFF, 0x93, 0x02, 0xFF,
    0xFF, 0x92, 0x02, 0xFF,     0xFF, 0x92, 0x02, 0xFF,     0xFF, 0x91, 0x01, 0xFF,     0xFF, 0x91, 0x01, 0xFF,
    0xFF, 0x90, 0x01, 0xFF,     0xFF, 0x90, 0x01, 0xFF,     0xFF, 0x8F, 0x01, 0xFF,     0xFF, 0x8F, 0x01, 0xFF,
    0xFF, 0x8F, 0x01, 0xFF,     0xFF, 0x8E, 0x00, 0xFF,     0xFF, 0x8E, 0x00, 0xFF,     0xFF, 0x8D, 0x00, 0xFF,
    0xFF, 0xC7, 0x13, 0xFF,     0xFF, 0xC6, 0x13, 0xFF,     0xFF, 0xC6, 0x13, 0xFF,     0xFF, 0xC5, 0x12, 0xFF,
    0xFF, 0xC5, 0x12, 0xFF,     0xFF, 0xC5, 0x12, 0xFF,     0xFF, 0xC4, 0x12, 0xFF,     0xFF, 0xC4, 0x12, 0xFF,
    0xFF, 0xC3, 0x12, 0xFF,     0xFF, 0xC3, 0x12, 0xFF,     0xFF, 0xC2, 0x11, 0xFF,     0xFF, 0xC2, 0x11, 0xFF,
    0xFF, 0xC1, 0x11, 0xFF,     0xFF, 0xC1, 0x11, 0xFF,     0xFF, 0xC0, 0x11, 0xFF,     0xFF, 0xC0, 0x11, 0xFF,
    0xFF, 0xC0, 0x11, 0xFF,     0xFF, 0xBF, 0x10, 0xFF,     0xFF, 0xBF, 0x10, 0xFF,     0xFF, 0xBE, 0x10, 0xFF,
    0xFF, 0xBE, 0x10, 0xFF,     0xFF, 0xBD, 0x10, 0xFF,     0xFF, 0xBD, 0x10, 0xFF,     0xFF, 0xBC, 0x10, 0xFF,
    0xFF, 0xBC, 0x0F, 0xFF,     0xFF, 0xBB, 0x0F, 0xFF,     0xFF, 0xBB, 0x0F, 0xFF,     0xFF, 0xBB, 0x0F, 0xFF,
    0xFF, 0xBA, 0x0F, 0xFF,     0xFF, 0xBA, 0x0F, 0xFF,     0xFF, 0xB9, 0x0E, 0xFF,     0xFF, 0xB9, 0x0E, 0xFF,
    0xFF, 0xB8, 0x0E, 0xFF,     0xFF, 0xB8, 0x0E, 0xFF,     0xFF, 0xB7, 0x0E, 0xFF,     0xFF, 0xB7, 0x0E, 0xFF,
    0xFF, 0xB6, 0x0E, 0xFF,     0xFF, 0xB6, 0x0D, 0xFF,     0xFF, 0xB6, 0x0D, 0xFF,     0xFF, 0xB5, 0x0D, 0xFF,
    0xFF, 0xB5, 0x0D, 0xFF,     0xFF, 0xB4, 0x0D, 0xFF,     0xFF, 0xB4, 0x0D, 0xFF,     0xFF, 0xB3, 0x0D, 0xFF,
    0xFF, 0xB3, 0x0C, 0xFF,     0xFF, 0xB2, 0x0C, 0xFF,     0xFF, 0xB2, 0x0C, 0xFF,     0xFF, 0xB1, 0x0C, 0xFF,
    0xFF, 0xB1, 0x0C, 0xFF,     0xFF, 0xB1, 0x0C, 0xFF,     0xFF, 0xB0, 0x0C, 0xFF,     0xFF, 0xB0, 0x0B, 0xFF,
    0xFF, 0xAF, 0x0B, 0xFF,     0xFF, 0xAF, 0x0B, 0xFF,     0xFF, 0xAE, 0x0B, 0xFF,     0xFF, 0xAE, 0x0B, 0xFF,
    0xFF, 0xAD, 0x0B, 0xFF,     0xFF, 0xAD, 0x0A, 0xFF,     0xFF, 0xAC, 0x0A, 0xFF,     0xFF, 0xAC, 0x0A, 0xFF,
    0xFF, 0xAC, 0x0A, 0xFF,     0xFF, 0xAB, 0x0A, 0xFF,     0xFF, 0xAB, 0x0A, 0xFF,     0xFF, 0xAA, 0x0A, 0xFF,
    0xFF, 0xAA, 0x09, 0xFF,     0xFF, 0xA9, 0x09, 0xFF,     0xFF, 0xA9, 0x09, 0xFF,     0xFF, 0xA8, 0x09, 0xFF,
    0xFF, 0xA8, 0x09, 0xFF,     0xFF, 0xA8, 0x09, 0xFF,     0xFF, 0xA7, 0x09, 0xFF,     0xFF, 0xA7, 0x08, 0xFF,
    0xFF, 0xA6, 0x08, 0xFF,     0xFF, 0xA6, 0x08, 0xFF,     0xFF, 0xA5, 0x08, 0xFF,     0xFF, 0xA5, 0x08, 0xFF,
    0xFF, 0xA4, 0x08, 0xFF,     0xFF, 0xA4, 0x07, 0xFF,     0xFF, 0xA3, 0x07, 0xFF,     0xFF, 0xA3, 0x07, 0xFF,
    0xFF, 0xA3, 0x07, 0xFF,     0xFF, 0xA2, 0x07, 0xFF,     0xFF, 0xA2, 0x07, 0xFF,     0xFF, 0xA1, 0x07, 0xFF,
    0xFF, 0xA1, 0x06, 0xFF,     0xFF, 0xA0, 0x06, 0xFF,     0xFF, 0xA0, 0x06, 0xFF,     0xFF, 0x9F, 0x06, 0xFF,
    0xFF, 0x9F, 0x06, 0xFF,     0xFF, 0x9E, 0x06, 0xFF,     0xFF, 0x9E, 0x06, 0xFF,     0xFF, 0x9E, 0x05, 0xFF,
    0xFF, 0x9D, 0x05, 0xFF,     0xFF, 0x9D, 0x05, 0xFF,     0xFF, 0x9C, 0x05, 0xFF,     0xFF, 0x9C, 0x05, 0xFF,
    0xFF, 0x9B, 0x05, 0xFF,     0xFF, 0x9B, 0x05, 0xFF,     0xFF, 0x9A, 0x04, 0xFF,     0xFF, 0x9A, 0x04, 0xFF,
    0xFF, 0x99, 0x04, 0xFF,     0xFF, 0x99, 0x04, 0xFF,     0xFF, 0x99, 0x04, 0xFF,     0xFF, 0x98, 0x04, 0xFF,
    0xFF, 0x98, 0x03, 0xFF,     0xFF, 0x97, 0x03, 0xFF,     0xFF, 0x97, 0x03, 0xFF,     0xFF, 0x96, 0x03, 0xFF,
    0xFF, 0x96, 0x03, 0xFF,     0xFF, 0x95, 0x03, 0xFF,     0xFF, 0x95, 0x03, 0xFF,     0xFF, 0x94, 0x02, 0xFF,
    0xFF, 0x94, 0x02, 0xFF,     0xFF, 0x94, 0x02, 0xFF,     0xFF, 0x93, 0x02, 0xFF,     0xFF, 0x93, 0x02, 0xFF,
    0xFF, 0x92, 0x02, 0xFF,     0xFF, 0x92, 0x02, 0xFF,     0xFF, 0x91, 0x01, 0xFF,     0xFF, 0x91, 0x01, 0xFF,
    0xFF, 0x90, 0x01, 0xFF,     0xFF, 0x90, 0x01, 0xFF,     0xFF, 0x8F, 0x01, 0xFF,     0xFF, 0x8F, 0x01, 0xFF,
    0xFF, 0x8F, 0x01, 0xFF,     0xFF, 0x8E, 0x00, 0xFF,     0xFF, 0x8E, 0x00, 0xFF,     0xFF, 0x8D, 0x00, 0xFF,
    0xFF, 0xC7, 0x13, 0xFF,     0xFF, 0xC6, 0x13, 0xFF,     0xFF, 0xC6, 0x13, 0xFF,     0xFF, 0xC5, 0x12, 0xFF,
    0xFF, 0xC5, 0x12, 0xFF,     0xFF, 0xC5, 0x12, 0xFF,     0xFF, 0xC4, 0x12, 0xFF,     0xFF, 0xC4, 0x12, 0xFF,
    0xFF, 0xC3, 0x12, 0xFF,     0xFF, 0xC3, 0x12, 0xFF,     0xFF, 0xC2, 0x11, 0xFF,     0xFF, 0xC2, 0x11, 0xFF,
    0xFF, 0xC1, 0x11, 0xFF,     0xFF, 0xC1, 0x11, 0xFF,     0xFF, 0xC0, 0x11, 0xFF,     0xFF, 0xC0, 0x11, 0xFF,
    0xFF, 0xC0, 0x11, 0xFF,     0xFF, 0xBF, 0x10, 0xFF,     0xFF, 0xBF, 0x10, 0xFF,     0xFF, 0xBE, 0x10, 0xFF,
    0xFF, 0xBE, 0x10, 0xFF,     0xFF, 0xBD, 0x10, 0xFF,     0xFF, 0xBD, 0x10, 0xFF,     0xFF, 0xBC, 0x10, 0xFF,
    0xFF, 0xBC, 0x0F, 0xFF,     0xFF, 0xBB, 0x0F, 0xFF,     0xFF, 0xBB, 0x0F, 0xFF,     0xFF, 0xBB, 0x0F, 0xFF,
    0xFF, 0xBA, 0x0F, 0xFF,     0xFF, 0xBA, 0x0F, 0xFF,     0xFF, 0xB9, 0x0E, 0xFF,     0xFF, 0xB9, 0x0E, 0xFF,
    0xFF, 0xB8, 0x0E, 0xFF,     0xFF, 0xB8, 0x0E, 0xFF,     0xFF, 0xB7, 0x0E, 0xFF,     0xFF, 0xB7, 0x0E, 0xFF,
    0xFF, 0xB6, 0x0E, 0xFF,     0xFF, 0xB6, 0x0D, 0xFF,     0xFF, 0xB6, 0x0D, 0xFF,     0xFF, 0xB5, 0x0D, 0xFF,
    0xFF, 0xB5, 0x0D, 0xFF,     0xFF, 0xB4, 0x0D, 0xFF,     0xFF, 0xB4, 0x0D, 0xFF,     0xFF, 0xB3, 0x0D, 0xFF,
    0xFF, 0xB3, 0x0C, 0xFF,     0xFF, 0xB2, 0x0C, 0xFF,     0xFF, 0xB2, 0x0C, 0xFF,     0xFF, 0xB1, 0x0C, 0xFF,
    0xFF, 0xB1, 0x0C, 0xFF,     0xFF, 0xB1, 0x0C, 0xFF,     0xFF, 0xB0, 0x0C, 0xFF,     0xFF, 0xB0, 0x0B, 0xFF,
    0xFF, 0xAF, 0x0B, 0xFF,     0xFF, 0xAF, 0x0B, 0xFF,     0xFF, 0xAE, 0x0B, 0xFF,     0xFF, 0xAE, 0x0B, 0xFF,
    0xFF, 0xAD, 0x0B, 0xFF,     0xFF, 0xAD, 0x0A, 0xFF,     0xFF, 0xAC, 0x0A, 0xFF,     0xFF, 0xAC, 0x0A, 0xFF,
    0xFF, 0xAC, 0x0A, 0xFF,     0xFF, 0xAB, 0x0A, 0xFF,     0xFF, 0xAB, 0x0A, 0xFF,     0xFF, 0xAA, 0x0A, 0xFF,
    0xFF, 0xAA, 0x09, 0xFF,     0xFF, 0xA9, 0x09, 0xFF,     0xFF, 0xA9, 0x09, 0xFF,     0xFF, 0xA8, 0x09, 0xFF,
    0xFF, 0xA8, 0x09, 0xFF,     0xFF, 0xA8, 0x09, 0xFF,     0xFF, 0xA7, 0x09, 0xFF,     0xFF, 0xA7, 0x08, 0xFF,
    0xFF, 0xA6, 0x08, 0xFF,     0xFF, 0xA6, 0x08, 0xFF,     0xFF, 0xA5, 0x08, 0xFF,     0xFF, 0xA5, 0x08, 0xFF,
    0xFF, 0xA4, 0x08, 0xFF,     0xFF, 0xA4, 0x07, 0xFF,     0xFF, 0xA3, 0x07, 0xFF,     0xFF, 0xA3, 0x07, 0xFF,
    0xFF, 0xA3, 0x07, 0xFF,     0xFF, 0xA2, 0x07, 0xFF,     0xFF, 0xA2, 0x07, 0xFF,     0xFF, 0xA1, 0x07, 0xFF,
    0xFF, 0xA1, 0x06, 0xFF,     0xFF, 0xA0, 0x06, 0xFF,     0xFF, 0xA0, 0x06, 0xFF,     0xFF, 0x9F, 0x06, 0xFF,
    0xFF, 0x9F, 0x06, 0xFF,     0xFF, 0x9E, 0x06, 0xFF,     0xFF, 0x9E, 0x06, 0xFF,     0xFF, 0x9E, 0x05, 0xFF,
    0xFF, 0x9D, 0x05, 0xFF,     0xFF, 0x9D, 0x05, 0xFF,     0xFF, 0x9C, 0x05, 0xFF,     0xFF, 0x9C, 0x05, 0xFF,
    0xFF, 0x9B, 0x05, 0xFF,     0xFF, 0x9B, 0x05, 0xFF,     0xFF, 0x9A, 0x04, 0xFF,     0xFF, 0x9A, 0x04, 0xFF,
    0xFF, 0x99, 0x04, 0xFF,     0xFF, 0x99, 0x04, 0xFF,     0xFF, 0x99, 0x04, 0xFF,     0xFF, 0x98, 0x04, 0xFF,
    0xFF, 0x98, 0x03, 0xFF,     0xFF, 0x97, 0x03, 0xFF,     0xFF, 0x97, 0x03, 0xFF,     0xFF, 0x96, 0x03, 0xFF,
    0xFF, 0x96, 0x03, 0xFF,     0xFF, 0x95, 0x03, 0xFF,     0xFF, 0x95, 0x03, 0xFF,     0xFF, 0x94, 0x02, 0xFF,
    0xFF, 0x94, 0x02, 0xFF,     0xFF, 0x94, 0x02, 0xFF,     0xFF, 0x93, 0x02, 0xFF,     0xFF, 0x93, 0x02, 0xFF,
    0xFF, 0x92, 0x02, 0xFF,     0xFF, 0x92, 0x02, 0xFF,     0xFF, 0x91, 0x01, 0xFF,     0xFF, 0x91, 0x01, 0xFF,
    0xFF, 0x90, 0x01, 0xFF,     0xFF, 0x90, 0x01, 0xFF,     0xFF, 0x8F, 0x01, 0xFF,     0xFF, 0x8F, 0x01, 0xFF,
    0xFF, 0x8F, 0x01, 0xFF,     0xFF, 0x8E, 0x00, 0xFF,     0xFF, 0x8E, 0x00, 0xFF,     0xFF, 0x8D, 0x00, 0xFF,
    0xFF, 0xC7, 0x13, 0xFF,     0xFF, 0xC6, 0x13, 0xFF,     0xFF, 0xC6, 0x13, 0xFF,     0xFF, 0xC5, 0x12, 0xFF,
    0xFF, 0xC5, 0x12, 0xFF,     0xFF, 0xC5, 0x12, 0xFF,     0xFF, 0xC4, 0x12, 0xFF,     0xFF, 0xC4, 0x12, 0xFF,
    0xFF, 0xC3, 0x12, 0xFF,     0xFF, 0xC3, 0x12, 0xFF,     0xFF, 0xC2, 0x11, 0xFF,     0xFF, 0xC2, 0x11, 0xFF,
    0xFF, 0xC1, 0x11, 0xFF,     0xFF, 0xC1, 0x11, 0xFF,     0xFF, 0xC0, 0x11, 0xFF,     0xFF, 0xC0, 0x11, 0xFF,
    0xFF, 0xC0, 0x11, 0xFF,     0xFF, 0xBF, 0x10, 0xFF,     0xFF, 0xBF, 0x10, 0xFF,     0xFF, 0xBE, 0x10, 0xFF,
    0xFF, 0xBE, 0x10, 0xFF,     0xFF, 0xBD, 0x10, 0xFF,     0xFF, 0xBD, 0x10, 0xFF,     0xFF, 0xBC, 0x10, 0xFF,
    0xFF, 0xBC, 0x0F, 0xFF,     0xFF, 0xBB, 0x0F, 0xFF,     0xFF, 0xBB, 0x0F, 0xFF,     0xFF, 0xBB, 0x0F, 0xFF,
    0xFF, 0xBA, 0x0F, 0xFF,     0xFF, 0xBA, 0x0F, 0xFF,     0xFF, 0xB9, 0x0E, 0xFF,     0xFF, 0xB9, 0x0E, 0xFF,
    0xFF, 0xB8, 0x0E, 0xFF,     0xFF, 0xB8, 0x0E, 0xFF,     0xFF, 0xB7, 0x0E, 0xFF,     0xFF, 0xB7, 0x0E, 0xFF,
    0xFF, 0xB6, 0x0E, 0xFF,     0xFF, 0xB6, 0x0D, 0xFF,     0xFF, 0xB6, 0x0D, 0xFF,     0xFF, 0xB5, 0x0D, 0xFF,
    0xFF, 0xB5, 0x0D, 0xFF,     0xFF, 0xB4, 0x0D, 0xFF,     0xFF, 0xB4, 0x0D, 0xFF,     0xFF, 0xB3, 0x0D, 0xFF,
    0xFF, 0xB3, 0x0C, 0xFF,     0xFF, 0xB2, 0x0C, 0xFF,     0xFF, 0xB2, 0x0C, 0xFF,     0xFF, 0xB1, 0x0C, 0xFF,
    0xFF, 0xB1, 0x0C, 0xFF,     0xFF, 0xB1, 0x0C, 0xFF,     0xFF, 0xB0, 0x0C, 0xFF,     0xFF, 0xB0, 0x0B, 0xFF,
    0xFF, 0xAF, 0x0B, 0xFF,     0xFF, 0xAF, 0x0B, 0xFF,     0xFF, 0xAE, 0x0B, 0xFF,     0xFF, 0xAE, 0x0B, 0xFF,
    0xFF, 0xAD, 0x0B, 0xFF,     0xFF, 0xAD, 0x0A, 0xFF,     0xFF, 0xAC, 0x0A, 0xFF,     0xFF, 0xAC, 0x0A, 0xFF,
    0xFF, 0xAC, 0x0A, 0xFF,     0xFF, 0xAB, 0x0A, 0xFF,     0xFF, 0xAB, 0x0A, 0xFF,     0xFF, 0xAA, 0x0A, 0xFF,
    0xFF, 0xAA, 0x09, 0xFF,     0xFF, 0xA9, 0x09, 0xFF,     0xFF, 0xA9, 0x09, 0xFF,     0xFF, 0xA8, 0x09, 0xFF,
    0xFF, 0xA8, 0x09, 0xFF,     0xFF, 0xA8, 0x09, 0xFF,     0xFF, 0xA7, 0x09, 0xFF,     0xFF, 0xA7, 0x08, 0xFF,
    0xFF, 0xA6, 0x08, 0xFF,     0xFF, 0xA6, 0x08, 0xFF,     0xFF, 0xA5, 0x08, 0xFF,     0xFF, 0xA5, 0x08, 0xFF,
    0xFF, 0xA4, 0x08, 0xFF,     0xFF, 0xA4, 0x07, 0xFF,     0xFF, 0xA3, 0x07, 0xFF,     0xFF, 0xA3, 0x07, 0xFF,
    0xFF, 0xA3, 0x07, 0xFF,     0xFF, 0xA2, 0x07, 0xFF,     0xFF, 0xA2, 0x07, 0xFF,     0xFF, 0xA1, 0x07, 0xFF,
    0xFF, 0xA1, 0x06, 0xFF,     0xFF, 0xA0, 0x06, 0xFF,     0xFF, 0xA0, 0x06, 0xFF,     0xFF, 0x9F, 0x06, 0xFF,
    0xFF, 0x9F, 0x06, 0xFF,     0xFF, 0x9E, 0x06, 0xFF,     0xFF, 0x9E, 0x06, 0xFF,     0xFF, 0x9E, 0x05, 0xFF,
    0xFF, 0x9D, 0x05, 0xFF,     0xFF, 0x9D, 0x05, 0xFF,     0xFF, 0x9C, 0x05, 0xFF,     0xFF, 0x9C, 0x05, 0xFF,
    0xFF, 0x9B, 0x05, 0xFF,     0xFF, 0x9B, 0x05, 0xFF,     0xFF, 0x9A, 0x04, 0xFF,     0xFF, 0x9A, 0x04, 0xFF,
    0xFF, 0x99, 0x04, 0xFF,     0xFF, 0x99, 0x04, 0xFF,     0xFF, 0x99, 0x04, 0xFF,     0xFF, 0x98, 0x04, 0xFF,
    0xFF, 0x98, 0x03, 0xFF,     0xFF, 0x97, 0x03, 0xFF,     0xFF, 0x97, 0x03, 0xFF,     0xFF, 0x96, 0x03, 0xFF,
    0xFF, 0x96, 0x03, 0xFF,     0xFF, 0x95, 0x03, 0xFF,     0xFF, 0x95, 0x03, 0xFF,     0xFF, 0x94, 0x02, 0xFF,
    0xFF, 0x94, 0x02, 0xFF,     0xFF, 0x94, 0x02, 0xFF,     0xFF, 0x93, 0x02, 0xFF,     0xFF, 0x93, 0x02, 0xFF,
    0xFF, 0x92, 0x02, 0xFF,     0xFF, 0x92, 0x02, 0xFF,     0xFF, 0x91, 0x01, 0xFF,     0xFF, 0x91, 0x01, 0xFF,
    0xFF, 0x90, 0x01, 0xFF,     0xFF, 0x90, 0x01, 0xFF,     0xFF, 0x8F, 0x01, 0xFF,     0xFF, 0x8F, 0x01, 0xFF,
    0xFF, 0x8F, 0x01, 0xFF,     0xFF, 0x8E, 0x00, 0xFF,     0xFF, 0x8E, 0x00, 0xFF,     0xFF, 0x8D, 0x00, 0xFF,
    0xFF, 0xC7, 0x13, 0xFF,     0xFF, 0xC6, 0x13, 0xFF,     0xFF, 0xC6, 0x13, 0xFF,     0xFF, 0xC5, 0x12, 0xFF,
    0xFF, 0xC5, 0x12, 0xFF,     0xFF, 0xC5, 0x12, 0xFF,     0xFF, 0xC4, 0x12, 0xFF,     0xFF, 0xC4, 0x12, 0xFF,
    0xFF, 0xC3, 0x12, 0xFF,     0xFF, 0xC3, 0x12, 0xFF,     0xFF, 0xC2, 0x11, 0xFF,     0xFF, 0xC2, 0x11, 0xFF,
    0xFF, 0xC1, 0x11, 0xFF,     0xFF, 0xC1, 0x11, 0xFF,     0xFF, 0xC0, 0x11, 0xFF,     0xFF, 0xC0, 0x11, 0xFF,
    0xFF, 0xC0, 0x11, 0xFF,     0xFF, 0xBF, 0x10, 0xFF,     0xFF, 0xBF, 0x10, 0xFF,     0xFF, 0xBE, 0x10, 0xFF,
    0xFF, 0xBE, 0x10, 0xFF,     0xFF, 0xBD, 0x10, 0xFF,     0xFF, 0xBD, 0x10, 0xFF,     0xFF, 0xBC, 0x10, 0xFF,
    0xFF, 0xBC, 0x0F, 0xFF,     0xFF, 0xBB, 0x0F, 0xFF,     0xFF, 0xBB, 0x0F, 0xFF,     0xFF, 0xBB, 0x0F, 0xFF,
    0xFF, 0xBA, 0x0F, 0xFF,     0xFF, 0xBA, 0x0F, 0xFF,     0xFF, 0xB9, 0x0E, 0xFF,     0xFF, 0xB9, 0x0E, 0xFF,
    0xFF, 0xB8, 0x0E, 0xFF,     0xFF, 0xB8, 0x0E, 0xFF,     0xFF, 0xB7, 0x0E, 0xFF,     0xFF, 0xB7, 0x0E, 0xFF,
    0xFF, 0xB6, 0x0E, 0xFF,     0xFF, 0xB6, 0x0D, 0xFF,     0xFF, 0xB6, 0x0D, 0xFF,     0xFF, 0xB5, 0x0D, 0xFF,
    0xFF, 0xB5, 0x0D, 0xFF,     0xFF, 0xB4, 0x0D, 0xFF,     0xFF, 0xB4, 0x0D, 0xFF,     0xFF, 0xB3, 0x0D, 0xFF,
    0xFF, 0xB3, 0x0C, 0xFF,     0xFF, 0xB2, 0x0C, 0xFF,     0xFF, 0xB2, 0x0C, 0xFF,     0xFF, 0xB1, 0x0C, 0xFF,
    0xFF, 0xB1, 0x0C, 0xFF,     0xFF, 0xB1, 0x0C, 0xFF,     0xFF, 0xB0, 0x0C, 0xFF,     0xFF, 0xB0, 0x0B, 0xFF,
    0xFF, 0xAF, 0x0B, 0xFF,     0xFF, 0xAF, 0x0B, 0xFF,     0xFF, 0xAE, 0x0B, 0xFF,     0xFF, 0xAE, 0x0B, 0xFF,
    0xFF, 0xAD, 0x0B, 0xFF,     0xFF, 0xAD, 0x0A, 0xFF,     0xFF, 0xAC, 0x0A, 0xFF,     0xFF, 0xAC, 0x0A, 0xFF,
    0xFF, 0xAC, 0x0A, 0xFF,     0xFF, 0xAB, 0x0A, 0xFF,     0xFF, 0xAB, 0x0A, 0xFF,     0xFF, 0xAA, 0x0A, 0xFF,
    0xFF, 0xAA, 0x09, 0xFF,     0xFF, 0xA9, 0x09, 0xFF,     0xFF, 0xA9, 0x09, 0xFF,     0xFF, 0xA8, 0x09, 0xFF,
    0xFF, 0xA8, 0x09, 0xFF,     0xFF, 0xA8, 0x09, 0xFF,     0xFF, 0xA7, 0x09, 0xFF,     0xFF, 0xA7, 0x08, 0xFF,
    0xFF, 0xA6, 0x08, 0xFF,     0xFF, 0xA6, 0x08, 0xFF,     0xFF, 0xA5, 0x08, 0xFF,     0xFF, 0xA5, 0x08, 0xFF,
    0xFF, 0xA4, 0x08, 0xFF,     0xFF, 0xA4, 0x07, 0xFF,     0xFF, 0xA3, 0x07, 0xFF,     0xFF, 0xA3, 0x07, 0xFF,
    0xFF, 0xA3, 0x07, 0xFF,     0xFF, 0xA2, 0x07, 0xFF,     0xFF, 0xA2, 0x07, 0xFF,     0xFF, 0xA1, 0x07, 0xFF,
    0xFF, 0xA1, 0x06, 0xFF,     0xFF, 0xA0, 0x06, 0xFF,     0xFF, 0xA0, 0x06, 0xFF,     0xFF, 0x9F, 0x06, 0xFF,
    0xFF, 0x9F, 0x06, 0xFF,     0xFF, 0x9E, 0x06, 0xFF,     0xFF, 0x9E, 0x06, 0xFF,     0xFF, 0x9E, 0x05, 0xFF,
    0xFF, 0x9D, 0x05, 0xFF,     0xFF, 0x9D, 0x05, 0xFF,     0xFF, 0x9C, 0x05, 0xFF,     0xFF, 0x9C, 0x05, 0xFF,
    0xFF, 0x9B, 0x05, 0xFF,     0xFF, 0x9B, 0x05, 0xFF,     0xFF, 0x9A, 0x04, 0xFF,     0xFF, 0x9A, 0x04, 0xFF,
    0xFF, 0x99, 0x04, 0xFF,     0xFF, 0x99, 0x04, 0xFF,     0xFF, 0x99, 0x04, 0xFF,     0xFF, 0x98, 0x04, 0xFF,
    0xFF, 0x98, 0x03, 0xFF,     0xFF, 0x97, 0x03, 0xFF,     0xFF, 0x97, 0x03, 0xFF,     0xFF, 0x96, 0x03, 0xFF,
    0xFF, 0x96, 0x03, 0xFF,     0xFF, 0x95, 0x03, 0xFF,     0xFF, 0x95, 0x03, 0xFF,     0xFF, 0x94, 0x02, 0xFF,
    0xFF, 0x94, 0x02, 0xFF,     0xFF, 0x94, 0x02, 0xFF,     0xFF, 0x93, 0x02, 0xFF,     0xFF, 0x93, 0x02, 0xFF,
    0xFF, 0x92, 0x02, 0xFF,     0xFF, 0x92, 0x02, 0xFF,     0xFF, 0x91, 0x01, 0xFF,     0xFF, 0x91, 0x01, 0xFF,
    0xFF, 0x90, 0x01, 0xFF,     0xFF, 0x90, 0x01, 0xFF,     0xFF, 0x8F, 0x01, 0xFF,     0xFF, 0x8F, 0x01, 0xFF,
    0xFF, 0x8F, 0x01, 0xFF,     0xFF, 0x8E, 0x00, 0xFF,     0xFF, 0x8E, 0x00, 0xFF,     0xFF, 0x8D, 0x00, 0xFF,
    0xFF, 0xC7, 0x13, 0xFF,     0xFF, 0xC6, 0x13, 0xFF,     0xFF, 0xC6, 0x13, 0xFF,     0xFF, 0xC5, 0x12, 0xFF,
    0xFF, 0xC5, 0x12, 0xFF,     0xFF, 0xC5, 0x12, 0xFF,     0xFF, 0xC4, 0x12, 0xFF,     0xFF, 0xC4, 0x12, 0xFF,
    0xFF, 0xC3, 0x12, 0xFF,     0xFF, 0xC3, 0x12, 0xFF,     0xFF, 0xC2, 0x11, 0xFF,     0xFF, 0xC2, 0x11, 0xFF,
    0xFF, 0xC1, 0x11, 0xFF,     0xFF, 0xC1, 0x11, 0xFF,     0xFF, 0xC0, 0x11, 0xFF,     0xFF, 0xC0, 0x11, 0xFF,
    0xFF, 0xC0, 0x11, 0xFF,     0xFF, 0xBF, 0x10, 0xFF,     0xFF, 0xBF, 0x10, 0xFF,     0xFF, 0xBE, 0x10, 0xFF,
    0xFF, 0xBE, 0x10, 0xFF,     0xFF, 0xBD, 0x10, 0xFF,     0xFF, 0xBD, 0x10, 0xFF,     0xFF, 0xBC, 0x10, 0xFF,
    0xFF, 0xBC, 0x0F, 0xFF,     0xFF, 0xBB, 0x0F, 0xFF,     0xFF, 0xBB, 0x0F, 0xFF,     0xFF, 0xBB, 0x0F, 0xFF,
    0xFF, 0xBA, 0x0F, 0xFF,     0xFF, 0xBA, 0x0F, 0xFF,     0xFF, 0xB9, 0x0E, 0xFF,     0xFF, 0xB9, 0x0E, 0xFF,
    0xFF, 0xB8, 0x0E, 0xFF,     0xFF, 0xB8, 0x0E, 0xFF,     0xFF, 0xB7, 0x0E, 0xFF,     0xFF, 0xB7, 0x0E, 0xFF,
    0xFF, 0xB6, 0x0E, 0xFF,     0xFF, 0xB6, 0x0D, 0xFF,     0xFF, 0xB6, 0x0D, 0xFF,     0xFF, 0xB5, 0x0D, 0xFF,
    0xFF, 0xB5, 0x0D, 0xFF,     0xFF, 0xB4, 0x0D, 0xFF,     0xFF, 0xB4, 0x0D, 0xFF,     0xFF, 0xB3, 0x0D, 0xFF,
    0xFF, 0xB3, 0x0C, 0xFF,     0xFF, 0xB2, 0x0C, 0xFF,     0xFF, 0xB2, 0x0C, 0xFF,     0xFF, 0xB1, 0x0C, 0xFF,
    0xFF, 0xB1, 0x0C, 0xFF,     0xFF, 0xB1, 0x0C, 0xFF,     0xFF, 0xB0, 0x0C, 0xFF,     0xFF, 0xB0, 0x0B, 0xFF,
    0xFF, 0xAF, 0x0B, 0xFF,     0xFF, 0xAF, 0x0B, 0xFF,     0xFF, 0xAE, 0x0B, 0xFF,     0xFF, 0xAE, 0x0B, 0xFF,
    0xFF, 0xAD, 0x0B, 0xFF,     0xFF, 0xAD, 0x0A, 0xFF,     0xFF, 0xAC, 0x0A, 0xFF,     0xFF, 0xAC, 0x0A, 0xFF,
    0xFF, 0xAC, 0x0A, 0xFF,     0xFF, 0xAB, 0x0A, 0xFF,     0xFF, 0xAB, 0x0A, 0xFF,     0xFF, 0xAA, 0x0A, 0xFF,
    0xFF, 0xAA, 0x09, 0xFF,     0xFF, 0xA9, 0x09, 0xFF,     0xFF, 0xA9, 0x09, 0xFF,     0xFF, 0xA8, 0x09, 0xFF,
    0xFF, 0xA8, 0x09, 0xFF,     0xFF, 0xA8, 0x09, 0xFF,     0xFF, 0xA7, 0x09, 0xFF,     0xFF, 0xA7, 0x08, 0xFF,
    0xFF, 0xA6, 0x08, 0xFF,     0xFF, 0xA6, 0x08, 0xFF,     0xFF, 0xA5, 0x08, 0xFF,     0xFF, 0xA5, 0x08, 0xFF,
    0xFF, 0xA4, 0x08, 0xFF,     0xFF, 0xA4, 0x07, 0xFF,     0xFF, 0xA3, 0x07, 0xFF,     0xFF, 0xA3, 0x07, 0xFF,
    0xFF, 0xA3, 0x07, 0xFF,     0xFF, 0xA2, 0x07, 0xFF,     0xFF, 0xA2, 0x07, 0xFF,     0xFF, 0xA1, 0x07, 0xFF,
    0xFF, 0xA1, 0x06, 0xFF,     0xFF, 0xA0, 0x06, 0xFF,     0xFF, 0xA0, 0x06, 0xFF,     0xFF, 0x9F, 0x06, 0xFF,
    0xFF, 0x9F, 0x06, 0xFF,     0xFF, 0x9E, 0x06, 0xFF,     0xFF, 0x9E, 0x06, 0xFF,     0xFF, 0x9E, 0x05, 0xFF,
    0xFF, 0x9D, 0x05, 0xFF,     0xFF, 0x9D, 0x05, 0xFF,     0xFF, 0x9C, 0x05, 0xFF,     0xFF, 0x9C, 0x05, 0xFF,
    0xFF, 0x9B, 0x05, 0xFF,     0xFF, 0x9B, 0x05, 0xFF,     0xFF, 0x9A, 0x04, 0xFF,     0xFF, 0x9A, 0x04, 0xFF,
    0xFF, 0x99, 0x04, 0xFF,     0xFF, 0x99, 0x04, 0xFF,     0xFF, 0x99, 0x04, 0xFF,     0xFF, 0x98, 0x04, 0xFF,
    0xFF, 0x98, 0x03, 0xFF,     0xFF, 0x97, 0x03, 0xFF,     0xFF, 0x97, 0x03, 0xFF,     0xFF, 0x96, 0x03, 0xFF,
    0xFF, 0x96, 0x03, 0xFF,     0xFF, 0x95, 0x03, 0xFF,     0xFF, 0x95, 0x03, 0xFF,     0xFF, 0x94, 0x02, 0xFF,
    0xFF, 0x94, 0x02, 0xFF,     0xFF, 0x94, 0x02, 0xFF,     0xFF, 0x93, 0x02, 0xFF,     0xFF, 0x93, 0x02, 0xFF,
    0xFF, 0x92, 0x02, 0xFF,     0xFF, 0x92, 0x02, 0xFF,     0xFF, 0x91, 0x01, 0xFF,     0xFF, 0x91, 0x01, 0xFF,
    0xFF, 0x90, 0x01, 0xFF,     0xFF, 0x90, 0x01, 0xFF,     0xFF, 0x8F, 0x01, 0xFF,     0xFF, 0x8F, 0x01, 0xFF,
    0xFF, 0x8F, 0x01, 0xFF,     0xFF, 0x8E, 0x00, 0xFF,     0xFF, 0x8E, 0x00, 0xFF,     0xFF, 0x8D, 0x00, 0xFF,
    0xFF, 0xC7, 0x13, 0xFF,     0xFF, 0xC6, 0x13, 0xFF,     0xFF, 0xC6, 0x13, 0xFF,     0xFF, 0xC5, 0x12, 0xFF,
    0xFF, 0xC5, 0x12, 0xFF,     0xFF, 0xC5, 0x12, 0xFF,     0xFF, 0xC4, 0x12, 0xFF,     0xFF, 0xC4, 0x12, 0xFF,
    0xFF, 0xC3, 0x12, 0xFF,     0xFF, 0xC3, 0x12, 0xFF,     0xFF, 0xC2, 0x11, 0xFF,     0xFF, 0xC2, 0x11, 0xFF,
    0xFF, 0xC1, 0x11, 0xFF,     0xFF, 0xC1, 0x11, 0xFF,     0xFF, 0xC0, 0x11, 0xFF,     0xFF, 0xC0, 0x11, 0xFF,
    0xFF, 0xC0, 0x11, 0xFF,     0xFF, 0xBF, 0x10, 0xFF,     0xFF, 0xBF, 0x10, 0xFF,     0xFF, 0xBE, 0x10, 0xFF,
    0xFF, 0xBE, 0x10, 0xFF,     0xFF, 0xBD, 0x10, 0xFF,     0xFF, 0xBD, 0x10, 0xFF,     0xFF, 0xBC, 0x10, 0xFF,
    0xFF, 0xBC, 0x0F, 0xFF,     0xFF, 0xBB, 0x0F, 0xFF,     0xFF, 0xBB, 0x0F, 0xFF,     0xFF, 0xBB, 0x0F, 0xFF,
    0xFF, 0xBA, 0x0F, 0xFF,     0xFF, 0xBA, 0x0F, 0xFF,     0xFF, 0xB9, 0x0E, 0xFF,     0xFF, 0xB9, 0x0E, 0xFF,
    0xFF, 0xB8, 0x0E, 0xFF,     0xFF, 0xB8, 0x0E, 0xFF,     0xFF, 0xB7, 0x0E, 0xFF,     0xFF, 0xB7, 0x0E, 0xFF,
    0xFF, 0xB6, 0x0E, 0xFF,     0xFF, 0xB6, 0x0D, 0xFF,     0xFF, 0xB6, 0x0D, 0xFF,     0xFF, 0xB5, 0x0D, 0xFF,
    0xFF, 0xB5, 0x0D, 0xFF,     0xFF, 0xB4, 0x0D, 0xFF,     0xFF, 0xB4, 0x0D, 0xFF,     0xFF, 0xB3, 0x0D, 0xFF,
    0xFF, 0xB3, 0x0C, 0xFF,     0xFF, 0xB2, 0x0C, 0xFF,     0xFF, 0xB2, 0x0C, 0xFF,     0xFF, 0xB1, 0x0C, 0xFF,
    0xFF, 0xB1, 0x0C, 0xFF,     0xFF, 0xB1, 0x0C, 0xFF,     0xFF, 0xB0, 0x0C, 0xFF,     0xFF, 0xB0, 0x0B, 0xFF,
    0xFF, 0xAF, 0x0B, 0xFF,     0xFF, 0xAF, 0x0B, 0xFF,     0xFF, 0xAE, 0x0B, 0xFF,     0xFF, 0xAE, 0x0B, 0xFF,
    0xFF, 0xAD, 0x0B, 0xFF,     0xFF, 0xAD, 0x0A, 0xFF,     0xFF, 0xAC, 0x0A, 0xFF,     0xFF, 0xAC, 0x0A, 0xFF,
    0xFF, 0xAC, 0x0A, 0xFF,     0xFF, 0xAB, 0x0A, 0xFF,     0xFF, 0xAB, 0x0A, 0xFF,     0xFF, 0xAA, 0x0A, 0xFF,
    0xFF, 0xAA, 0x09, 0xFF,     0xFF, 0xA9, 0x09, 0xFF,     0xFF, 0xA9, 0x09, 0xFF,     0xFF, 0xA8, 0x09, 0xFF,
    0xFF, 0xA8, 0x09, 0xFF,     0xFF, 0xA8, 0x09, 0xFF,     0xFF, 0xA7, 0x09, 0xFF,     0xFF, 0xA7, 0x08, 0xFF,
    0xFF, 0xA6, 0x08, 0xFF,     0xFF, 0xA6, 0x08, 0xFF,     0xFF, 0xA5, 0x08, 0xFF,     0xFF, 0xA5, 0x08, 0xFF,
    0xFF, 0xA4, 0x08, 0xFF,     0xFF, 0xA4, 0x07, 0xFF,     0xFF, 0xA3, 0x07, 0xFF,     0xFF, 0xA3, 0x07, 0xFF,
    0xFF, 0xA3, 0x07, 0xFF,     0xFF, 0xA2, 0x07, 0xFF,     0xFF, 0xA2, 0x07, 0xFF,     0xFF, 0xA1, 0x07, 0xFF,
    0xFF, 0xA1, 0x06, 0xFF,     0xFF, 0xA0, 0x06, 0xFF,     0xFF, 0xA0, 0x06, 0xFF,     0xFF, 0x9F, 0x06, 0xFF,
    0xFF, 0x9F, 0x06, 0xFF,     0xFF, 0x9E, 0x06, 0xFF,     0xFF, 0x9E, 0x06, 0xFF,     0xFF, 0x9E, 0x05, 0xFF,
    0xFF, 0x9D, 0x05, 0xFF,     0xFF, 0x9D, 0x05, 0xFF,     0xFF, 0x9C, 0x05, 0xFF,     0xFF, 0x9C, 0x05, 0xFF,
    0xFF, 0x9B, 0x05, 0xFF,     0xFF, 0x9B, 0x05, 0xFF,     0xFF, 0x9A, 0x04, 0xFF,     0xFF, 0x9A, 0x04, 0xFF,
    0xFF, 0x99, 0x04, 0xFF,     0xFF, 0x99, 0x04, 0xFF,     0xFF, 0x99, 0x04, 0xFF,     0xFF, 0x98, 0x04, 0xFF,
    0xFF, 0x98, 0x03, 0xFF,     0xFF, 0x97, 0x03, 0xFF,     0xFF, 0x97, 0x03, 0xFF,     0xFF, 0x96, 0x03, 0xFF,
    0xFF, 0x96, 0x03, 0xFF,     0xFF, 0x95, 0x03, 0xFF,     0xFF, 0x95, 0x03, 0xFF,     0xFF, 0x94, 0x02, 0xFF,
    0xFF, 0x94, 0x02, 0xFF,     0xFF, 0x94, 0x02, 0xFF,     0xFF, 0x93, 0x02, 0xFF,     0xFF, 0x93, 0x02, 0xFF,
    0xFF, 0x92, 0x02, 0xFF,     0xFF, 0x92, 0x02, 0xFF,     0xFF, 0x91, 0x01, 0xFF,     0xFF, 0x91, 0x01, 0xFF,
    0xFF, 0x90, 0x01, 0xFF,     0xFF, 0x90, 0x01, 0xFF,     0xFF, 0x8F, 0x01, 0xFF,     0xFF, 0x8F, 0x01, 0xFF,
    0xFF, 0x8F, 0x01, 0xFF,     0xFF, 0x8E, 0x00, 0xFF,     0xFF, 0x8E, 0x00, 0xFF,     0xFF, 0x8D, 0x00, 0xFF,
    0xFF, 0xC7, 0x13, 0xFF,     0xFF, 0xC6, 0x13, 0xFF,     0xFF, 0xC6, 0x13, 0xFF,     0xFF, 0xC5, 0x12, 0xFF,
    0xFF, 0xC5, 0x12, 0xFF,     0xFF, 0xC5, 0x12, 0xFF,     0xFF, 0xC4, 0x12, 0xFF,     0xFF, 0xC4, 0x12, 0xFF,
    0xFF, 0xC3, 0x12, 0xFF,     0xFF, 0xC3, 0x12, 0xFF,     0xFF, 0xC2, 0x11, 0xFF,     0xFF, 0xC2, 0x11, 0xFF,
    0xFF, 0xC1, 0x11, 0xFF,     0xFF, 0xC1, 0x11, 0xFF,     0xFF, 0xC0, 0x11, 0xFF,     0xFF, 0xC0, 0x11, 0xFF,
    0xFF, 0xC0, 0x11, 0xFF,     0xFF, 0xBF, 0x10, 0xFF,     0xFF, 0xBF, 0x10, 0xFF,     0xFF, 0xBE, 0x10, 0xFF,
    0xFF, 0xBE, 0x10, 0xFF,     0xFF, 0xBD, 0x10, 0xFF,     0xFF, 0xBD, 0x10, 0xFF,     0xFF, 0xBC, 0x10, 0xFF,
    0xFF, 0xBC, 0x0F, 0xFF,     0xFF, 0xBB, 0x0F, 0xFF,     0xFF, 0xBB, 0x0F, 0xFF,     0xFF, 0xBB, 0x0F, 0xFF,
    0xFF, 0xBA, 0x0F, 0xFF,     0xFF, 0xBA, 0x0F, 0xFF,     0xFF, 0xB9, 0x0E, 0xFF,     0xFF, 0xB9, 0x0E, 0xFF,
    0xFF, 0xB8, 0x0E, 0xFF,     0xFF, 0xB8, 0x0E, 0xFF,     0xFF, 0xB7, 0x0E, 0xFF,     0xFF, 0xB7, 0x0E, 0xFF,
    0xFF, 0xB6, 0x0E, 0xFF,     0xFF, 0xB6, 0x0D, 0xFF,     0xFF, 0xB6, 0x0D, 0xFF,     0xFF, 0xB5, 0x0D, 0xFF,
    0xFF, 0xB5, 0x0D, 0xFF,     0xFF, 0xB4, 0x0D, 0xFF,     0xFF, 0xB4, 0x0D, 0xFF,     0xFF, 0xB3, 0x0D, 0xFF,
    0xFF, 0xB3, 0x0C, 0xFF,     0xFF, 0xB2, 0x0C, 0xFF,     0xFF, 0xB2, 0x0C, 0xFF,     0xFF, 0xB1, 0x0C, 0xFF,
    0xFF, 0xB1, 0x0C, 0xFF,     0xFF, 0xB1, 0x0C, 0xFF,     0xFF, 0xB0, 0x0C, 0xFF,     0xFF, 0xB0, 0x0B, 0xFF,
    0xFF, 0xAF, 0x0B, 0xFF,     0xFF, 0xAF, 0x0B, 0xFF,     0xFF, 0xAE, 0x0B, 0xFF,     0xFF, 0xAE, 0x0B, 0xFF,
    0xFF, 0xAD, 0x0B, 0xFF,     0xFF, 0xAD, 0x0A, 0xFF,     0xFF, 0xAC, 0x0A, 0xFF,     0xFF, 0xAC, 0x0A, 0xFF,
    0xFF, 0xAC, 0x0A, 0xFF,     0xFF, 0xAB, 0x0A, 0xFF,     0xFF, 0xAB, 0x0A, 0xFF,     0xFF, 0xAA, 0x0A, 0xFF,
    0xFF, 0xAA, 0x09, 0xFF,     0xFF, 0xA9, 0x09, 0xFF,     0xFF, 0xA9, 0x09, 0xFF,     0xFF, 0xA8, 0x09, 0xFF,
    0xFF, 0xA8, 0x09, 0xFF,     0xFF, 0xA8, 0x09, 0xFF,     0xFF, 0xA7, 0x09, 0xFF,     0xFF, 0xA7, 0x08, 0xFF,
    0xFF, 0xA6, 0x08, 0xFF,     0xFF, 0xA6, 0x08, 0xFF,     0xFF, 0xA5, 0x08, 0xFF,     0xFF, 0xA5, 0x08, 0xFF,
    0xFF, 0xA4, 0x08, 0xFF,     0xFF, 0xA4, 0x07, 0xFF,     0xFF, 0xA3, 0x07, 0xFF,     0xFF, 0xA3, 0x07, 0xFF,
    0xFF, 0xA3, 0x07, 0xFF,     0xFF, 0xA2, 0x07, 0xFF,     0xFF, 0xA2, 0x07, 0xFF,     0xFF, 0xA1, 0x07, 0xFF,
    0xFF, 0xA1, 0x06, 0xFF,     0xFF, 0xA0, 0x06, 0xFF,     0xFF, 0xA0, 0x06, 0xFF,     0xFF, 0x9F, 0x06, 0xFF,
    0xFF, 0x9F, 0x06, 0xFF,     0xFF, 0x9E, 0x06, 0xFF,     0xFF, 0x9E, 0x06, 0xFF,     0xFF, 0x9E, 0x05, 0xFF,
    0xFF, 0x9D, 0x05, 0xFF,     0xFF, 0x9D, 0x05, 0xFF,     0xFF, 0x9C, 0x05, 0xFF,     0xFF, 0x9C, 0x05, 0xFF,
    0xFF, 0x9B, 0x05, 0xFF,     0xFF, 0x9B, 0x05, 0xFF,     0xFF, 0x9A, 0x04, 0xFF,     0xFF, 0x9A, 0x04, 0xFF,
    0xFF, 0x99, 0x04, 0xFF,     0xFF, 0x99, 0x04, 0xFF,     0xFF, 0x99, 0x04, 0xFF,     0xFF, 0x98, 0x04, 0xFF,
    0xFF, 0x98, 0x03, 0xFF,     0xFF, 0x97, 0x03, 0xFF,     0xFF, 0x97, 0x03, 0xFF,     0xFF, 0x96, 0x03, 0xFF,
    0xFF, 0x96, 0x03, 0xFF,     0xFF, 0x95, 0x03, 0xFF,     0xFF, 0x95, 0x03, 0xFF,     0xFF, 0x94, 0x02, 0xFF,
    0xFF, 0x94, 0x02, 0xFF,     0xFF, 0x94, 0x02, 0xFF,     0xFF, 0x93, 0x02, 0xFF,     0xFF, 0x93, 0x02, 0xFF,
    0xFF, 0x92, 0x02, 0xFF,     0xFF, 0x92, 0x02, 0xFF,     0xFF, 0x91, 0x01, 0xFF,     0xFF, 0x91, 0x01, 0xFF,
    0xFF, 0x90, 0x01, 0xFF,     0xFF, 0x90, 0x01, 0xFF,     0xFF, 0x8F, 0x01, 0xFF,     0xFF, 0x8F, 0x01, 0xFF,
    0xFF, 0x8F, 0x01, 0xFF,     0xFF, 0x8E, 0x00, 0xFF,     0xFF, 0x8E, 0x00, 0xFF,     0xFF, 0x8D, 0x00, 0xFF,
    0xFF, 0xC7, 0x13, 0xFF,     0xFF, 0xC6, 0x13, 0xFF,     0xFF, 0xC6, 0x13, 0xFF,     0xFF, 0xC5, 0x12, 0xFF,
    0xFF, 0xC5, 0x12, 0xFF,     0xFF, 0xC5, 0x12, 0xFF,     0xFF, 0xC4, 0x12, 0xFF,     0xFF, 0xC4, 0x12, 0xFF,
    0xFF, 0xC3, 0x12, 0xFF,     0xFF, 0xC3, 0x12, 0xFF,     0xFF, 0xC2, 0x11, 0xFF,     0xFF, 0xC2, 0x11, 0xFF,
    0xFF, 0xC1, 0x11, 0xFF,     0xFF, 0xC1, 0x11, 0xFF,     0xFF, 0xC0, 0x11, 0xFF,     0xFF, 0xC0, 0x11, 0xFF,
    0xFF, 0xC0, 0x11, 0xFF,     0xFF, 0xBF, 0x10, 0xFF,     0xFF, 0xBF, 0x10, 0xFF,     0xFF, 0xBE, 0x10, 0xFF,
    0xFF, 0xBE, 0x10, 0xFF,     0xFF, 0xBD, 0x10, 0xFF,     0xFF, 0xBD, 0x10, 0xFF,     0xFF, 0xBC, 0x10, 0xFF,
    0xFF, 0xBC, 0x0F, 0xFF,     0xFF, 0xBB, 0x0F, 0xFF,     0xFF, 0xBB, 0x0F, 0xFF,     0xFF, 0xBB, 0x0F, 0xFF,
    0xFF, 0xBA, 0x0F, 0xFF,     0xFF, 0xBA, 0x0F, 0xFF,     0xFF, 0xB9, 0x0E, 0xFF,     0xFF, 0xB9, 0x0E, 0xFF,
    0xFF, 0xB8, 0x0E, 0xFF,     0xFF, 0xB8, 0x0E, 0xFF,     0xFF, 0xB7, 0x0E, 0xFF,     0xFF, 0xB7, 0x0E, 0xFF,
    0xFF, 0xB6, 0x0E, 0xFF,     0xFF, 0xB6, 0x0D, 0xFF,     0xFF, 0xB6, 0x0D, 0xFF,     0xFF, 0xB5, 0x0D, 0xFF,
    0xFF, 0xB5, 0x0D, 0xFF,     0xFF, 0xB4, 0x0D, 0xFF,     0xFF, 0xB4, 0x0D, 0xFF,     0xFF, 0xB3, 0x0D, 0xFF,
    0xFF, 0xB3, 0x0C, 0xFF,     0xFF, 0xB2, 0x0C, 0xFF,     0xFF, 0xB2, 0x0C, 0xFF,     0xFF, 0xB1, 0x0C, 0xFF,
    0xFF, 0xB1, 0x0C, 0xFF,     0xFF, 0xB1, 0x0C, 0xFF,     0xFF, 0xB0, 0x0C, 0xFF,     0xFF, 0xB0, 0x0B, 0xFF,
    0xFF, 0xAF, 0x0B, 0xFF,     0xFF, 0xAF, 0x0B, 0xFF,     0xFF, 0xAE, 0x0B, 0xFF,     0xFF, 0xAE, 0x0B, 0xFF,
    0xFF, 0xAD, 0x0B, 0xFF,     0xFF, 0xAD, 0x0A, 0xFF,     0xFF, 0xAC, 0x0A, 0xFF,     0xFF, 0xAC, 0x0A, 0xFF,
    0xFF, 0xAC, 0x0A, 0xFF,     0xFF, 0xAB, 0x0A, 0xFF,     0xFF, 0xAB, 0x0A, 0xFF,     0xFF, 0xAA, 0x0A, 0xFF,
    0xFF, 0xAA, 0x09, 0xFF,     0xFF, 0xA9, 0x09, 0xFF,     0xFF, 0xA9, 0x09, 0xFF,     0xFF, 0xA8, 0x09, 0xFF,
    0xFF, 0xA8, 0x09, 0xFF,     0xFF, 0xA8, 0x09, 0xFF,     0xFF, 0xA7, 0x09, 0xFF,     0xFF, 0xA7, 0x08, 0xFF,
    0xFF, 0xA6, 0x08, 0xFF,     0xFF, 0xA6, 0x08, 0xFF,     0xFF, 0xA5, 0x08, 0xFF,     0xFF, 0xA5, 0x08, 0xFF,
    0xFF, 0xA4, 0x08, 0xFF,     0xFF, 0xA4, 0x07, 0xFF,     0xFF, 0xA3, 0x07, 0xFF,     0xFF, 0xA3, 0x07, 0xFF,
    0xFF, 0xA3, 0x07, 0xFF,     0xFF, 0xA2, 0x07, 0xFF,     0xFF, 0xA2, 0x07, 0xFF,     0xFF, 0xA1, 0x07, 0xFF,
    0xFF, 0xA1, 0x06, 0xFF,     0xFF, 0xA0, 0x06, 0xFF,     0xFF, 0xA0, 0x06, 0xFF,     0xFF, 0x9F, 0x06, 0xFF,
    0xFF, 0x9F, 0x06, 0xFF,     0xFF, 0x9E, 0x06, 0xFF,     0xFF, 0x9E, 0x06, 0xFF,     0xFF, 0x9E, 0x05, 0xFF,
    0xFF, 0x9D, 0x05, 0xFF,     0xFF, 0x9D, 0x05, 0xFF,     0xFF, 0x9C, 0x05, 0xFF,     0xFF, 0x9C, 0x05, 0xFF,
    0xFF, 0x9B, 0x05, 0xFF,     0xFF, 0x9B, 0x05, 0xFF,     0xFF, 0x9A, 0x04, 0xFF,     0xFF, 0x9A, 0x04, 0xFF,
    0xFF, 0x99, 0x04, 0xFF,     0xFF, 0x99, 0x04, 0xFF,     0xFF, 0x99, 0x04, 0xFF,     0xFF, 0x98, 0x04, 0xFF,
    0xFF, 0x98, 0x03, 0xFF,     0xFF, 0x97, 0x03, 0xFF,     0xFF, 0x97, 0x03, 0xFF,     0xFF, 0x96, 0x03, 0xFF,
    0xFF, 0x96, 0x03, 0xFF,     0xFF, 0x95, 0x03, 0xFF,     0xFF, 0x95, 0x03, 0xFF,     0xFF, 0x94, 0x02, 0xFF,
    0xFF, 0x94, 0x02, 0xFF,     0xFF, 0x94, 0x02, 0xFF,     0xFF, 0x93, 0x02, 0xFF,     0xFF, 0x93, 0x02, 0xFF,
    0xFF, 0x92, 0x02, 0xFF,     0xFF, 0x92, 0x02, 0xFF,     0xFF, 0x91, 0x01, 0xFF,     0xFF, 0x91, 0x01, 0xFF,
    0xFF, 0x90, 0x01, 0xFF,     0xFF, 0x90, 0x01, 0xFF,     0xFF, 0x8F, 0x01, 0xFF,     0xFF, 0x8F, 0x01, 0xFF,
    0xFF, 0x8F, 0x01, 0xFF,     0xFF, 0x8E, 0x00, 0xFF,     0xFF, 0x8E, 0x00, 0xFF,     0xFF, 0x8D, 0x00, 0xFF,
    0xFF, 0xC7, 0x13, 0xFF,     0xFF, 0xC6, 0x13, 0xFF,     0xFF, 0xC6, 0x13, 0xFF,     0xFF, 0xC5, 0x12, 0xFF,
    0xFF, 0xC5, 0x12, 0xFF,     0xFF, 0xC5, 0x12, 0xFF,     0xFF, 0xC4, 0x12, 0xFF,     0xFF, 0xC4, 0x12, 0xFF,
    0xFF, 0xC3, 0x12, 0xFF,     0xFF, 0xC3, 0x12, 0xFF,     0xFF, 0xC2, 0x11, 0xFF,     0xFF, 0xC2, 0x11, 0xFF,
    0xFF, 0xC1, 0x11, 0xFF,     0xFF, 0xC1, 0x11, 0xFF,     0xFF, 0xC0, 0x11, 0xFF,     0xFF, 0xC0, 0x11, 0xFF,
    0xFF, 0xC0, 0x11, 0xFF,     0xFF, 0xBF, 0x10, 0xFF,     0xFF, 0xBF, 0x10, 0xFF,     0xFF, 0xBE, 0x10, 0xFF,
    0xFF, 0xBE, 0x10, 0xFF,     0xFF, 0xBD, 0x10, 0xFF,     0xFF, 0xBD, 0x10, 0xFF,     0xFF, 0xBC, 0x10, 0xFF,
    0xFF, 0xBC, 0x0F, 0xFF,     0xFF, 0xBB, 0x0F, 0xFF,     0xFF, 0xBB, 0x0F, 0xFF,     0xFF, 0xBB, 0x0F, 0xFF,
    0xFF, 0xBA, 0x0F, 0xFF,     0xFF, 0xBA, 0x0F, 0xFF,     0xFF, 0xB9, 0x0E, 0xFF,     0xFF, 0xB9, 0x0E, 0xFF,
    0xFF, 0xB8, 0x0E, 0xFF,     0xFF, 0xB8, 0x0E, 0xFF,     0xFF, 0xB7, 0x0E, 0xFF,     0xFF, 0xB7, 0x0E, 0xFF,
    0xFF, 0xB6, 0x0E, 0xFF,     0xFF, 0xB6, 0x0D, 0xFF,     0xFF, 0xB6, 0x0D, 0xFF,     0xFF, 0xB5, 0x0D, 0xFF,
    0xFF, 0xB5, 0x0D, 0xFF,     0xFF, 0xB4, 0x0D, 0xFF,     0xFF, 0xB4, 0x0D, 0xFF,     0xFF, 0xB3, 0x0D, 0xFF,
    0xFF, 0xB3, 0x0C, 0xFF,     0xFF, 0xB2, 0x0C, 0xFF,     0xFF, 0xB2, 0x0C, 0xFF,     0xFF, 0xB1, 0x0C, 0xFF,
    0xFF, 0xB1, 0x0C, 0xFF,     0xFF, 0xB1, 0x0C, 0xFF,     0xFF, 0xB0, 0x0C, 0xFF,     0xFF, 0xB0, 0x0B, 0xFF,
    0xFF, 0xAF, 0x0B, 0xFF,     0xFF, 0xAF, 0x0B, 0xFF,     0xFF, 0xAE, 0x0B, 0xFF,     0xFF, 0xAE, 0x0B, 0xFF,
    0xFF, 0xAD, 0x0B, 0xFF,     0xFF, 0xAD, 0x0A, 0xFF,     0xFF, 0xAC, 0x0A, 0xFF,     0xFF, 0xAC, 0x0A, 0xFF,
    0xFF, 0xAC, 0x0A, 0xFF,     0xFF, 0xAB, 0x0A, 0xFF,     0xFF, 0xAB, 0x0A, 0xFF,     0xFF, 0xAA, 0x0A, 0xFF,
    0xFF, 0xAA, 0x09, 0xFF,     0xFF, 0xA9, 0x09, 0xFF,     0xFF, 0xA9, 0x09, 0xFF,     0xFF, 0xA8, 0x09, 0xFF,
    0xFF, 0xA8, 0x09, 0xFF,     0xFF, 0xA8, 0x09, 0xFF,     0xFF, 0xA7, 0x09, 0xFF,     0xFF, 0xA7, 0x08, 0xFF,
    0xFF, 0xA6, 0x08, 0xFF,     0xFF, 0xA6, 0x08, 0xFF,     0xFF, 0xA5, 0x08, 0xFF,     0xFF, 0xA5, 0x08, 0xFF,
    0xFF, 0xA4, 0x08, 0xFF,     0xFF, 0xA4, 0x07, 0xFF,     0xFF, 0xA3, 0x07, 0xFF,     0xFF, 0xA3, 0x07, 0xFF,
    0xFF, 0xA3, 0x07, 0xFF,     0xFF, 0xA2, 0x07, 0xFF,     0xFF, 0xA2, 0x07, 0xFF,     0xFF, 0xA1, 0x07, 0xFF,
    0xFF, 0xA1, 0x06, 0xFF,     0xFF, 0xA0, 0x06, 0xFF,     0xFF, 0xA0, 0x06, 0xFF,     0xFF, 0x9F, 0x06, 0xFF,
    0xFF, 0x9F, 0x06, 0xFF,     0xFF, 0x9E, 0x06, 0xFF,     0xFF, 0x9E, 0x06, 0xFF,     0xFF, 0x9E, 0x05, 0xFF,
    0xFF, 0x9D, 0x05, 0xFF,     0xFF, 0x9D, 0x05, 0xFF,     0xFF, 0x9C, 0x05, 0xFF,     0xFF, 0x9C, 0x05, 0xFF,
    0xFF, 0x9B, 0x05, 0xFF,     0xFF, 0x9B, 0x05, 0xFF,     0xFF, 0x9A, 0x04, 0xFF,     0xFF, 0x9A, 0x04, 0xFF,
    0xFF, 0x99, 0x04, 0xFF,     0xFF, 0x99, 0x04, 0xFF,     0xFF, 0x99, 0x04, 0xFF,     0xFF, 0x98, 0x04, 0xFF,
    0xFF, 0x98, 0x03, 0xFF,     0xFF, 0x97, 0x03, 0xFF,     0xFF, 0x97, 0x03, 0xFF,     0xFF, 0x96, 0x03, 0xFF,
    0xFF, 0x96, 0x03, 0xFF,     0xFF, 0x95, 0x03, 0xFF,     0xFF, 0x95, 0x03, 0xFF,     0xFF, 0x94, 0x02, 0xFF,
    0xFF, 0x94, 0x02, 0xFF,     0xFF, 0x94, 0x02, 0xFF,     0xFF, 0x93, 0x02, 0xFF,     0xFF, 0x93, 0x02, 0xFF,
    0xFF, 0x92, 0x02, 0xFF,     0xFF, 0x92, 0x02, 0xFF,     0xFF, 0x91, 0x01, 0xFF,     0xFF, 0x91, 0x01, 0xFF,
    0xFF, 0x90, 0x01, 0xFF,     0xFF, 0x90, 0x01, 0xFF,     0xFF, 0x8F, 0x01, 0xFF,     0xFF, 0x8F, 0x01, 0xFF,
    0xFF, 0x8F, 0x01, 0xFF,     0xFF, 0x8E, 0x00, 0xFF,     0xFF, 0x8E, 0x00, 0xFF,     0xFF, 0x8D, 0x00, 0xFF,
    0xFF, 0xC7, 0x13, 0xFF,     0xFF, 0xC6, 0x13, 0xFF,     0xFF, 0xC6, 0x13, 0xFF,     0xFF, 0xC5, 0x12, 0xFF,
    0xFF, 0xC5, 0x12, 0xFF,     0xFF, 0xC5, 0x12, 0xFF,     0xFF, 0xC4, 0x12, 0xFF,     0xFF, 0xC4, 0x12, 0xFF,
    0xFF, 0xC3, 0x12, 0xFF,     0xFF, 0xC3, 0x12, 0xFF,     0xFF, 0xC2, 0x11, 0xFF,     0xFF, 0xC2, 0x11, 0xFF,
    0xFF, 0xC1, 0x11, 0xFF,     0xFF, 0xC1, 0x11, 0xFF,     0xFF, 0xC0, 0x11, 0xFF,     0xFF, 0xC0, 0x11, 0xFF,
    0xFF, 0xC0, 0x11, 0xFF,     0xFF, 0xBF, 0x10, 0xFF,     0xFF, 0xBF, 0x10, 0xFF,     0xFF, 0xBE, 0x10, 0xFF,
    0xFF, 0xBE, 0x10, 0xFF,     0xFF, 0xBD, 0x10, 0xFF,     0xFF, 0xBD, 0x10, 0xFF,     0xFF, 0xBC, 0x10, 0xFF,
    0xFF, 0xBC, 0x0F, 0xFF,     0xFF, 0xBB, 0x0F, 0xFF,     0xFF, 0xBB, 0x0F, 0xFF,     0xFF, 0xBB, 0x0F, 0xFF,
    0xFF, 0xBA, 0x0F, 0xFF,     0xFF, 0xBA, 0x0F, 0xFF,     0xFF, 0xB9, 0x0E, 0xFF,     0xFF, 0xB9, 0x0E, 0xFF,
    0xFF, 0xB8, 0x0E, 0xFF,     0xFF, 0xB8, 0x0E, 0xFF,     0xFF, 0xB7, 0x0E, 0xFF,     0xFF, 0xB7, 0x0E, 0xFF,
    0xFF, 0xB6, 0x0E, 0xFF,     0xFF, 0xB6, 0x0D, 0xFF,     0xFF, 0xB6, 0x0D, 0xFF,     0xFF, 0xB5, 0x0D, 0xFF,
    0xFF, 0xB5, 0x0D, 0xFF,     0xFF, 0xB4, 0x0D, 0xFF,     0xFF, 0xB4, 0x0D, 0xFF,     0xFF, 0xB3, 0x0D, 0xFF,
    0xFF, 0xB3, 0x0C, 0xFF,     0xFF, 0xB2, 0x0C, 0xFF,     0xFF, 0xB2, 0x0C, 0xFF,     0xFF, 0xB1, 0x0C, 0xFF,
    0xFF, 0xB1, 0x0C, 0xFF,     0xFF, 0xB1, 0x0C, 0xFF,     0xFF, 0xB0, 0x0C, 0xFF,     0xFF, 0xB0, 0x0B, 0xFF,
    0xFF, 0xAF, 0x0B, 0xFF,     0xFF, 0xAF, 0x0B, 0xFF,     0xFF, 0xAE, 0x0B, 0xFF,     0xFF, 0xAE, 0x0B, 0xFF,
    0xFF, 0xAD, 0x0B, 0xFF,     0xFF, 0xAD, 0x0A, 0xFF,     0xFF, 0xAC, 0x0A, 0xFF,     0xFF, 0xAC, 0x0A, 0xFF,
    0xFF, 0xAC, 0x0A, 0xFF,     0xFF, 0xAB, 0x0A, 0xFF,     0xFF, 0xAB, 0x0A, 0xFF,     0xFF, 0xAA, 0x0A, 0xFF,
    0xFF, 0xAA, 0x09, 0xFF,     0xFF, 0xA9, 0x09, 0xFF,     0xFF, 0xA9, 0x09, 0xFF,     0xFF, 0xA8, 0x09, 0xFF,
    0xFF, 0xA8, 0x09, 0xFF,     0xFF, 0xA8, 0x09, 0xFF,     0xFF, 0xA7, 0x09, 0xFF,     0xFF, 0xA7, 0x08, 0xFF,
    0xFF, 0xA6, 0x08, 0xFF,     0xFF, 0xA6, 0x08, 0xFF,     0xFF, 0xA5, 0x08, 0xFF,     0xFF, 0xA5, 0x08, 0xFF,
    0xFF, 0xA4, 0x08, 0xFF,     0xFF, 0xA4, 0x07, 0xFF,     0xFF, 0xA3, 0x07, 0xFF,     0xFF, 0xA3, 0x07, 0xFF,
    0xFF, 0xA3, 0x07, 0xFF,     0xFF, 0xA2, 0x07, 0xFF,     0xFF, 0xA2, 0x07, 0xFF,     0xFF, 0xA1, 0x07, 0xFF,
    0xFF, 0xA1, 0x06, 0xFF,     0xFF, 0xA0, 0x06, 0xFF,     0xFF, 0xA0, 0x06, 0xFF,     0xFF, 0x9F, 0x06, 0xFF,
    0xFF, 0x9F, 0x06, 0xFF,     0xFF, 0x9E, 0x06, 0xFF,     0xFF, 0x9E, 0x06, 0xFF,     0xFF, 0x9E, 0x05, 0xFF,
    0xFF, 0x9D, 0x05, 0xFF,     0xFF, 0x9D, 0x05, 0xFF,     0xFF, 0x9C, 0x05, 0xFF,     0xFF, 0x9C, 0x05, 0xFF,
    0xFF, 0x9B, 0x05, 0xFF,     0xFF, 0x9B, 0x05, 0xFF,     0xFF, 0x9A, 0x04, 0xFF,     0xFF, 0x9A, 0x04, 0xFF,
    0xFF, 0x99, 0x04, 0xFF,     0xFF, 0x99, 0x04, 0xFF,     0xFF, 0x99, 0x04, 0xFF,     0xFF, 0x98, 0x04, 0xFF,
    0xFF, 0x98, 0x03, 0xFF,     0xFF, 0x97, 0x03, 0xFF,     0xFF, 0x97, 0x03, 0xFF,     0xFF, 0x96, 0x03, 0xFF,
    0xFF, 0x96, 0x03, 0xFF,     0xFF, 0x95, 0x03, 0xFF,     0xFF, 0x95, 0x03, 0xFF,     0xFF, 0x94, 0x02, 0xFF,
    0xFF, 0x94, 0x02, 0xFF,     0xFF, 0x94, 0x02, 0xFF,     0xFF, 0x93, 0x02, 0xFF,     0xFF, 0x93, 0x02, 0xFF,
    0xFF, 0x92, 0x02, 0xFF,     0xFF, 0x92, 0x02, 0xFF,     0xFF, 0x91, 0x01, 0xFF,     0xFF, 0x91, 0x01, 0xFF,
    0xFF, 0x90, 0x01, 0xFF,     0xFF, 0x90, 0x01, 0xFF,     0xFF, 0x8F, 0x01, 0xFF,     0xFF, 0x8F, 0x01, 0xFF,
    0xFF, 0x8F, 0x01, 0xFF,     0xFF, 0x8E, 0x00, 0xFF,     0xFF, 0x8E, 0x00, 0xFF,     0xFF, 0x8D, 0x00, 0xFF,
    0xFF, 0xC7, 0x13, 0xFF,     0xFF, 0xC6, 0x13, 0xFF,     0xFF, 0xC6, 0x13, 0xFF,     0xFF, 0xC5, 0x12, 0xFF,
    0xFF, 0xC5, 0x12, 0xFF,     0xFF, 0xC5, 0x12, 0xFF,     0xFF, 0xC4, 0x12, 0xFF,     0xFF, 0xC4, 0x12, 0xFF,
    0xFF, 0xC3, 0x12, 0xFF,     0xFF, 0xC3, 0x12, 0xFF,     0xFF, 0xC2, 0x11, 0xFF,     0xFF, 0xC2, 0x11, 0xFF,
    0xFF, 0xC1, 0x11, 0xFF,     0xFF, 0xC1, 0x11, 0xFF,     0xFF, 0xC0, 0x11, 0xFF,     0xFF, 0xC0, 0x11, 0xFF,
    0xFF, 0xC0, 0x11, 0xFF,     0xFF, 0xBF, 0x10, 0xFF,     0xFF, 0xBF, 0x10, 0xFF,     0xFF, 0xBE, 0x10, 0xFF,
    0xFF, 0xBE, 0x10, 0xFF,     0xFF, 0xBD, 0x10, 0xFF,     0xFF, 0xBD, 0x10, 0xFF,     0xFF, 0xBC, 0x10, 0xFF,
    0xFF, 0xBC, 0x0F, 0xFF,     0xFF, 0xBB, 0x0F, 0xFF,     0xFF, 0xBB, 0x0F, 0xFF,     0xFF, 0xBB, 0x0F, 0xFF,
    0xFF, 0xBA, 0x0F, 0xFF,     0xFF, 0xBA, 0x0F, 0xFF,     0xFF, 0xB9, 0x0E, 0xFF,     0xFF, 0xB9, 0x0E, 0xFF,
    0xFF, 0xB8, 0x0E, 0xFF,     0xFF, 0xB8, 0x0E, 0xFF,     0xFF, 0xB7, 0x0E, 0xFF,     0xFF, 0xB7, 0x0E, 0xFF,
    0xFF, 0xB6, 0x0E, 0xFF,     0xFF, 0xB6, 0x0D, 0xFF,     0xFF, 0xB6, 0x0D, 0xFF,     0xFF, 0xB5, 0x0D, 0xFF,
    0xFF, 0xB5, 0x0D, 0xFF,     0xFF, 0xB4, 0x0D, 0xFF,     0xFF, 0xB4, 0x0D, 0xFF,     0xFF, 0xB3, 0x0D, 0xFF,
    0xFF, 0xB3, 0x0C, 0xFF,     0xFF, 0xB2, 0x0C, 0xFF,     0xFF, 0xB2, 0x0C, 0xFF,     0xFF, 0xB1, 0x0C, 0xFF,
    0xFF, 0xB1, 0x0C, 0xFF,     0xFF, 0xB1, 0x0C, 0xFF,     0xFF, 0xB0, 0x0C, 0xFF,     0xFF, 0xB0, 0x0B, 0xFF,
    0xFF, 0xAF, 0x0B, 0xFF,     0xFF, 0xAF, 0x0B, 0xFF,     0xFF, 0xAE, 0x0B, 0xFF,     0xFF, 0xAE, 0x0B, 0xFF,
    0xFF, 0xAD, 0x0B, 0xFF,     0xFF, 0xAD, 0x0A, 0xFF,     0xFF, 0xAC, 0x0A, 0xFF,     0xFF, 0xAC, 0x0A, 0xFF,
    0xFF, 0xAC, 0x0A, 0xFF,     0xFF, 0xAB, 0x0A, 0xFF,     0xFF, 0xAB, 0x0A, 0xFF,     0xFF, 0xAA, 0x0A, 0xFF,
    0xFF, 0xAA, 0x09, 0xFF,     0xFF, 0xA9, 0x09, 0xFF,     0xFF, 0xA9, 0x09, 0xFF,     0xFF, 0xA8, 0x09, 0xFF,
    0xFF, 0xA8, 0x09, 0xFF,     0xFF, 0xA8, 0x09, 0xFF,     0xFF, 0xA7, 0x09, 0xFF,     0xFF, 0xA7, 0x08, 0xFF,
    0xFF, 0xA6, 0x08, 0xFF,     0xFF, 0xA6, 0x08, 0xFF,     0xFF, 0xA5, 0x08, 0xFF,     0xFF, 0xA5, 0x08, 0xFF,
    0xFF, 0xA4, 0x08, 0xFF,     0xFF, 0xA4, 0x07, 0xFF,     0xFF, 0xA3, 0x07, 0xFF,     0xFF, 0xA3, 0x07, 0xFF,
    0xFF, 0xA3, 0x07, 0xFF,     0xFF, 0xA2, 0x07, 0xFF,     0xFF, 0xA2, 0x07, 0xFF,     0xFF, 0xA1, 0x07, 0xFF,
    0xFF, 0xA1, 0x06, 0xFF,     0xFF, 0xA0, 0x06, 0xFF,     0xFF, 0xA0, 0x06, 0xFF,     0xFF, 0x9F, 0x06, 0xFF,
    0xFF, 0x9F, 0x06, 0xFF,     0xFF, 0x9E, 0x06, 0xFF,     0xFF, 0x9E, 0x06, 0xFF,     0xFF, 0x9E, 0x05, 0xFF,
    0xFF, 0x9D, 0x05, 0xFF,     0xFF, 0x9D, 0x05, 0xFF,     0xFF, 0x9C, 0x05, 0xFF,     0xFF, 0x9C, 0x05, 0xFF,
    0xFF, 0x9B, 0x05, 0xFF,     0xFF, 0x9B, 0x05, 0xFF,     0xFF, 0x9A, 0x04, 0xFF,     0xFF, 0x9A, 0x04, 0xFF,
    0xFF, 0x99, 0x04, 0xFF,     0xFF, 0x99, 0x04, 0xFF,     0xFF, 0x99, 0x04, 0xFF,     0xFF, 0x98, 0x04, 0xFF,
    0xFF, 0x98, 0x03, 0xFF,     0xFF, 0x97, 0x03, 0xFF,     0xFF, 0x97, 0x03, 0xFF,     0xFF, 0x96, 0x03, 0xFF,
    0xFF, 0x96, 0x03, 0xFF,     0xFF, 0x95, 0x03, 0xFF,     0xFF, 0x95, 0x03, 0xFF,     0xFF, 0x94, 0x02, 0xFF,
    0xFF, 0x94, 0x02, 0xFF,     0xFF, 0x94, 0x02, 0xFF,     0xFF, 0x93, 0x02, 0xFF,     0xFF, 0x93, 0x02, 0xFF,
    0xFF, 0x92, 0x02, 0xFF,     0xFF, 0x92, 0x02, 0xFF,     0xFF, 0x91, 0x01, 0xFF,     0xFF, 0x91, 0x01, 0xFF,
    0xFF, 0x90, 0x01, 0xFF,     0xFF, 0x90, 0x01, 0xFF,     0xFF, 0x8F, 0x01, 0xFF,     0xFF, 0x8F, 0x01, 0xFF,
    0xFF, 0x8F, 0x01, 0xFF,     0xFF, 0x8E, 0x00, 0xFF,     0xFF, 0x8E, 0x00, 0xFF,     0xFF, 0x8D, 0x00, 0xFF,
    0xFF, 0xC7, 0x13, 0xFF,     0xFF, 0xC6, 0x13, 0xFF,     0xFF, 0xC6, 0x13, 0xFF,     0xFF, 0xC5, 0x12, 0xFF,
    0xFF, 0xC5, 0x12, 0xFF,     0xFF, 0xC5, 0x12, 0xFF,     0xFF, 0xC4, 0x12, 0xFF,     0xFF, 0xC4, 0x12, 0xFF,
    0xFF, 0xC3, 0x12, 0xFF,     0xFF, 0xC3, 0x12, 0xFF,     0xFF, 0xC2, 0x11, 0xFF,     0xFF, 0xC2, 0x11, 0xFF,
    0xFF, 0xC1, 0x11, 0xFF,     0xFF, 0xC1, 0x11, 0xFF,     0xFF, 0xC0, 0x11, 0xFF,     0xFF, 0xC0, 0x11, 0xFF,
    0xFF, 0xC0, 0x11, 0xFF,     0xFF, 0xBF, 0x10, 0xFF,     0xFF, 0xBF, 0x10, 0xFF,     0xFF, 0xBE, 0x10, 0xFF,
    0xFF, 0xBE, 0x10, 0xFF,     0xFF, 0xBD, 0x10, 0xFF,     0xFF, 0xBD, 0x10, 0xFF,     0xFF, 0xBC, 0x10, 0xFF,
    0xFF, 0xBC, 0x0F, 0xFF,     0xFF, 0xBB, 0x0F, 0xFF,     0xFF, 0xBB, 0x0F, 0xFF,     0xFF, 0xBB, 0x0F, 0xFF,
    0xFF, 0xBA, 0x0F, 0xFF,     0xFF, 0xBA, 0x0F, 0xFF,     0xFF, 0xB9, 0x0E, 0xFF,     0xFF, 0xB9, 0x0E, 0xFF,
    0xFF, 0xB8, 0x0E, 0xFF,     0xFF, 0xB8, 0x0E, 0xFF,     0xFF, 0xB7, 0x0E, 0xFF,     0xFF, 0xB7, 0x0E, 0xFF,
    0xFF, 0xB6, 0x0E, 0xFF,     0xFF, 0xB6, 0x0D, 0xFF,     0xFF, 0xB6, 0x0D, 0xFF,     0xFF, 0xB5, 0x0D, 0xFF,
    0xFF, 0xB5, 0x0D, 0xFF,     0xFF, 0xB4, 0x0D, 0xFF,     0xFF, 0xB4, 0x0D, 0xFF,     0xFF, 0xB3, 0x0D, 0xFF,
    0xFF, 0xB3, 0x0C, 0xFF,     0xFF, 0xB2, 0x0C, 0xFF,     0xFF, 0xB2, 0x0C, 0xFF,     0xFF, 0xB1, 0x0C, 0xFF,
    0xFF, 0xB1, 0x0C, 0xFF,     0xFF, 0xB1, 0x0C, 0xFF,     0xFF, 0xB0, 0x0C, 0xFF,     0xFF, 0xB0, 0x0B, 0xFF,
    0xFF, 0xAF, 0x0B, 0xFF,     0xFF, 0xAF, 0x0B, 0xFF,     0xFF, 0xAE, 0x0B, 0xFF,     0xFF, 0xAE, 0x0B, 0xFF,
    0xFF, 0xAD, 0x0B, 0xFF,     0xFF, 0xAD, 0x0A, 0xFF,     0xFF, 0xAC, 0x0A, 0xFF,     0xFF, 0xAC, 0x0A, 0xFF,
    0xFF, 0xAC, 0x0A, 0xFF,     0xFF, 0xAB, 0x0A, 0xFF,     0xFF, 0xAB, 0x0A, 0xFF,     0xFF, 0xAA, 0x0A, 0xFF,
    0xFF, 0xAA, 0x09, 0xFF,     0xFF, 0xA9, 0x09, 0xFF,     0xFF, 0xA9, 0x09, 0xFF,     0xFF, 0xA8, 0x09, 0xFF,
    0xFF, 0xA8, 0x09, 0xFF,     0xFF, 0xA8, 0x09, 0xFF,     0xFF, 0xA7, 0x09, 0xFF,     0xFF, 0xA7, 0x08, 0xFF,
    0xFF, 0xA6, 0x08, 0xFF,     0xFF, 0xA6, 0x08, 0xFF,     0xFF, 0xA5, 0x08, 0xFF,     0xFF, 0xA5, 0x08, 0xFF,
    0xFF, 0xA4, 0x08, 0xFF,     0xFF, 0xA4, 0x07, 0xFF,     0xFF, 0xA3, 0x07, 0xFF,     0xFF, 0xA3, 0x07, 0xFF,
    0xFF, 0xA3, 0x07, 0xFF,     0xFF, 0xA2, 0x07, 0xFF,     0xFF, 0xA2, 0x07, 0xFF,     0xFF, 0xA1, 0x07, 0xFF,
    0xFF, 0xA1, 0x06, 0xFF,     0xFF, 0xA0, 0x06, 0xFF,     0xFF, 0xA0, 0x06, 0xFF,     0xFF, 0x9F, 0x06, 0xFF,
    0xFF, 0x9F, 0x06, 0xFF,     0xFF, 0x9E, 0x06, 0xFF,     0xFF, 0x9E, 0x06, 0xFF,     0xFF, 0x9E, 0x05, 0xFF,
    0xFF, 0x9D, 0x05, 0xFF,     0xFF, 0x9D, 0x05, 0xFF,     0xFF, 0x9C, 0x05, 0xFF,     0xFF, 0x9C, 0x05, 0xFF,
    0xFF, 0x9B, 0x05, 0xFF,     0xFF, 0x9B, 0x05, 0xFF,     0xFF, 0x9A, 0x04, 0xFF,     0xFF, 0x9A, 0x04, 0xFF,
    0xFF, 0x99, 0x04, 0xFF,     0xFF, 0x99, 0x04, 0xFF,     0xFF, 0x99, 0x04, 0xFF,     0xFF, 0x98, 0x04, 0xFF,
    0xFF, 0x98, 0x03, 0xFF,     0xFF, 0x97, 0x03, 0xFF,     0xFF, 0x97, 0x03, 0xFF,     0xFF, 0x96, 0x03, 0xFF,
    0xFF, 0x96, 0x03, 0xFF,     0xFF, 0x95, 0x03, 0xFF,     0xFF, 0x95, 0x03, 0xFF,     0xFF, 0x94, 0x02, 0xFF,
    0xFF, 0x94, 0x02, 0xFF,     0xFF, 0x94, 0x02, 0xFF,     0xFF, 0x93, 0x02, 0xFF,     0xFF, 0x93, 0x02, 0xFF,
    0xFF, 0x92, 0x02, 0xFF,     0xFF, 0x92, 0x02, 0xFF,     0xFF, 0x91, 0x01, 0xFF,     0xFF, 0x91, 0x01, 0xFF,
    0xFF, 0x90, 0x01, 0xFF,     0xFF, 0x90, 0x01, 0xFF,     0xFF, 0x8F, 0x01, 0xFF,     0xFF, 0x8F, 0x01, 0xFF,
    0xFF, 0x8F, 0x01, 0xFF,     0xFF, 0x8E, 0x00, 0xFF,     0xFF, 0x8E, 0x00, 0xFF,     0xFF, 0x8D, 0x00, 0xFF,
    0xFF, 0xC7, 0x13, 0xFF,     0xFF, 0xC6, 0x13, 0xFF,     0xFF, 0xC6, 0x13, 0xFF,     0xFF, 0xC5, 0x12, 0xFF,
    0xFF, 0xC5, 0x12, 0xFF,     0xFF, 0xC5, 0x12, 0xFF,     0xFF, 0xC4, 0x12, 0xFF,     0xFF, 0xC4, 0x12, 0xFF,
    0xFF, 0xC3, 0x12, 0xFF,     0xFF, 0xC3, 0x12, 0xFF,     0xFF, 0xC2, 0x11, 0xFF,     0xFF, 0xC2, 0x11, 0xFF,
    0xFF, 0xC1, 0x11, 0xFF,     0xFF, 0xC1, 0x11, 0xFF,     0xFF, 0xC0, 0x11, 0xFF,     0xFF, 0xC0, 0x11, 0xFF,
    0xFF, 0xC0, 0x11, 0xFF,     0xFF, 0xBF, 0x10, 0xFF,     0xFF, 0xBF, 0x10, 0xFF,     0xFF, 0xBE, 0x10, 0xFF,
    0xFF, 0xBE, 0x10, 0xFF,     0xFF, 0xBD, 0x10, 0xFF,     0xFF, 0xBD, 0x10, 0xFF,     0xFF, 0xBC, 0x10, 0xFF,
    0xFF, 0xBC, 0x0F, 0xFF,     0xFF, 0xBB, 0x0F, 0xFF,     0xFF, 0xBB, 0x0F, 0xFF,     0xFF, 0xBB, 0x0F, 0xFF,
    0xFF, 0xBA, 0x0F, 0xFF,     0xFF, 0xBA, 0x0F, 0xFF,     0xFF, 0xB9, 0x0E, 0xFF,     0xFF, 0xB9, 0x0E, 0xFF,
    0xFF, 0xB8, 0x0E, 0xFF,     0xFF, 0xB8, 0x0E, 0xFF,     0xFF, 0xB7, 0x0E, 0xFF,     0xFF, 0xB7, 0x0E, 0xFF,
    0xFF, 0xB6, 0x0E, 0xFF,     0xFF, 0xB6, 0x0D, 0xFF,     0xFF, 0xB6, 0x0D, 0xFF,     0xFF, 0xB5, 0x0D, 0xFF,
    0xFF, 0xB5, 0x0D, 0xFF,     0xFF, 0xB4, 0x0D, 0xFF,     0xFF, 0xB4, 0x0D, 0xFF,     0xFF, 0xB3, 0x0D, 0xFF,
    0xFF, 0xB3, 0x0C, 0xFF,     0xFF, 0xB2, 0x0C, 0xFF,     0xFF, 0xB2, 0x0C, 0xFF,     0xFF, 0xB1, 0x0C, 0xFF,
    0xFF, 0xB1, 0x0C, 0xFF,     0xFF, 0xB1, 0x0C, 0xFF,     0xFF, 0xB0, 0x0C, 0xFF,     0xFF, 0xB0, 0x0B, 0xFF,
    0xFF, 0xAF, 0x0B, 0xFF,     0xFF, 0xAF, 0x0B, 0xFF,     0xFF, 0xAE, 0x0B, 0xFF,     0xFF, 0xAE, 0x0B, 0xFF,
    0xFF, 0xAD, 0x0B, 0xFF,     0xFF, 0xAD, 0x0A, 0xFF,     0xFF, 0xAC, 0x0A, 0xFF,     0xFF, 0xAC, 0x0A, 0xFF,
    0xFF, 0xAC, 0x0A, 0xFF,     0xFF, 0xAB, 0x0A, 0xFF,     0xFF, 0xAB, 0x0A, 0xFF,     0xFF, 0xAA, 0x0A, 0xFF,
    0xFF, 0xAA, 0x09, 0xFF,     0xFF, 0xA9, 0x09, 0xFF,     0xFF, 0xA9, 0x09, 0xFF,     0xFF, 0xA8, 0x09, 0xFF,
    0xFF, 0xA8, 0x09, 0xFF,     0xFF, 0xA8, 0x09, 0xFF,     0xFF, 0xA7, 0x09, 0xFF,     0xFF, 0xA7, 0x08, 0xFF,
    0xFF, 0xA6, 0x08, 0xFF,     0xFF, 0xA6, 0x08, 0xFF,     0xFF, 0xA5, 0x08, 0xFF,     0xFF, 0xA5, 0x08, 0xFF,
    0xFF, 0xA4, 0x08, 0xFF,     0xFF, 0xA4, 0x07, 0xFF,     0xFF, 0xA3, 0x07, 0xFF,     0xFF, 0xA3, 0x07, 0xFF,
    0xFF, 0xA3, 0x07, 0xFF,     0xFF, 0xA2, 0x07, 0xFF,     0xFF, 0xA2, 0x07, 0xFF,     0xFF, 0xA1, 0x07, 0xFF,
    0xFF, 0xA1, 0x06, 0xFF,     0xFF, 0xA0, 0x06, 0xFF,     0xFF, 0xA0, 0x06, 0xFF,     0xFF, 0x9F, 0x06, 0xFF,
    0xFF, 0x9F, 0x06, 0xFF,     0xFF, 0x9E, 0x06, 0xFF,     0xFF, 0x9E, 0x06, 0xFF,     0xFF, 0x9E, 0x05, 0xFF,
    0xFF, 0x9D, 0x05, 0xFF,     0xFF, 0x9D, 0x05, 0xFF,     0xFF, 0x9C, 0x05, 0xFF,     0xFF, 0x9C, 0x05, 0xFF,
    0xFF, 0x9B, 0x05, 0xFF,     0xFF, 0x9B, 0x05, 0xFF,     0xFF, 0x9A, 0x04, 0xFF,     0xFF, 0x9A, 0x04, 0xFF,
    0xFF, 0x99, 0x04, 0xFF,     0xFF, 0x99, 0x04, 0xFF,     0xFF, 0x99, 0x04, 0xFF,     0xFF, 0x98, 0x04, 0xFF,
    0xFF, 0x98, 0x03, 0xFF,     0xFF, 0x97, 0x03, 0xFF,     0xFF, 0x97, 0x03, 0xFF,     0xFF, 0x96, 0x03, 0xFF,
    0xFF, 0x96, 0x03, 0xFF,     0xFF, 0x95, 0x03, 0xFF,     0xFF, 0x95, 0x03, 0xFF,     0xFF, 0x94, 0x02, 0xFF,
    0xFF, 0x94, 0x02, 0xFF,     0xFF, 0x94, 0x02, 0xFF,     0xFF, 0x93, 0x02, 0xFF,     0xFF, 0x93, 0x02, 0xFF,
    0xFF, 0x92, 0x02, 0xFF,     0xFF, 0x92, 0x02, 0xFF,     0xFF, 0x91, 0x01, 0xFF,     0xFF, 0x91, 0x01, 0xFF,
    0xFF, 0x90, 0x01, 0xFF,     0xFF, 0x90, 0x01, 0xFF,     0xFF, 0x8F, 0x01, 0xFF,     0xFF, 0x8F, 0x01, 0xFF,
    0xFF, 0x8F, 0x01, 0xFF,     0xFF, 0x8E, 0x00, 0xFF,     0xFF, 0x8E, 0x00, 0xFF,     0xFF, 0x8D, 0x00, 0xFF,
    0xFF, 0xC7, 0x13, 0xFF,     0xFF, 0xC6, 0x13, 0xFF,     0xFF, 0xC6, 0x13, 0xFF,     0xFF, 0xC5, 0x12, 0xFF,
    0xFF, 0xC5, 0x12, 0xFF,     0xFF, 0xC5, 0x12, 0xFF,     0xFF, 0xC4, 0x12, 0xFF,     0xFF, 0xC4, 0x12, 0xFF,
    0xFF, 0xC3, 0x12, 0xFF,     0xFF, 0xC3, 0x12, 0xFF,     0xFF, 0xC2, 0x11, 0xFF,     0xFF, 0xC2, 0x11, 0xFF,
    0xFF, 0xC1, 0x11, 0xFF,     0xFF, 0xC1, 0x11, 0xFF,     0xFF, 0xC0, 0x11, 0xFF,     0xFF, 0xC0, 0x11, 0xFF,
    0xFF, 0xC0, 0x11, 0xFF,     0xFF, 0xBF, 0x10, 0xFF,     0xFF, 0xBF, 0x10, 0xFF,     0xFF, 0xBE, 0x10, 0xFF,
    0xFF, 0xBE, 0x10, 0xFF,     0xFF, 0xBD, 0x10, 0xFF,     0xFF, 0xBD, 0x10, 0xFF,     0xFF, 0xBC, 0x10, 0xFF,
    0xFF, 0xBC, 0x0F, 0xFF,     0xFF, 0xBB, 0x0F, 0xFF,     0xFF, 0xBB, 0x0F, 0xFF,     0xFF, 0xBB, 0x0F, 0xFF,
    0xFF, 0xBA, 0x0F, 0xFF,     0xFF, 0xBA, 0x0F, 0xFF,     0xFF, 0xB9, 0x0E, 0xFF,     0xFF, 0xB9, 0x0E, 0xFF,
    0xFF, 0xB8, 0x0E, 0xFF,     0xFF, 0xB8, 0x0E, 0xFF,     0xFF, 0xB7, 0x0E, 0xFF,     0xFF, 0xB7, 0x0E, 0xFF,
    0xFF, 0xB6, 0x0E, 0xFF,     0xFF, 0xB6, 0x0D, 0xFF,     0xFF, 0xB6, 0x0D, 0xFF,     0xFF, 0xB5, 0x0D, 0xFF,
    0xFF, 0xB5, 0x0D, 0xFF,     0xFF, 0xB4, 0x0D, 0xFF,     0xFF, 0xB4, 0x0D, 0xFF,     0xFF, 0xB3, 0x0D, 0xFF,
    0xFF, 0xB3, 0x0C, 0xFF,     0xFF, 0xB2, 0x0C, 0xFF,     0xFF, 0xB2, 0x0C, 0xFF,     0xFF, 0xB1, 0x0C, 0xFF,
    0xFF, 0xB1, 0x0C, 0xFF,     0xFF, 0xB1, 0x0C, 0xFF,     0xFF, 0xB0, 0x0C, 0xFF,     0xFF, 0xB0, 0x0B, 0xFF,
    0xFF, 0xAF, 0x0B, 0xFF,     0xFF, 0xAF, 0x0B, 0xFF,     0xFF, 0xAE, 0x0B, 0xFF,     0xFF, 0xAE, 0x0B, 0xFF,
    0xFF, 0xAD, 0x0B, 0xFF,     0xFF, 0xAD, 0x0A, 0xFF,     0xFF, 0xAC, 0x0A, 0xFF,     0xFF, 0xAC, 0x0A, 0xFF,
    0xFF, 0xAC, 0x0A, 0xFF,     0xFF, 0xAB, 0x0A, 0xFF,     0xFF, 0xAB, 0x0A, 0xFF,     0xFF, 0xAA, 0x0A, 0xFF,
    0xFF, 0xAA, 0x09, 0xFF,     0xFF, 0xA9, 0x09, 0xFF,     0xFF, 0xA9, 0x09, 0xFF,     0xFF, 0xA8, 0x09, 0xFF,
    0xFF, 0xA8, 0x09, 0xFF,     0xFF, 0xA8, 0x09, 0xFF,     0xFF, 0xA7, 0x09, 0xFF,     0xFF, 0xA7, 0x08, 0xFF,
    0xFF, 0xA6, 0x08, 0xFF,     0xFF, 0xA6, 0x08, 0xFF,     0xFF, 0xA5, 0x08, 0xFF,     0xFF, 0xA5, 0x08, 0xFF,
    0xFF, 0xA4, 0x08, 0xFF,     0xFF, 0xA4, 0x07, 0xFF,     0xFF, 0xA3, 0x07, 0xFF,     0xFF, 0xA3, 0x07, 0xFF,
    0xFF, 0xA3, 0x07, 0xFF,     0xFF, 0xA2, 0x07, 0xFF,     0xFF, 0xA2, 0x07, 0xFF,     0xFF, 0xA1, 0x07, 0xFF,
    0xFF, 0xA1, 0x06, 0xFF,     0xFF, 0xA0, 0x06, 0xFF,     0xFF, 0xA0, 0x06, 0xFF,     0xFF, 0x9F, 0x06, 0xFF,
    0xFF, 0x9F, 0x06, 0xFF,     0xFF, 0x9E, 0x06, 0xFF,     0xFF, 0x9E, 0x06, 0xFF,     0xFF, 0x9E, 0x05, 0xFF,
    0xFF, 0x9D, 0x05, 0xFF,     0xFF, 0x9D, 0x05, 0xFF,     0xFF, 0x9C, 0x05, 0xFF,     0xFF, 0x9C, 0x05, 0xFF,
    0xFF, 0x9B, 0x05, 0xFF,     0xFF, 0x9B, 0x05, 0xFF,     0xFF, 0x9A, 0x04, 0xFF,     0xFF, 0x9A, 0x04, 0xFF,
    0xFF, 0x99, 0x04, 0xFF,     0xFF, 0x99, 0x04, 0xFF,     0xFF, 0x99, 0x04, 0xFF,     0xFF, 0x98, 0x04, 0xFF,
    0xFF, 0x98, 0x03, 0xFF,     0xFF, 0x97, 0x03, 0xFF,     0xFF, 0x97, 0x03, 0xFF,     0xFF, 0x96, 0x03, 0xFF,
    0xFF, 0x96, 0x03, 0xFF,     0xFF, 0x95, 0x03, 0xFF,     0xFF, 0x95, 0x03, 0xFF,     0xFF, 0x94, 0x02, 0xFF,
    0xFF, 0x94, 0x02, 0xFF,     0xFF, 0x94, 0x02, 0xFF,     0xFF, 0x93, 0x02, 0xFF,     0xFF, 0x93, 0x02, 0xFF,
    0xFF, 0x92, 0x02, 0xFF,     0xFF, 0x92, 0x02, 0xFF,     0xFF, 0x91, 0x01, 0xFF,     0xFF, 0x91, 0x01, 0xFF,
    0xFF, 0x90, 0x01, 0xFF,     0xFF, 0x90, 0x01, 0xFF,     0xFF, 0x8F, 0x01, 0xFF,     0xFF, 0x8F, 0x01, 0xFF,
    0xFF, 0x8F, 0x01, 0xFF,     0xFF, 0x8E, 0x00, 0xFF,     0xFF, 0x8E, 0x00, 0xFF,     0xFF, 0x8D, 0x00, 0xFF,
    0xFF, 0xC7, 0x13, 0xFF,     0xFF, 0xC6, 0x13, 0xFF,     0xFF, 0xC6, 0x13, 0xFF,     0xFF, 0xC5, 0x12, 0xFF,
    0xFF, 0xC5, 0x12, 0xFF,     0xFF, 0xC5, 0x12, 0xFF,     0xFF, 0xC4, 0x12, 0xFF,     0xFF, 0xC4, 0x12, 0xFF,
    0xFF, 0xC3, 0x12, 0xFF,     0xFF, 0xC3, 0x12, 0xFF,     0xFF, 0xC2, 0x11, 0xFF,     0xFF, 0xC2, 0x11, 0xFF,
    0xFF, 0xC1, 0x11, 0xFF,     0xFF, 0xC1, 0x11, 0xFF,     0xFF, 0xC0, 0x11, 0xFF,     0xFF, 0xC0, 0x11, 0xFF,
    0xFF, 0xC0, 0x11, 0xFF,     0xFF, 0xBF, 0x10, 0xFF,     0xFF, 0xBF, 0x10, 0xFF,     0xFF, 0xBE, 0x10, 0xFF,
    0xFF, 0xBE, 0x10, 0xFF,     0xFF, 0xBD, 0x10, 0xFF,     0xFF, 0xBD, 0x10, 0xFF,     0xFF, 0xBC, 0x10, 0xFF,
    0xFF, 0xBC, 0x0F, 0xFF,     0xFF, 0xBB, 0x0F, 0xFF,     0xFF, 0xBB, 0x0F, 0xFF,     0xFF, 0xBB, 0x0F, 0xFF,
    0xFF, 0xBA, 0x0F, 0xFF,     0xFF, 0xBA, 0x0F, 0xFF,     0xFF, 0xB9, 0x0E, 0xFF,     0xFF, 0xB9, 0x0E, 0xFF,
    0xFF, 0xB8, 0x0E, 0xFF,     0xFF, 0xB8, 0x0E, 0xFF,     0xFF, 0xB7, 0x0E, 0xFF,     0xFF, 0xB7, 0x0E, 0xFF,
    0xFF, 0xB6, 0x0E, 0xFF,     0xFF, 0xB6, 0x0D, 0xFF,     0xFF, 0xB6, 0x0D, 0xFF,     0xFF, 0xB5, 0x0D, 0xFF,
    0xFF, 0xB5, 0x0D, 0xFF,     0xFF, 0xB4, 0x0D, 0xFF,     0xFF, 0xB4, 0x0D, 0xFF,     0xFF, 0xB3, 0x0D, 0xFF,
    0xFF, 0xB3, 0x0C, 0xFF,     0xFF, 0xB2, 0x0C, 0xFF,     0xFF, 0xB2, 0x0C, 0xFF,     0xFF, 0xB1, 0x0C, 0xFF,
    0xFF, 0xB1, 0x0C, 0xFF,     0xFF, 0xB1, 0x0C, 0xFF,     0xFF, 0xB0, 0x0C, 0xFF,     0xFF, 0xB0, 0x0B, 0xFF,
    0xFF, 0xAF, 0x0B, 0xFF,     0xFF, 0xAF, 0x0B, 0xFF,     0xFF, 0xAE, 0x0B, 0xFF,     0xFF, 0xAE, 0x0B, 0xFF,
    0xFF, 0xAD, 0x0B, 0xFF,     0xFF, 0xAD, 0x0A, 0xFF,     0xFF, 0xAC, 0x0A, 0xFF,     0xFF, 0xAC, 0x0A, 0xFF,
    0xFF, 0xAC, 0x0A, 0xFF,     0xFF, 0xAB, 0x0A, 0xFF,     0xFF, 0xAB, 0x0A, 0xFF,     0xFF, 0xAA, 0x0A, 0xFF,
    0xFF, 0xAA, 0x09, 0xFF,     0xFF, 0xA9, 0x09, 0xFF,     0xFF, 0xA9, 0x09, 0xFF,     0xFF, 0xA8, 0x09, 0xFF,
    0xFF, 0xA8, 0x09, 0xFF,     0xFF, 0xA8, 0x09, 0xFF,     0xFF, 0xA7, 0x09, 0xFF,     0xFF, 0xA7, 0x08, 0xFF,
    0xFF, 0xA6, 0x08, 0xFF,     0xFF, 0xA6, 0x08, 0xFF,     0xFF, 0xA5, 0x08, 0xFF,     0xFF, 0xA5, 0x08, 0xFF,
    0xFF, 0xA4, 0x08, 0xFF,     0xFF, 0xA4, 0x07, 0xFF,     0xFF, 0xA3, 0x07, 0xFF,     0xFF, 0xA3, 0x07, 0xFF,
    0xFF, 0xA3, 0x07, 0xFF,     0xFF, 0xA2, 0x07, 0xFF,     0xFF, 0xA2, 0x07, 0xFF,     0xFF, 0xA1, 0x07, 0xFF,
    0xFF, 0xA1, 0x06, 0xFF,     0xFF, 0xA0, 0x06, 0xFF,     0xFF, 0xA0, 0x06, 0xFF,     0xFF, 0x9F, 0x06, 0xFF,
    0xFF, 0x9F, 0x06, 0xFF,     0xFF, 0x9E, 0x06, 0xFF,     0xFF, 0x9E, 0x06, 0xFF,     0xFF, 0x9E, 0x05, 0xFF,
    0xFF, 0x9D, 0x05, 0xFF,     0xFF, 0x9D, 0x05, 0xFF,     0xFF, 0x9C, 0x05, 0xFF,     0xFF, 0x9C, 0x05, 0xFF,
    0xFF, 0x9B, 0x05, 0xFF,     0xFF, 0x9B, 0x05, 0xFF,     0xFF, 0x9A, 0x04, 0xFF,     0xFF, 0x9A, 0x04, 0xFF,
    0xFF, 0x99, 0x04, 0xFF,     0xFF, 0x99, 0x04, 0xFF,     0xFF, 0x99, 0x04, 0xFF,     0xFF, 0x98, 0x04, 0xFF,
    0xFF, 0x98, 0x03, 0xFF,     0xFF, 0x97, 0x03, 0xFF,     0xFF, 0x97, 0x03, 0xFF,     0xFF, 0x96, 0x03, 0xFF,
    0xFF, 0x96, 0x03, 0xFF,     0xFF, 0x95, 0x03, 0xFF,     0xFF, 0x95, 0x03, 0xFF,     0xFF, 0x94, 0x02, 0xFF,
    0xFF, 0x94, 0x02, 0xFF,     0xFF, 0x94, 0x02, 0xFF,     0xFF, 0x93, 0x02, 0xFF,     0xFF, 0x93, 0x02, 0xFF,
    0xFF, 0x92, 0x02, 0xFF,     0xFF, 0x92, 0x02, 0xFF,     0xFF, 0x91, 0x01, 0xFF,     0xFF, 0x91, 0x01, 0xFF,
    0xFF, 0x90, 0x01, 0xFF,     0xFF, 0x90, 0x01, 0xFF,     0xFF, 0x8F, 0x01, 0xFF,     0xFF, 0x8F, 0x01, 0xFF,
    0xFF, 0x8F, 0x01, 0xFF,     0xFF, 0x8E, 0x00, 0xFF,     0xFF, 0x8E, 0x00, 0xFF,     0xFF, 0x8D, 0x00, 0xFF,
    0xFF, 0xC7, 0x13, 0xFF,     0xFF, 0xC6, 0x13, 0xFF,     0xFF, 0xC6, 0x13, 0xFF,     0xFF, 0xC5, 0x12, 0xFF,
    0xFF, 0xC5, 0x12, 0xFF,     0xFF, 0xC5, 0x12, 0xFF,     0xFF, 0xC4, 0x12, 0xFF,     0xFF, 0xC4, 0x12, 0xFF,
    0xFF, 0xC3, 0x12, 0xFF,     0xFF, 0xC3, 0x12, 0xFF,     0xFF, 0xC2, 0x11, 0xFF,     0xFF, 0xC2, 0x11, 0xFF,
    0xFF, 0xC1, 0x11, 0xFF,     0xFF, 0xC1, 0x11, 0xFF,     0xFF, 0xC0, 0x11, 0xFF,     0xFF, 0xC0, 0x11, 0xFF,
    0xFF, 0xC0, 0x11, 0xFF,     0xFF, 0xBF, 0x10, 0xFF,     0xFF, 0xBF, 0x10, 0xFF,     0xFF, 0xBE, 0x10, 0xFF,
    0xFF, 0xBE, 0x10, 0xFF,     0xFF, 0xBD, 0x10, 0xFF,     0xFF, 0xBD, 0x10, 0xFF,     0xFF, 0xBC, 0x10, 0xFF,
    0xFF, 0xBC, 0x0F, 0xFF,     0xFF, 0xBB, 0x0F, 0xFF,     0xFF, 0xBB, 0x0F, 0xFF,     0xFF, 0xBB, 0x0F, 0xFF,
    0xFF, 0xBA, 0x0F, 0xFF,     0xFF, 0xBA, 0x0F, 0xFF,     0xFF, 0xB9, 0x0E, 0xFF,     0xFF, 0xB9, 0x0E, 0xFF,
    0xFF, 0xB8, 0x0E, 0xFF,     0xFF, 0xB8, 0x0E, 0xFF,     0xFF, 0xB7, 0x0E, 0xFF,     0xFF, 0xB7, 0x0E, 0xFF,
    0xFF, 0xB6, 0x0E, 0xFF,     0xFF, 0xB6, 0x0D, 0xFF,     0xFF, 0xB6, 0x0D, 0xFF,     0xFF, 0xB5, 0x0D, 0xFF,
    0xFF, 0xB5, 0x0D, 0xFF,     0xFF, 0xB4, 0x0D, 0xFF,     0xFF, 0xB4, 0x0D, 0xFF,     0xFF, 0xB3, 0x0D, 0xFF,
    0xFF, 0xB3, 0x0C, 0xFF,     0xFF, 0xB2, 0x0C, 0xFF,     0xFF, 0xB2, 0x0C, 0xFF,     0xFF, 0xB1, 0x0C, 0xFF,
    0xFF, 0xB1, 0x0C, 0xFF,     0xFF, 0xB1, 0x0C, 0xFF,     0xFF, 0xB0, 0x0C, 0xFF,     0xFF, 0xB0, 0x0B, 0xFF,
    0xFF, 0xAF, 0x0B, 0xFF,     0xFF, 0xAF, 0x0B, 0xFF,     0xFF, 0xAE, 0x0B, 0xFF,     0xFF, 0xAE, 0x0B, 0xFF,
    0xFF, 0xAD, 0x0B, 0xFF,     0xFF, 0xAD, 0x0A, 0xFF,     0xFF, 0xAC, 0x0A, 0xFF,     0xFF, 0xAC, 0x0A, 0xFF,
    0xFF, 0xAC, 0x0A, 0xFF,     0xFF, 0xAB, 0x0A, 0xFF,     0xFF, 0xAB, 0x0A, 0xFF,     0xFF, 0xAA, 0x0A, 0xFF,
    0xFF, 0xAA, 0x09, 0xFF,     0xFF, 0xA9, 0x09, 0xFF,     0xFF, 0xA9, 0x09, 0xFF,     0xFF, 0xA8, 0x09, 0xFF,
    0xFF, 0xA8, 0x09, 0xFF,     0xFF, 0xA8, 0x09, 0xFF,     0xFF, 0xA7, 0x09, 0xFF,     0xFF, 0xA7, 0x08, 0xFF,
    0xFF, 0xA6, 0x08, 0xFF,     0xFF, 0xA6, 0x08, 0xFF,     0xFF, 0xA5, 0x08, 0xFF,     0xFF, 0xA5, 0x08, 0xFF,
    0xFF, 0xA4, 0x08, 0xFF,     0xFF, 0xA4, 0x07, 0xFF,     0xFF, 0xA3, 0x07, 0xFF,     0xFF, 0xA3, 0x07, 0xFF,
    0xFF, 0xA3, 0x07, 0xFF,     0xFF, 0xA2, 0x07, 0xFF,     0xFF, 0xA2, 0x07, 0xFF,     0xFF, 0xA1, 0x07, 0xFF,
    0xFF, 0xA1, 0x06, 0xFF,     0xFF, 0xA0, 0x06, 0xFF,     0xFF, 0xA0, 0x06, 0xFF,     0xFF, 0x9F, 0x06, 0xFF,
    0xFF, 0x9F, 0x06, 0xFF,     0xFF, 0x9E, 0x06, 0xFF,     0xFF, 0x9E, 0x06, 0xFF,     0xFF, 0x9E, 0x05, 0xFF,
    0xFF, 0x9D, 0x05, 0xFF,     0xFF, 0x9D, 0x05, 0xFF,     0xFF, 0x9C, 0x05, 0xFF,     0xFF, 0x9C, 0x05, 0xFF,
    0xFF, 0x9B, 0x05, 0xFF,     0xFF, 0x9B, 0x05, 0xFF,     0xFF, 0x9A, 0x04, 0xFF,     0xFF, 0x9A, 0x04, 0xFF,
    0xFF, 0x99, 0x04, 0xFF,     0xFF, 0x99, 0x04, 0xFF,     0xFF, 0x99, 0x04, 0xFF,     0xFF, 0x98, 0x04, 0xFF,
    0xFF, 0x98, 0x03, 0xFF,     0xFF, 0x97, 0x03, 0xFF,     0xFF, 0x97, 0x03, 0xFF,     0xFF, 0x96, 0x03, 0xFF,
    0xFF, 0x96, 0x03, 0xFF,     0xFF, 0x95, 0x03, 0xFF,     0xFF, 0x95, 0x03, 0xFF,     0xFF, 0x94, 0x02, 0xFF,
    0xFF, 0x94, 0x02, 0xFF,     0xFF, 0x94, 0x02, 0xFF,     0xFF, 0x93, 0x02, 0xFF,     0xFF, 0x93, 0x02, 0xFF,
    0xFF, 0x92, 0x02, 0xFF,     0xFF, 0x92, 0x02, 0xFF,     0xFF, 0x91, 0x01, 0xFF,     0xFF, 0x91, 0x01, 0xFF,
    0xFF, 0x90, 0x01, 0xFF,     0xFF, 0x90, 0x01, 0xFF,     0xFF, 0x8F, 0x01, 0xFF,     0xFF, 0x8F, 0x01, 0xFF,
    0xFF, 0x8F, 0x01, 0xFF,     0xFF, 0x8E, 0x00, 0xFF,     0xFF, 0x8E, 0x00, 0xFF,     0xFF, 0x8D, 0x00, 0xFF,
    0xFF, 0xC7, 0x13, 0xFF,     0xFF, 0xC6, 0x13, 0xFF,     0xFF, 0xC6, 0x13, 0xFF,     0xFF, 0xC5, 0x12, 0xFF,
    0xFF, 0xC5, 0x12, 0xFF,     0xFF, 0xC5, 0x12, 0xFF,     0xFF, 0xC4, 0x12, 0xFF,     0xFF, 0xC4, 0x12, 0xFF,
    0xFF, 0xC3, 0x12, 0xFF,     0xFF, 0xC3, 0x12, 0xFF,     0xFF, 0xC2, 0x11, 0xFF,     0xFF, 0xC2, 0x11, 0xFF,
    0xFF, 0xC1, 0x11, 0xFF,     0xFF, 0xC1, 0x11, 0xFF,     0xFF, 0xC0, 0x11, 0xFF,     0xFF, 0xC0, 0x11, 0xFF,
    0xFF, 0xC0, 0x11, 0xFF,     0xFF, 0xBF, 0x10, 0xFF,     0xFF, 0xBF, 0x10, 0xFF,     0xFF, 0xBE, 0x10, 0xFF,
    0xFF, 0xBE, 0x10, 0xFF,     0xFF, 0xBD, 0x10, 0xFF,     0xFF, 0xBD, 0x10, 0xFF,     0xFF, 0xBC, 0x10, 0xFF,
    0xFF, 0xBC, 0x0F, 0xFF,     0xFF, 0xBB, 0x0F, 0xFF,     0xFF, 0xBB, 0x0F, 0xFF,     0xFF, 0xBB, 0x0F, 0xFF,
    0xFF, 0xBA, 0x0F, 0xFF,     0xFF, 0xBA, 0x0F, 0xFF,     0xFF, 0xB9, 0x0E, 0xFF,     0xFF, 0xB9, 0x0E, 0xFF,
    0xFF, 0xB8, 0x0E, 0xFF,     0xFF, 0xB8, 0x0E, 0xFF,     0xFF, 0xB7, 0x0E, 0xFF,     0xFF, 0xB7, 0x0E, 0xFF,
    0xFF, 0xB6, 0x0E, 0xFF,     0xFF, 0xB6, 0x0D, 0xFF,     0xFF, 0xB6, 0x0D, 0xFF,     0xFF, 0xB5, 0x0D, 0xFF,
    0xFF, 0xB5, 0x0D, 0xFF,     0xFF, 0xB4, 0x0D, 0xFF,     0xFF, 0xB4, 0x0D, 0xFF,     0xFF, 0xB3, 0x0D, 0xFF,
    0xFF, 0xB3, 0x0C, 0xFF,     0xFF, 0xB2, 0x0C, 0xFF,     0xFF, 0xB2, 0x0C, 0xFF,     0xFF, 0xB1, 0x0C, 0xFF,
    0xFF, 0xB1, 0x0C, 0xFF,     0xFF, 0xB1, 0x0C, 0xFF,     0xFF, 0xB0, 0x0C, 0xFF,     0xFF, 0xB0, 0x0B, 0xFF,
    0xFF, 0xAF, 0x0B, 0xFF,     0xFF, 0xAF, 0x0B, 0xFF,     0xFF, 0xAE, 0x0B, 0xFF,     0xFF, 0xAE, 0x0B, 0xFF,
    0xFF, 0xAD, 0x0B, 0xFF,     0xFF, 0xAD, 0x0A, 0xFF,     0xFF, 0xAC, 0x0A, 0xFF,     0xFF, 0xAC, 0x0A, 0xFF,
    0xFF, 0xAC, 0x0A, 0xFF,     0xFF, 0xAB, 0x0A, 0xFF,     0xFF, 0xAB, 0x0A, 0xFF,     0xFF, 0xAA, 0x0A, 0xFF,
    0xFF, 0xAA, 0x09, 0xFF,     0xFF, 0xA9, 0x09, 0xFF,     0xFF, 0xA9, 0x09, 0xFF,     0xFF, 0xA8, 0x09, 0xFF,
    0xFF, 0xA8, 0x09, 0xFF,     0xFF, 0xA8, 0x09, 0xFF,     0xFF, 0xA7, 0x09, 0xFF,     0xFF, 0xA7, 0x08, 0xFF,
    0xFF, 0xA6, 0x08, 0xFF,     0xFF, 0xA6, 0x08, 0xFF,     0xFF, 0xA5, 0x08, 0xFF,     0xFF, 0xA5, 0x08, 0xFF,
    0xFF, 0xA4, 0x08, 0xFF,     0xFF, 0xA4, 0x07, 0xFF,     0xFF, 0xA3, 0x07, 0xFF,     0xFF, 0xA3, 0x07, 0xFF,
    0xFF, 0xA3, 0x07, 0xFF,     0xFF, 0xA2, 0x07, 0xFF,     0xFF, 0xA2, 0x07, 0xFF,     0xFF, 0xA1, 0x07, 0xFF,
    0xFF, 0xA1, 0x06, 0xFF,     0xFF, 0xA0, 0x06, 0xFF,     0xFF, 0xA0, 0x06, 0xFF,     0xFF, 0x9F, 0x06, 0xFF,
    0xFF, 0x9F, 0x06, 0xFF,     0xFF, 0x9E, 0x06, 0xFF,     0xFF, 0x9E, 0x06, 0xFF,     0xFF, 0x9E, 0x05, 0xFF,
    0xFF, 0x9D, 0x05, 0xFF,     0xFF, 0x9D, 0x05, 0xFF,     0xFF, 0x9C, 0x05, 0xFF,     0xFF, 0x9C, 0x05, 0xFF,
    0xFF, 0x9B, 0x05, 0xFF,     0xFF, 0x9B, 0x05, 0xFF,     0xFF, 0x9A, 0x04, 0xFF,     0xFF, 0x9A, 0x04, 0xFF,
    0xFF, 0x99, 0x04, 0xFF,     0xFF, 0x99, 0x04, 0xFF,     0xFF, 0x99, 0x04, 0xFF,     0xFF, 0x98, 0x04, 0xFF,
    0xFF, 0x98, 0x03, 0xFF,     0xFF, 0x97, 0x03, 0xFF,     0xFF, 0x97, 0x03, 0xFF,     0xFF, 0x96, 0x03, 0xFF,
    0xFF, 0x96, 0x03, 0xFF,     0xFF, 0x95, 0x03, 0xFF,     0xFF, 0x95, 0x03, 0xFF,     0xFF, 0x94, 0x02, 0xFF,
    0xFF, 0x94, 0x02, 0xFF,     0xFF, 0x94, 0x02, 0xFF,     0xFF, 0x93, 0x02, 0xFF,     0xFF, 0x93, 0x02, 0xFF,
    0xFF, 0x92, 0x02, 0xFF,     0xFF, 0x92, 0x02, 0xFF,     0xFF, 0x91, 0x01, 0xFF,     0xFF, 0x91, 0x01, 0xFF,
    0xFF, 0x90, 0x01, 0xFF,     0xFF, 0x90, 0x01, 0xFF,     0xFF, 0x8F, 0x01, 0xFF,     0xFF, 0x8F, 0x01, 0xFF,
    0xFF, 0x8F, 0x01, 0xFF,     0xFF, 0x8E, 0x00, 0xFF,     0xFF, 0x8E, 0x00, 0xFF,     0xFF, 0x8D, 0x00, 0xFF,
    0xFF, 0xC7, 0x13, 0xFF,     0xFF, 0xC6, 0x13, 0xFF,     0xFF, 0xC6, 0x13, 0xFF,     0xFF, 0xC5, 0x12, 0xFF,
    0xFF, 0xC5, 0x12, 0xFF,     0xFF, 0xC5, 0x12, 0xFF,     0xFF, 0xC4, 0x12, 0xFF,     0xFF, 0xC4, 0x12, 0xFF,
    0xFF, 0xC3, 0x12, 0xFF,     0xFF, 0xC3, 0x12, 0xFF,     0xFF, 0xC2, 0x11, 0xFF,     0xFF, 0xC2, 0x11, 0xFF,
    0xFF, 0xC1, 0x11, 0xFF,     0xFF, 0xC1, 0x11, 0xFF,     0xFF, 0xC0, 0x11, 0xFF,     0xFF, 0xC0, 0x11, 0xFF,
    0xFF, 0xC0, 0x11, 0xFF,     0xFF, 0xBF, 0x10, 0xFF,     0xFF, 0xBF, 0x10, 0xFF,     0xFF, 0xBE, 0x10, 0xFF,
    0xFF, 0xBE, 0x10, 0xFF,     0xFF, 0xBD, 0x10, 0xFF,     0xFF, 0xBD, 0x10, 0xFF,     0xFF, 0xBC, 0x10, 0xFF,
    0xFF, 0xBC, 0x0F, 0xFF,     0xFF, 0xBB, 0x0F, 0xFF,     0xFF, 0xBB, 0x0F, 0xFF,     0xFF, 0xBB, 0x0F, 0xFF,
    0xFF, 0xBA, 0x0F, 0xFF,     0xFF, 0xBA, 0x0F, 0xFF,     0xFF, 0xB9, 0x0E, 0xFF,     0xFF, 0xB9, 0x0E, 0xFF,
    0xFF, 0xB8, 0x0E, 0xFF,     0xFF, 0xB8, 0x0E, 0xFF,     0xFF, 0xB7, 0x0E, 0xFF,     0xFF, 0xB7, 0x0E, 0xFF,
    0xFF, 0xB6, 0x0E, 0xFF,     0xFF, 0xB6, 0x0D, 0xFF,     0xFF, 0xB6, 0x0D, 0xFF,     0xFF, 0xB5, 0x0D, 0xFF,
    0xFF, 0xB5, 0x0D, 0xFF,     0xFF, 0xB4, 0x0D, 0xFF,     0xFF, 0xB4, 0x0D, 0xFF,     0xFF, 0xB3, 0x0D, 0xFF,
    0xFF, 0xB3, 0x0C, 0xFF,     0xFF, 0xB2, 0x0C, 0xFF,     0xFF, 0xB2, 0x0C, 0xFF,     0xFF, 0xB1, 0x0C, 0xFF,
    0xFF, 0xB1, 0x0C, 0xFF,     0xFF, 0xB1, 0x0C, 0xFF,     0xFF, 0xB0, 0x0C, 0xFF,     0xFF, 0xB0, 0x0B, 0xFF,
    0xFF, 0xAF, 0x0B, 0xFF,     0xFF, 0xAF, 0x0B, 0xFF,     0xFF, 0xAE, 0x0B, 0xFF,     0xFF, 0xAE, 0x0B, 0xFF,
    0xFF, 0xAD, 0x0B, 0xFF,     0xFF, 0xAD, 0x0A, 0xFF,     0xFF, 0xAC, 0x0A, 0xFF,     0xFF, 0xAC, 0x0A, 0xFF,
    0xFF, 0xAC, 0x0A, 0xFF,     0xFF, 0xAB, 0x0A, 0xFF,     0xFF, 0xAB, 0x0A, 0xFF,     0xFF, 0xAA, 0x0A, 0xFF,
    0xFF, 0xAA, 0x09, 0xFF,     0xFF, 0xA9, 0x09, 0xFF,     0xFF, 0xA9, 0x09, 0xFF,     0xFF, 0xA8, 0x09, 0xFF,
    0xFF, 0xA8, 0x09, 0xFF,     0xFF, 0xA8, 0x09, 0xFF,     0xFF, 0xA7, 0x09, 0xFF,     0xFF, 0xA7, 0x08, 0xFF,
    0xFF, 0xA6, 0x08, 0xFF,     0xFF, 0xA6, 0x08, 0xFF,     0xFF, 0xA5, 0x08, 0xFF,     0xFF, 0xA5, 0x08, 0xFF,
    0xFF, 0xA4, 0x08, 0xFF,     0xFF, 0xA4, 0x07, 0xFF,     0xFF, 0xA3, 0x07, 0xFF,     0xFF, 0xA3, 0x07, 0xFF,
    0xFF, 0xA3, 0x07, 0xFF,     0xFF, 0xA2, 0x07, 0xFF,     0xFF, 0xA2, 0x07, 0xFF,     0xFF, 0xA1, 0x07, 0xFF,
    0xFF, 0xA1, 0x06, 0xFF,     0xFF, 0xA0, 0x06, 0xFF,     0xFF, 0xA0, 0x06, 0xFF,     0xFF, 0x9F, 0x06, 0xFF,
    0xFF, 0x9F, 0x06, 0xFF,     0xFF, 0x9E, 0x06, 0xFF,     0xFF, 0x9E, 0x06, 0xFF,     0xFF, 0x9E, 0x05, 0xFF,
    0xFF, 0x9D, 0x05, 0xFF,     0xFF, 0x9D, 0x05, 0xFF,     0xFF, 0x9C, 0x05, 0xFF,     0xFF, 0x9C, 0x05, 0xFF,
    0xFF, 0x9B, 0x05, 0xFF,     0xFF, 0x9B, 0x05, 0xFF,     0xFF, 0x9A, 0x04, 0xFF,     0xFF, 0x9A, 0x04, 0xFF,
    0xFF, 0x99, 0x04, 0xFF,     0xFF, 0x99, 0x04, 0xFF,     0xFF, 0x99, 0x04, 0xFF,     0xFF, 0x98, 0x04, 0xFF,
    0xFF, 0x98, 0x03, 0xFF,     0xFF, 0x97, 0x03, 0xFF,     0xFF, 0x97, 0x03, 0xFF,     0xFF, 0x96, 0x03, 0xFF,
    0xFF, 0x96, 0x03, 0xFF,     0xFF, 0x95, 0x03, 0xFF,     0xFF, 0x95, 0x03, 0xFF,     0xFF, 0x94, 0x02, 0xFF,
    0xFF, 0x94, 0x02, 0xFF,     0xFF, 0x94, 0x02, 0xFF,     0xFF, 0x93, 0x02, 0xFF,     0xFF, 0x93, 0x02, 0xFF,
    0xFF, 0x92, 0x02, 0xFF,     0xFF, 0x92, 0x02, 0xFF,     0xFF, 0x91, 0x01, 0xFF,     0xFF, 0x91, 0x01, 0xFF,
    0xFF, 0x90, 0x01, 0xFF,     0xFF, 0x90, 0x01, 0xFF,     0xFF, 0x8F, 0x01, 0xFF,     0xFF, 0x8F, 0x01, 0xFF,
    0xFF, 0x8F, 0x01, 0xFF,     0xFF, 0x8E, 0x00, 0xFF,     0xFF, 0x8E, 0x00, 0xFF,     0xFF, 0x8D, 0x00, 0xFF,
    0xFF, 0xC7, 0x13, 0xFF,     0xFF, 0xC6, 0x13, 0xFF,     0xFF, 0xC6, 0x13, 0xFF,     0xFF, 0xC5, 0x12, 0xFF,
    0xFF, 0xC5, 0x12, 0xFF,     0xFF, 0xC5, 0x12, 0xFF,     0xFF, 0xC4, 0x12, 0xFF,     0xFF, 0xC4, 0x12, 0xFF,
    0xFF, 0xC3, 0x12, 0xFF,     0xFF, 0xC3, 0x12, 0xFF,     0xFF, 0xC2, 0x11, 0xFF,     0xFF, 0xC2, 0x11, 0xFF,
    0xFF, 0xC1, 0x11, 0xFF,     0xFF, 0xC1, 0x11, 0xFF,     0xFF, 0xC0, 0x11, 0xFF,     0xFF, 0xC0, 0x11, 0xFF,
    0xFF, 0xC0, 0x11, 0xFF,     0xFF, 0xBF, 0x10, 0xFF,     0xFF, 0xBF, 0x10, 0xFF,     0xFF, 0xBE, 0x10, 0xFF,
    0xFF, 0xBE, 0x10, 0xFF,     0xFF, 0xBD, 0x10, 0xFF,     0xFF, 0xBD, 0x10, 0xFF,     0xFF, 0xBC, 0x10, 0xFF,
    0xFF, 0xBC, 0x0F, 0xFF,     0xFF, 0xBB, 0x0F, 0xFF,     0xFF, 0xBB, 0x0F, 0xFF,     0xFF, 0xBB, 0x0F, 0xFF,
    0xFF, 0xBA, 0x0F, 0xFF,     0xFF, 0xBA, 0x0F, 0xFF,     0xFF, 0xB9, 0x0E, 0xFF,     0xFF, 0xB9, 0x0E, 0xFF,
    0xFF, 0xB8, 0x0E, 0xFF,     0xFF, 0xB8, 0x0E, 0xFF,     0xFF, 0xB7, 0x0E, 0xFF,     0xFF, 0xB7, 0x0E, 0xFF,
    0xFF, 0xB6, 0x0E, 0xFF,     0xFF, 0xB6, 0x0D, 0xFF,     0xFF, 0xB6, 0x0D, 0xFF,     0xFF, 0xB5, 0x0D, 0xFF,
    0xFF, 0xB5, 0x0D, 0xFF,     0xFF, 0xB4, 0x0D, 0xFF,     0xFF, 0xB4, 0x0D, 0xFF,     0xFF, 0xB3, 0x0D, 0xFF,
    0xFF, 0xB3, 0x0C, 0xFF,     0xFF, 0xB2, 0x0C, 0xFF,     0xFF, 0xB2, 0x0C, 0xFF,     0xFF, 0xB1, 0x0C, 0xFF,
    0xFF, 0xB1, 0x0C, 0xFF,     0xFF, 0xB1, 0x0C, 0xFF,     0xFF, 0xB0, 0x0C, 0xFF,     0xFF, 0xB0, 0x0B, 0xFF,
    0xFF, 0xAF, 0x0B, 0xFF,     0xFF, 0xAF, 0x0B, 0xFF,     0xFF, 0xAE, 0x0B, 0xFF,     0xFF, 0xAE, 0x0B, 0xFF,
    0xFF, 0xAD, 0x0B, 0xFF,     0xFF, 0xAD, 0x0A, 0xFF,     0xFF, 0xAC, 0x0A, 0xFF,     0xFF, 0xAC, 0x0A, 0xFF,
    0xFF, 0xAC, 0x0A, 0xFF,     0xFF, 0xAB, 0x0A, 0xFF,     0xFF, 0xAB, 0x0A, 0xFF,     0xFF, 0xAA, 0x0A, 0xFF,
    0xFF, 0xAA, 0x09, 0xFF,     0xFF, 0xA9, 0x09, 0xFF,     0xFF, 0xA9, 0x09, 0xFF,     0xFF, 0xA8, 0x09, 0xFF,
    0xFF, 0xA8, 0x09, 0xFF,     0xFF, 0xA8, 0x09, 0xFF,     0xFF, 0xA7, 0x09, 0xFF,     0xFF, 0xA7, 0x08, 0xFF,
    0xFF, 0xA6, 0x08, 0xFF,     0xFF, 0xA6, 0x08, 0xFF,     0xFF, 0xA5, 0x08, 0xFF,     0xFF, 0xA5, 0x08, 0xFF,
    0xFF, 0xA4, 0x08, 0xFF,     0xFF, 0xA4, 0x07, 0xFF,     0xFF, 0xA3, 0x07, 0xFF,     0xFF, 0xA3, 0x07, 0xFF,
    0xFF, 0xA3, 0x07, 0xFF,     0xFF, 0xA2, 0x07, 0xFF,     0xFF, 0xA2, 0x07, 0xFF,     0xFF, 0xA1, 0x07, 0xFF,
    0xFF, 0xA1, 0x06, 0xFF,     0xFF, 0xA0, 0x06, 0xFF,     0xFF, 0xA0, 0x06, 0xFF,     0xFF, 0x9F, 0x06, 0xFF,
    0xFF, 0x9F, 0x06, 0xFF,     0xFF, 0x9E, 0x06, 0xFF,     0xFF, 0x9E, 0x06, 0xFF,     0xFF, 0x9E, 0x05, 0xFF,
    0xFF, 0x9D, 0x05, 0xFF,     0xFF, 0x9D, 0x05, 0xFF,     0xFF, 0x9C, 0x05, 0xFF,     0xFF, 0x9C, 0x05, 0xFF,
    0xFF, 0x9B, 0x05, 0xFF,     0xFF, 0x9B, 0x05, 0xFF,     0xFF, 0x9A, 0x04, 0xFF,     0xFF, 0x9A, 0x04, 0xFF,
    0xFF, 0x99, 0x04, 0xFF,     0xFF, 0x99, 0x04, 0xFF,     0xFF, 0x99, 0x04, 0xFF,     0xFF, 0x98, 0x04, 0xFF,
    0xFF, 0x98, 0x03, 0xFF,     0xFF, 0x97, 0x03, 0xFF,     0xFF, 0x97, 0x03, 0xFF,     0xFF, 0x96, 0x03, 0xFF,
    0xFF, 0x96, 0x03, 0xFF,     0xFF, 0x95, 0x03, 0xFF,     0xFF, 0x95, 0x03, 0xFF,     0xFF, 0x94, 0x02, 0xFF,
    0xFF, 0x94, 0x02, 0xFF,     0xFF, 0x94, 0x02, 0xFF,     0xFF, 0x93, 0x02, 0xFF,     0xFF, 0x93, 0x02, 0xFF,
    0xFF, 0x92, 0x02, 0xFF,     0xFF, 0x92, 0x02, 0xFF,     0xFF, 0x91, 0x01, 0xFF,     0xFF, 0x91, 0x01, 0xFF,
    0xFF, 0x90, 0x01, 0xFF,     0xFF, 0x90, 0x01, 0xFF,     0xFF, 0x8F, 0x01, 0xFF,     0xFF, 0x8F, 0x01, 0xFF,
    0xFF, 0x8F, 0x01, 0xFF,     0xFF, 0x8E, 0x00, 0xFF,     0xFF, 0x8E, 0x00, 0xFF,     0xFF, 0x8D, 0x00, 0xFF,
    0xFF, 0xC7, 0x13, 0xFF,     0xFF, 0xC6, 0x13, 0xFF,     0xFF, 0xC6, 0x13, 0xFF,     0xFF, 0xC5, 0x12, 0xFF,
    0xFF, 0xC5, 0x12, 0xFF,     0xFF, 0xC5, 0x12, 0xFF,     0xFF, 0xC4, 0x12, 0xFF,     0xFF, 0xC4, 0x12, 0xFF,
    0xFF, 0xC3, 0x12, 0xFF,     0xFF, 0xC3, 0x12, 0xFF,     0xFF, 0xC2, 0x11, 0xFF,     0xFF, 0xC2, 0x11, 0xFF,
    0xFF, 0xC1, 0x11, 0xFF,     0xFF, 0xC1, 0x11, 0xFF,     0xFF, 0xC0, 0x11, 0xFF,     0xFF, 0xC0, 0x11, 0xFF,
    0xFF, 0xC0, 0x11, 0xFF,     0xFF, 0xBF, 0x10, 0xFF,     0xFF, 0xBF, 0x10, 0xFF,     0xFF, 0xBE, 0x10, 0xFF,
    0xFF, 0xBE, 0x10, 0xFF,     0xFF, 0xBD, 0x10, 0xFF,     0xFF, 0xBD, 0x10, 0xFF,     0xFF, 0xBC, 0x10, 0xFF,
    0xFF, 0xBC, 0x0F, 0xFF,     0xFF, 0xBB, 0x0F, 0xFF,     0xFF, 0xBB, 0x0F, 0xFF,     0xFF, 0xBB, 0x0F, 0xFF,
    0xFF, 0xBA, 0x0F, 0xFF,     0xFF, 0xBA, 0x0F, 0xFF,     0xFF, 0xB9, 0x0E, 0xFF,     0xFF, 0xB9, 0x0E, 0xFF,
    0xFF, 0xB8, 0x0E, 0xFF,     0xFF, 0xB8, 0x0E, 0xFF,     0xFF, 0xB7, 0x0E, 0xFF,     0xFF, 0xB7, 0x0E, 0xFF,
    0xFF, 0xB6, 0x0E, 0xFF,     0xFF, 0xB6, 0x0D, 0xFF,     0xFF, 0xB6, 0x0D, 0xFF,     0xFF, 0xB5, 0x0D, 0xFF,
    0xFF, 0xB5, 0x0D, 0xFF,     0xFF, 0xB4, 0x0D, 0xFF,     0xFF, 0xB4, 0x0D, 0xFF,     0xFF, 0xB3, 0x0D, 0xFF,
    0xFF, 0xB3, 0x0C, 0xFF,     0xFF, 0xB2, 0x0C, 0xFF,     0xFF, 0xB2, 0x0C, 0xFF,     0xFF, 0xB1, 0x0C, 0xFF,
    0xFF, 0xB1, 0x0C, 0xFF,     0xFF, 0xB1, 0x0C, 0xFF,     0xFF, 0xB0, 0x0C, 0xFF,     0xFF, 0xB0, 0x0B, 0xFF,
    0xFF, 0xAF, 0x0B, 0xFF,     0xFF, 0xAF, 0x0B, 0xFF,     0xFF, 0xAE, 0x0B, 0xFF,     0xFF, 0xAE, 0x0B, 0xFF,
    0xFF, 0xAD, 0x0B, 0xFF,     0xFF, 0xAD, 0x0A, 0xFF,     0xFF, 0xAC, 0x0A, 0xFF,     0xFF, 0xAC, 0x0A, 0xFF,
    0xFF, 0xAC, 0x0A, 0xFF,     0xFF, 0xAB, 0x0A, 0xFF,     0xFF, 0xAB, 0x0A, 0xFF,     0xFF, 0xAA, 0x0A, 0xFF,
    0xFF, 0xAA, 0x09, 0xFF,     0xFF, 0xA9, 0x09, 0xFF,     0xFF, 0xA9, 0x09, 0xFF,     0xFF, 0xA8, 0x09, 0xFF,
    0xFF, 0xA8, 0x09, 0xFF,     0xFF, 0xA8, 0x09, 0xFF,     0xFF, 0xA7, 0x09, 0xFF,     0xFF, 0xA7, 0x08, 0xFF,
    0xFF, 0xA6, 0x08, 0xFF,     0xFF, 0xA6, 0x08, 0xFF,     0xFF, 0xA5, 0x08, 0xFF,     0xFF, 0xA5, 0x08, 0xFF,
    0xFF, 0xA4, 0x08, 0xFF,     0xFF, 0xA4, 0x07, 0xFF,     0xFF, 0xA3, 0x07, 0xFF,     0xFF, 0xA3, 0x07, 0xFF,
    0xFF, 0xA3, 0x07, 0xFF,     0xFF, 0xA2, 0x07, 0xFF,     0xFF, 0xA2, 0x07, 0xFF,     0xFF, 0xA1, 0x07, 0xFF,
    0xFF, 0xA1, 0x06, 0xFF,     0xFF, 0xA0, 0x06, 0xFF,     0xFF, 0xA0, 0x06, 0xFF,     0xFF, 0x9F, 0x06, 0xFF,
    0xFF, 0x9F, 0x06, 0xFF,     0xFF, 0x9E, 0x06, 0xFF,     0xFF, 0x9E, 0x06, 0xFF,     0xFF, 0x9E, 0x05, 0xFF,
    0xFF, 0x9D, 0x05, 0xFF,     0xFF, 0x9D, 0x05, 0xFF,     0xFF, 0x9C, 0x05, 0xFF,     0xFF, 0x9C, 0x05, 0xFF,
    0xFF, 0x9B, 0x05, 0xFF,     0xFF, 0x9B, 0x05, 0xFF,     0xFF, 0x9A, 0x04, 0xFF,     0xFF, 0x9A, 0x04, 0xFF,
    0xFF, 0x99, 0x04, 0xFF,     0xFF, 0x99, 0x04, 0xFF,     0xFF, 0x99, 0x04, 0xFF,     0xFF, 0x98, 0x04, 0xFF,
    0xFF, 0x98, 0x03, 0xFF,     0xFF, 0x97, 0x03, 0xFF,     0xFF, 0x97, 0x03, 0xFF,     0xFF, 0x96, 0x03, 0xFF,
    0xFF, 0x96, 0x03, 0xFF,     0xFF, 0x95, 0x03, 0xFF,     0xFF, 0x95, 0x03, 0xFF,     0xFF, 0x94, 0x02, 0xFF,
    0xFF, 0x94, 0x02, 0xFF,     0xFF, 0x94, 0x02, 0xFF,     0xFF, 0x93, 0x02, 0xFF,     0xFF, 0x93, 0x02, 0xFF,
    0xFF, 0x92, 0x02, 0xFF,     0xFF, 0x92, 0x02, 0xFF,     0xFF, 0x91, 0x01, 0xFF,     0xFF, 0x91, 0x01, 0xFF,
    0xFF, 0x90, 0x01, 0xFF,     0xFF, 0x90, 0x01, 0xFF,     0xFF, 0x8F, 0x01, 0xFF,     0xFF, 0x8F, 0x01, 0xFF,
    0xFF, 0x8F, 0x01, 0xFF,     0xFF, 0x8E, 0x00, 0xFF,     0xFF, 0x8E, 0x00, 0xFF,     0xFF, 0x8D, 0x00, 0xFF,
    0xFF, 0xC7, 0x13, 0xFF,     0xFF, 0xC6, 0x13, 0xFF,     0xFF, 0xC6, 0x13, 0xFF,     0xFF, 0xC5, 0x12, 0xFF,
    0xFF, 0xC5, 0x12, 0xFF,     0xFF, 0xC5, 0x12, 0xFF,     0xFF, 0xC4, 0x12, 0xFF,     0xFF, 0xC4, 0x12, 0xFF,
    0xFF, 0xC3, 0x12, 0xFF,     0xFF, 0xC3, 0x12, 0xFF,     0xFF, 0xC2, 0x11, 0xFF,     0xFF, 0xC2, 0x11, 0xFF,
    0xFF, 0xC1, 0x11, 0xFF,     0xFF, 0xC1, 0x11, 0xFF,     0xFF, 0xC0, 0x11, 0xFF,     0xFF, 0xC0, 0x11, 0xFF,
    0xFF, 0xC0, 0x11, 0xFF,     0xFF, 0xBF, 0x10, 0xFF,     0xFF, 0xBF, 0x10, 0xFF,     0xFF, 0xBE, 0x10, 0xFF,
    0xFF, 0xBE, 0x10, 0xFF,     0xFF, 0xBD, 0x10, 0xFF,     0xFF, 0xBD, 0x10, 0xFF,     0xFF, 0xBC, 0x10, 0xFF,
    0xFF, 0xBC, 0x0F, 0xFF,     0xFF, 0xBB, 0x0F, 0xFF,     0xFF, 0xBB, 0x0F, 0xFF,     0xFF, 0xBB, 0x0F, 0xFF,
    0xFF, 0xBA, 0x0F, 0xFF,     0xFF, 0xBA, 0x0F, 0xFF,     0xFF, 0xB9, 0x0E, 0xFF,     0xFF, 0xB9, 0x0E, 0xFF,
    0xFF, 0xB8, 0x0E, 0xFF,     0xFF, 0xB8, 0x0E, 0xFF,     0xFF, 0xB7, 0x0E, 0xFF,     0xFF, 0xB7, 0x0E, 0xFF,
    0xFF, 0xB6, 0x0E, 0xFF,     0xFF, 0xB6, 0x0D, 0xFF,     0xFF, 0xB6, 0x0D, 0xFF,     0xFF, 0xB5, 0x0D, 0xFF,
    0xFF, 0xB5, 0x0D, 0xFF,     0xFF, 0xB4, 0x0D, 0xFF,     0xFF, 0xB4, 0x0D, 0xFF,     0xFF, 0xB3, 0x0D, 0xFF,
    0xFF, 0xB3, 0x0C, 0xFF,     0xFF, 0xB2, 0x0C, 0xFF,     0xFF, 0xB2, 0x0C, 0xFF,     0xFF, 0xB1, 0x0C, 0xFF,
    0xFF, 0xB1, 0x0C, 0xFF,     0xFF, 0xB1, 0x0C, 0xFF,     0xFF, 0xB0, 0x0C, 0xFF,     0xFF, 0xB0, 0x0B, 0xFF,
    0xFF, 0xAF, 0x0B, 0xFF,     0xFF, 0xAF, 0x0B, 0xFF,     0xFF, 0xAE, 0x0B, 0xFF,     0xFF, 0xAE, 0x0B, 0xFF,
    0xFF, 0xAD, 0x0B, 0xFF,     0xFF, 0xAD, 0x0A, 0xFF,     0xFF, 0xAC, 0x0A, 0xFF,     0xFF, 0xAC, 0x0A, 0xFF,
    0xFF, 0xAC, 0x0A, 0xFF,     0xFF, 0xAB, 0x0A, 0xFF,     0xFF, 0xAB, 0x0A, 0xFF,     0xFF, 0xAA, 0x0A, 0xFF,
    0xFF, 0xAA, 0x09, 0xFF,     0xFF, 0xA9, 0x09, 0xFF,     0xFF, 0xA9, 0x09, 0xFF,     0xFF, 0xA8, 0x09, 0xFF,
    0xFF, 0xA8, 0x09, 0xFF,     0xFF, 0xA8, 0x09, 0xFF,     0xFF, 0xA7, 0x09, 0xFF,     0xFF, 0xA7, 0x08, 0xFF,
    0xFF, 0xA6, 0x08, 0xFF,     0xFF, 0xA6, 0x08, 0xFF,     0xFF, 0xA5, 0x08, 0xFF,     0xFF, 0xA5, 0x08, 0xFF,
    0xFF, 0xA4, 0x08, 0xFF,     0xFF, 0xA4, 0x07, 0xFF,     0xFF, 0xA3, 0x07, 0xFF,     0xFF, 0xA3, 0x07, 0xFF,
    0xFF, 0xA3, 0x07, 0xFF,     0xFF, 0xA2, 0x07, 0xFF,     0xFF, 0xA2, 0x07, 0xFF,     0xFF, 0xA1, 0x07, 0xFF,
    0xFF, 0xA1, 0x06, 0xFF,     0xFF, 0xA0, 0x06, 0xFF,     0xFF, 0xA0, 0x06, 0xFF,     0xFF, 0x9F, 0x06, 0xFF,
    0xFF, 0x9F, 0x06, 0xFF,     0xFF, 0x9E, 0x06, 0xFF,     0xFF, 0x9E, 0x06, 0xFF,     0xFF, 0x9E, 0x05, 0xFF,
    0xFF, 0x9D, 0x05, 0xFF,     0xFF, 0x9D, 0x05, 0xFF,     0xFF, 0x9C, 0x05, 0xFF,     0xFF, 0x9C, 0x05, 0xFF,
    0xFF, 0x9B, 0x05, 0xFF,     0xFF, 0x9B, 0x05, 0xFF,     0xFF, 0x9A, 0x04, 0xFF,     0xFF, 0x9A, 0x04, 0xFF,
    0xFF, 0x99, 0x04, 0xFF,     0xFF, 0x99, 0x04, 0xFF,     0xFF, 0x99, 0x04, 0xFF,     0xFF, 0x98, 0x04, 0xFF,
    0xFF, 0x98, 0x03, 0xFF,     0xFF, 0x97, 0x03, 0xFF,     0xFF, 0x97, 0x03, 0xFF,     0xFF, 0x96, 0x03, 0xFF,
    0xFF, 0x96, 0x03, 0xFF,     0xFF, 0x95, 0x03, 0xFF,     0xFF, 0x95, 0x03, 0xFF,     0xFF, 0x94, 0x02, 0xFF,
    0xFF, 0x94, 0x02, 0xFF,     0xFF, 0x94, 0x02, 0xFF,     0xFF, 0x93, 0x02, 0xFF,     0xFF, 0x93, 0x02, 0xFF,
    0xFF, 0x92, 0x02, 0xFF,     0xFF, 0x92, 0x02, 0xFF,     0xFF, 0x91, 0x01, 0xFF,     0xFF, 0x91, 0x01, 0xFF,
    0xFF, 0x90, 0x01, 0xFF,     0xFF, 0x90, 0x01, 0xFF,     0xFF, 0x8F, 0x01, 0xFF,     0xFF, 0x8F, 0x01, 0xFF,
    0xFF, 0x8F, 0x01, 0xFF,     0xFF, 0x8E, 0x00, 0xFF,     0xFF, 0x8E, 0x00, 0xFF,     0xFF, 0x8D, 0x00, 0xFF,
    0xFF, 0xC7, 0x13, 0xFF,     0xFF, 0xC6, 0x13, 0xFF,     0xFF, 0xC6, 0x13, 0xFF,     0xFF, 0xC5, 0x12, 0xFF,
    0xFF, 0xC5, 0x12, 0xFF,     0xFF, 0xC5, 0x12, 0xFF,     0xFF, 0xC4, 0x12, 0xFF,     0xFF, 0xC4, 0x12, 0xFF,
    0xFF, 0xC3, 0x12, 0xFF,     0xFF, 0xC3, 0x12, 0xFF,     0xFF, 0xC2, 0x11, 0xFF,     0xFF, 0xC2, 0x11, 0xFF,
    0xFF, 0xC1, 0x11, 0xFF,     0xFF, 0xC1, 0x11, 0xFF,     0xFF, 0xC0, 0x11, 0xFF,     0xFF, 0xC0, 0x11, 0xFF,
    0xFF, 0xC0, 0x11, 0xFF,     0xFF, 0xBF, 0x10, 0xFF,     0xFF, 0xBF, 0x10, 0xFF,     0xFF, 0xBE, 0x10, 0xFF,
    0xFF, 0xBE, 0x10, 0xFF,     0xFF, 0xBD, 0x10, 0xFF,     0xFF, 0xBD, 0x10, 0xFF,     0xFF, 0xBC, 0x10, 0xFF,
    0xFF, 0xBC, 0x0F, 0xFF,     0xFF, 0xBB, 0x0F, 0xFF,     0xFF, 0xBB, 0x0F, 0xFF,     0xFF, 0xBB, 0x0F, 0xFF,
    0xFF, 0xBA, 0x0F, 0xFF,     0xFF, 0xBA, 0x0F, 0xFF,     0xFF, 0xB9, 0x0E, 0xFF,     0xFF, 0xB9, 0x0E, 0xFF,
    0xFF, 0xB8, 0x0E, 0xFF,     0xFF, 0xB8, 0x0E, 0xFF,     0xFF, 0xB7, 0x0E, 0xFF,     0xFF, 0xB7, 0x0E, 0xFF,
    0xFF, 0xB6, 0x0E, 0xFF,     0xFF, 0xB6, 0x0D, 0xFF,     0xFF, 0xB6, 0x0D, 0xFF,     0xFF, 0xB5, 0x0D, 0xFF,
    0xFF, 0xB5, 0x0D, 0xFF,     0xFF, 0xB4, 0x0D, 0xFF,     0xFF, 0xB4, 0x0D, 0xFF,     0xFF, 0xB3, 0x0D, 0xFF,
    0xFF, 0xB3, 0x0C, 0xFF,     0xFF, 0xB2, 0x0C, 0xFF,     0xFF, 0xB2, 0x0C, 0xFF,     0xFF, 0xB1, 0x0C, 0xFF,
    0xFF, 0xB1, 0x0C, 0xFF,     0xFF, 0xB1, 0x0C, 0xFF,     0xFF, 0xB0, 0x0C, 0xFF,     0xFF, 0xB0, 0x0B, 0xFF,
    0xFF, 0xAF, 0x0B, 0xFF,     0xFF, 0xAF, 0x0B, 0xFF,     0xFF, 0xAE, 0x0B, 0xFF,     0xFF, 0xAE, 0x0B, 0xFF,
    0xFF, 0xAD, 0x0B, 0xFF,     0xFF, 0xAD, 0x0A, 0xFF,     0xFF, 0xAC, 0x0A, 0xFF,     0xFF, 0xAC, 0x0A, 0xFF,
    0xFF, 0xAC, 0x0A, 0xFF,     0xFF, 0xAB, 0x0A, 0xFF,     0xFF, 0xAB, 0x0A, 0xFF,     0xFF, 0xAA, 0x0A, 0xFF,
    0xFF, 0xAA, 0x09, 0xFF,     0xFF, 0xA9, 0x09, 0xFF,     0xFF, 0xA9, 0x09, 0xFF,     0xFF, 0xA8, 0x09, 0xFF,
    0xFF, 0xA8, 0x09, 0xFF,     0xFF, 0xA8, 0x09, 0xFF,     0xFF, 0xA7, 0x09, 0xFF,     0xFF, 0xA7, 0x08, 0xFF,
    0xFF, 0xA6, 0x08, 0xFF,     0xFF, 0xA6, 0x08, 0xFF,     0xFF, 0xA5, 0x08, 0xFF,     0xFF, 0xA5, 0x08, 0xFF,
    0xFF, 0xA4, 0x08, 0xFF,     0xFF, 0xA4, 0x07, 0xFF,     0xFF, 0xA3, 0x07, 0xFF,     0xFF, 0xA3, 0x07, 0xFF,
    0xFF, 0xA3, 0x07, 0xFF,     0xFF, 0xA2, 0x07, 0xFF,     0xFF, 0xA2, 0x07, 0xFF,     0xFF, 0xA1, 0x07, 0xFF,
    0xFF, 0xA1, 0x06, 0xFF,     0xFF, 0xA0, 0x06, 0xFF,     0xFF, 0xA0, 0x06, 0xFF,     0xFF, 0x9F, 0x06, 0xFF,
    0xFF, 0x9F, 0x06, 0xFF,     0xFF, 0x9E, 0x06, 0xFF,     0xFF, 0x9E, 0x06, 0xFF,     0xFF, 0x9E, 0x05, 0xFF,
    0xFF, 0x9D, 0x05, 0xFF,     0xFF, 0x9D, 0x05, 0xFF,     0xFF, 0x9C, 0x05, 0xFF,     0xFF, 0x9C, 0x05, 0xFF,
    0xFF, 0x9B, 0x05, 0xFF,     0xFF, 0x9B, 0x05, 0xFF,     0xFF, 0x9A, 0x04, 0xFF,     0xFF, 0x9A, 0x04, 0xFF,
    0xFF, 0x99, 0x04, 0xFF,     0xFF, 0x99, 0x04, 0xFF,     0xFF, 0x99, 0x04, 0xFF,     0xFF, 0x98, 0x04, 0xFF,
    0xFF, 0x98, 0x03, 0xFF,     0xFF, 0x97, 0x03, 0xFF,     0xFF, 0x97, 0x03, 0xFF,     0xFF, 0x96, 0x03, 0xFF,
    0xFF, 0x96, 0x03, 0xFF,     0xFF, 0x95, 0x03, 0xFF,     0xFF, 0x95, 0x03, 0xFF,     0xFF, 0x94, 0x02, 0xFF,
    0xFF, 0x94, 0x02, 0xFF,     0xFF, 0x94, 0x02, 0xFF,     0xFF, 0x93, 0x02, 0xFF,     0xFF, 0x93, 0x02, 0xFF,
    0xFF, 0x92, 0x02, 0xFF,     0xFF, 0x92, 0x02, 0xFF,     0xFF, 0x91, 0x01, 0xFF,     0xFF, 0x91, 0x01, 0xFF,
    0xFF, 0x90, 0x01, 0xFF,     0xFF, 0x90, 0x01, 0xFF,     0xFF, 0x8F, 0x01, 0xFF,     0xFF, 0x8F, 0x01, 0xFF,
    0xFF, 0x8F, 0x01, 0xFF,     0xFF, 0x8E, 0x00, 0xFF,     0xFF, 0x8E, 0x00, 0xFF,     0xFF, 0x8D, 0x00, 0xFF,
    0xFF, 0xC7, 0x13, 0xFF,     0xFF, 0xC6, 0x13, 0xFF,     0xFF, 0xC6, 0x13, 0xFF,     0xFF, 0xC5, 0x12, 0xFF,
    0xFF, 0xC5, 0x12, 0xFF,     0xFF, 0xC5, 0x12, 0xFF,     0xFF, 0xC4, 0x12, 0xFF,     0xFF, 0xC4, 0x12, 0xFF,
    0xFF, 0xC3, 0x12, 0xFF,     0xFF, 0xC3, 0x12, 0xFF,     0xFF, 0xC2, 0x11, 0xFF,     0xFF, 0xC2, 0x11, 0xFF,
    0xFF, 0xC1, 0x11, 0xFF,     0xFF, 0xC1, 0x11, 0xFF,     0xFF, 0xC0, 0x11, 0xFF,     0xFF, 0xC0, 0x11, 0xFF,
    0xFF, 0xC0, 0x11, 0xFF,     0xFF, 0xBF, 0x10, 0xFF,     0xFF, 0xBF, 0x10, 0xFF,     0xFF, 0xBE, 0x10, 0xFF,
    0xFF, 0xBE, 0x10, 0xFF,     0xFF, 0xBD, 0x10, 0xFF,     0xFF, 0xBD, 0x10, 0xFF,     0xFF, 0xBC, 0x10, 0xFF,
    0xFF, 0xBC, 0x0F, 0xFF,     0xFF, 0xBB, 0x0F, 0xFF,     0xFF, 0xBB, 0x0F, 0xFF,     0xFF, 0xBB, 0x0F, 0xFF,
    0xFF, 0xBA, 0x0F, 0xFF,     0xFF, 0xBA, 0x0F, 0xFF,     0xFF, 0xB9, 0x0E, 0xFF,     0xFF, 0xB9, 0x0E, 0xFF,
    0xFF, 0xB8, 0x0E, 0xFF,     0xFF, 0xB8, 0x0E, 0xFF,     0xFF, 0xB7, 0x0E, 0xFF,     0xFF, 0xB7, 0x0E, 0xFF,
    0xFF, 0xB6, 0x0E, 0xFF,     0xFF, 0xB6, 0x0D, 0xFF,     0xFF, 0xB6, 0x0D, 0xFF,     0xFF, 0xB5, 0x0D, 0xFF,
    0xFF, 0xB5, 0x0D, 0xFF,     0xFF, 0xB4, 0x0D, 0xFF,     0xFF, 0xB4, 0x0D, 0xFF,     0xFF, 0xB3, 0x0D, 0xFF,
    0xFF, 0xB3, 0x0C, 0xFF,     0xFF, 0xB2, 0x0C, 0xFF,     0xFF, 0xB2, 0x0C, 0xFF,     0xFF, 0xB1, 0x0C, 0xFF,
    0xFF, 0xB1, 0x0C, 0xFF,     0xFF, 0xB1, 0x0C, 0xFF,     0xFF, 0xB0, 0x0C, 0xFF,     0xFF, 0xB0, 0x0B, 0xFF,
    0xFF, 0xAF, 0x0B, 0xFF,     0xFF, 0xAF, 0x0B, 0xFF,     0xFF, 0xAE, 0x0B, 0xFF,     0xFF, 0xAE, 0x0B, 0xFF,
    0xFF, 0xAD, 0x0B, 0xFF,     0xFF, 0xAD, 0x0A, 0xFF,     0xFF, 0xAC, 0x0A, 0xFF,     0xFF, 0xAC, 0x0A, 0xFF,
    0xFF, 0xAC, 0x0A, 0xFF,     0xFF, 0xAB, 0x0A, 0xFF,     0xFF, 0xAB, 0x0A, 0xFF,     0xFF, 0xAA, 0x0A, 0xFF,
    0xFF, 0xAA, 0x09, 0xFF,     0xFF, 0xA9, 0x09, 0xFF,     0xFF, 0xA9, 0x09, 0xFF,     0xFF, 0xA8, 0x09, 0xFF,
    0xFF, 0xA8, 0x09, 0xFF,     0xFF, 0xA8, 0x09, 0xFF,     0xFF, 0xA7, 0x09, 0xFF,     0xFF, 0xA7, 0x08, 0xFF,
    0xFF, 0xA6, 0x08, 0xFF,     0xFF, 0xA6, 0x08, 0xFF,     0xFF, 0xA5, 0x08, 0xFF,     0xFF, 0xA5, 0x08, 0xFF,
    0xFF, 0xA4, 0x08, 0xFF,     0xFF, 0xA4, 0x07, 0xFF,     0xFF, 0xA3, 0x07, 0xFF,     0xFF, 0xA3, 0x07, 0xFF,
    0xFF, 0xA3, 0x07, 0xFF,     0xFF, 0xA2, 0x07, 0xFF,     0xFF, 0xA2, 0x07, 0xFF,     0xFF, 0xA1, 0x07, 0xFF,
    0xFF, 0xA1, 0x06, 0xFF,     0xFF, 0xA0, 0x06, 0xFF,     0xFF, 0xA0, 0x06, 0xFF,     0xFF, 0x9F, 0x06, 0xFF,
    0xFF, 0x9F, 0x06, 0xFF,     0xFF, 0x9E, 0x06, 0xFF,     0xFF, 0x9E, 0x06, 0xFF,     0xFF, 0x9E, 0x05, 0xFF,
    0xFF, 0x9D, 0x05, 0xFF,     0xFF, 0x9D, 0x05, 0xFF,     0xFF, 0x9C, 0x05, 0xFF,     0xFF, 0x9C, 0x05, 0xFF,
    0xFF, 0x9B, 0x05, 0xFF,     0xFF, 0x9B, 0x05, 0xFF,     0xFF, 0x9A, 0x04, 0xFF,     0xFF, 0x9A, 0x04, 0xFF,
    0xFF, 0x99, 0x04, 0xFF,     0xFF, 0x99, 0x04, 0xFF,     0xFF, 0x99, 0x04, 0xFF,     0xFF, 0x98, 0x04, 0xFF,
    0xFF, 0x98, 0x03, 0xFF,     0xFF, 0x97, 0x03, 0xFF,     0xFF, 0x97, 0x03, 0xFF,     0xFF, 0x96, 0x03, 0xFF,
    0xFF, 0x96, 0x03, 0xFF,     0xFF, 0x95, 0x03, 0xFF,     0xFF, 0x95, 0x03, 0xFF,     0xFF, 0x94, 0x02, 0xFF,
    0xFF, 0x94, 0x02, 0xFF,     0xFF, 0x94, 0x02, 0xFF,     0xFF, 0x93, 0x02, 0xFF,     0xFF, 0x93, 0x02, 0xFF,
    0xFF, 0x92, 0x02, 0xFF,     0xFF, 0x92, 0x02, 0xFF,     0xFF, 0x91, 0x01, 0xFF,     0xFF, 0x91, 0x01, 0xFF,
    0xFF, 0x90, 0x01, 0xFF,     0xFF, 0x90, 0x01, 0xFF,     0xFF, 0x8F, 0x01, 0xFF,     0xFF, 0x8F, 0x01, 0xFF,
    0xFF, 0x8F, 0x01, 0xFF,     0xFF, 0x8E, 0x00, 0xFF,     0xFF, 0x8E, 0x00, 0xFF,     0xFF, 0x8D, 0x00, 0xFF,
    0xFF, 0xC8, 0x13, 0xEF,     0xFF, 0xC6, 0x13, 0xFF,     0xFF, 0xC6, 0x13, 0xFF,     0xFF, 0xC5, 0x12, 0xFF,
    0xFF, 0xC5, 0x12, 0xFF,     0xFF, 0xC5, 0x12, 0xFF,     0xFF, 0xC4, 0x12, 0xFF,     0xFF, 0xC4, 0x12, 0xFF,
    0xFF, 0xC3, 0x12, 0xFF,     0xFF, 0xC3, 0x12, 0xFF,     0xFF, 0xC2, 0x11, 0xFF,     0xFF, 0xC2, 0x11, 0xFF,
    0xFF, 0xC1, 0x11, 0xFF,     0xFF, 0xC1, 0x11, 0xFF,     0xFF, 0xC0, 0x11, 0xFF,     0xFF, 0xC0, 0x11, 0xFF,
    0xFF, 0xC0, 0x11, 0xFF,     0xFF, 0xBF, 0x10, 0xFF,     0xFF, 0xBF, 0x10, 0xFF,     0xFF, 0xBE, 0x10, 0xFF,
    0xFF, 0xBE, 0x10, 0xFF,     0xFF, 0xBD, 0x10, 0xFF,     0xFF, 0xBD, 0x10, 0xFF,     0xFF, 0xBC, 0x10, 0xFF,
    0xFF, 0xBC, 0x0F, 0xFF,     0xFF, 0xBB, 0x0F, 0xFF,     0xFF, 0xBB, 0x0F, 0xFF,     0xFF, 0xBB, 0x0F, 0xFF,
    0xFF, 0xBA, 0x0F, 0xFF,     0xFF, 0xBA, 0x0F, 0xFF,     0xFF, 0xB9, 0x0E, 0xFF,     0xFF, 0xB9, 0x0E, 0xFF,
    0xFF, 0xB8, 0x0E, 0xFF,     0xFF, 0xB8, 0x0E, 0xFF,     0xFF, 0xB7, 0x0E, 0xFF,     0xFF, 0xB7, 0x0E, 0xFF,
    0xFF, 0xB6, 0x0E, 0xFF,     0xFF, 0xB6, 0x0D, 0xFF,     0xFF, 0xB6, 0x0D, 0xFF,     0xFF, 0xB5, 0x0D, 0xFF,
    0xFF, 0xB5, 0x0D, 0xFF,     0xFF, 0xB4, 0x0D, 0xFF,     0xFF, 0xB4, 0x0D, 0xFF,     0xFF, 0xB3, 0x0D, 0xFF,
    0xFF, 0xB3, 0x0C, 0xFF,     0xFF, 0xB2, 0x0C, 0xFF,     0xFF, 0xB2, 0x0C, 0xFF,     0xFF, 0xB1, 0x0C, 0xFF,
    0xFF, 0xB1, 0x0C, 0xFF,     0xFF, 0xB1, 0x0C, 0xFF,     0xFF, 0xB0, 0x0C, 0xFF,     0xFF, 0xB0, 0x0B, 0xFF,
    0xFF, 0xAF, 0x0B, 0xFF,     0xFF, 0xAF, 0x0B, 0xFF,     0xFF, 0xAE, 0x0B, 0xFF,     0xFF, 0xAE, 0x0B, 0xFF,
    0xFF, 0xAD, 0x0B, 0xFF,     0xFF, 0xAD, 0x0A, 0xFF,     0xFF, 0xAC, 0x0A, 0xFF,     0xFF, 0xAC, 0x0A, 0xFF,
    0xFF, 0xAC, 0x0A, 0xFF,     0xFF, 0xAB, 0x0A, 0xFF,     0xFF, 0xAB, 0x0A, 0xFF,     0xFF, 0xAA, 0x0A, 0xFF,
    0xFF, 0xAA, 0x09, 0xFF,     0xFF, 0xA9, 0x09, 0xFF,     0xFF, 0xA9, 0x09, 0xFF,     0xFF, 0xA8, 0x09, 0xFF,
    0xFF, 0xA8, 0x09, 0xFF,     0xFF, 0xA8, 0x09, 0xFF,     0xFF, 0xA7, 0x09, 0xFF,     0xFF, 0xA7, 0x08, 0xFF,
    0xFF, 0xA6, 0x08, 0xFF,     0xFF, 0xA6, 0x08, 0xFF,     0xFF, 0xA5, 0x08, 0xFF,     0xFF, 0xA5, 0x08, 0xFF,
    0xFF, 0xA4, 0x08, 0xFF,     0xFF, 0xA4, 0x07, 0xFF,     0xFF, 0xA3, 0x07, 0xFF,     0xFF, 0xA3, 0x07, 0xFF,
    0xFF, 0xA3, 0x07, 0xFF,     0xFF, 0xA2, 0x07, 0xFF,     0xFF, 0xA2, 0x07, 0xFF,     0xFF, 0xA1, 0x07, 0xFF,
    0xFF, 0xA1, 0x06, 0xFF,     0xFF, 0xA0, 0x06, 0xFF,     0xFF, 0xA0, 0x06, 0xFF,     0xFF, 0x9F, 0x06, 0xFF,
    0xFF, 0x9F, 0x06, 0xFF,     0xFF, 0x9E, 0x06, 0xFF,     0xFF, 0x9E, 0x06, 0xFF,     0xFF, 0x9E, 0x05, 0xFF,
    0xFF, 0x9D, 0x05, 0xFF,     0xFF, 0x9D, 0x05, 0xFF,     0xFF, 0x9C, 0x05, 0xFF,     0xFF, 0x9C, 0x05, 0xFF,
    0xFF, 0x9B, 0x05, 0xFF,     0xFF, 0x9B, 0x05, 0xFF,     0xFF, 0x9A, 0x04, 0xFF,     0xFF, 0x9A, 0x04, 0xFF,
    0xFF, 0x99, 0x04, 0xFF,     0xFF, 0x99, 0x04, 0xFF,     0xFF, 0x99, 0x04, 0xFF,     0xFF, 0x98, 0x04, 0xFF,
    0xFF, 0x98, 0x03, 0xFF,     0xFF, 0x97, 0x03, 0xFF,     0xFF, 0x97, 0x03, 0xFF,     0xFF, 0x96, 0x03, 0xFF,
    0xFF, 0x96, 0x03, 0xFF,     0xFF, 0x95, 0x03, 0xFF,     0xFF, 0x95, 0x03, 0xFF,     0xFF, 0x94, 0x02, 0xFF,
    0xFF, 0x94, 0x02, 0xFF,     0xFF, 0x94, 0x02, 0xFF,     0xFF, 0x93, 0x02, 0xFF,     0xFF, 0x93, 0x02, 0xFF,
    0xFF, 0x92, 0x02, 0xFF,     0xFF, 0x92, 0x02, 0xFF,     0xFF, 0x91, 0x01, 0xFF,     0xFF, 0x91, 0x01, 0xFF,
    0xFF, 0x90, 0x01, 0xFF,     0xFF, 0x90, 0x01, 0xFF,     0xFF, 0x8F, 0x01, 0xFF,     0xFF, 0x8F, 0x01, 0xFF,
    0xFF, 0x8F, 0x01, 0xFF,     0xFF, 0x8E, 0x00, 0xFF,     0xFF, 0x8E, 0x00, 0xFF,     0xFF, 0x8D, 0x00, 0xEE,
    0xFF, 0xC7, 0x13, 0xBE,     0xFF, 0xC6, 0x13, 0xFF,     0xFF, 0xC6, 0x13, 0xFF,     0xFF, 0xC5, 0x12, 0xFF,
    0xFF, 0xC5, 0x12, 0xFF,     0xFF, 0xC5, 0x12, 0xFF,     0xFF, 0xC4, 0x12, 0xFF,     0xFF, 0xC4, 0x12, 0xFF,
    0xFF, 0xC3, 0x12, 0xFF,     0xFF, 0xC3, 0x12, 0xFF,     0xFF, 0xC2, 0x11, 0xFF,     0xFF, 0xC2, 0x11, 0xFF,
    0xFF, 0xC1, 0x11, 0xFF,     0xFF, 0xC1, 0x11, 0xFF,     0xFF, 0xC0, 0x11, 0xFF,     0xFF, 0xC0, 0x11, 0xFF,
    0xFF, 0xC0, 0x11, 0xFF,     0xFF, 0xBF, 0x10, 0xFF,     0xFF, 0xBF, 0x10, 0xFF,     0xFF, 0xBE, 0x10, 0xFF,
    0xFF, 0xBE, 0x10, 0xFF,     0xFF, 0xBD, 0x10, 0xFF,     0xFF, 0xBD, 0x10, 0xFF,     0xFF, 0xBC, 0x10, 0xFF,
    0xFF, 0xBC, 0x0F, 0xFF,     0xFF, 0xBB, 0x0F, 0xFF,     0xFF, 0xBB, 0x0F, 0xFF,     0xFF, 0xBB, 0x0F, 0xFF,
    0xFF, 0xBA, 0x0F, 0xFF,     0xFF, 0xBA, 0x0F, 0xFF,     0xFF, 0xB9, 0x0E, 0xFF,     0xFF, 0xB9, 0x0E, 0xFF,
    0xFF, 0xB8, 0x0E, 0xFF,     0xFF, 0xB8, 0x0E, 0xFF,     0xFF, 0xB7, 0x0E, 0xFF,     0xFF, 0xB7, 0x0E, 0xFF,
    0xFF, 0xB6, 0x0E, 0xFF,     0xFF, 0xB6, 0x0D, 0xFF,     0xFF, 0xB6, 0x0D, 0xFF,     0xFF, 0xB5, 0x0D, 0xFF,
    0xFF, 0xB5, 0x0D, 0xFF,     0xFF, 0xB4, 0x0D, 0xFF,     0xFF, 0xB4, 0x0D, 0xFF,     0xFF, 0xB3, 0x0D, 0xFF,
    0xFF, 0xB3, 0x0C, 0xFF,     0xFF, 0xB2, 0x0C, 0xFF,     0xFF, 0xB2, 0x0C, 0xFF,     0xFF, 0xB1, 0x0C, 0xFF,
    0xFF, 0xB1, 0x0C, 0xFF,     0xFF, 0xB1, 0x0C, 0xFF,     0xFF, 0xB0, 0x0C, 0xFF,     0xFF, 0xB0, 0x0B, 0xFF,
    0xFF, 0xAF, 0x0B, 0xFF,     0xFF, 0xAF, 0x0B, 0xFF,     0xFF, 0xAE, 0x0B, 0xFF,     0xFF, 0xAE, 0x0B, 0xFF,
    0xFF, 0xAD, 0x0B, 0xFF,     0xFF, 0xAD, 0x0A, 0xFF,     0xFF, 0xAC, 0x0A, 0xFF,     0xFF, 0xAC, 0x0A, 0xFF,
    0xFF, 0xAC, 0x0A, 0xFF,     0xFF, 0xAB, 0x0A, 0xFF,     0xFF, 0xAB, 0x0A, 0xFF,     0xFF, 0xAA, 0x0A, 0xFF,
    0xFF, 0xAA, 0x09, 0xFF,     0xFF, 0xA9, 0x09, 0xFF,     0xFF, 0xA9, 0x09, 0xFF,     0xFF, 0xA8, 0x09, 0xFF,
    0xFF, 0xA8, 0x09, 0xFF,     0xFF, 0xA8, 0x09, 0xFF,     0xFF, 0xA7, 0x09, 0xFF,     0xFF, 0xA7, 0x08, 0xFF,
    0xFF, 0xA6, 0x08, 0xFF,     0xFF, 0xA6, 0x08, 0xFF,     0xFF, 0xA5, 0x08, 0xFF,     0xFF, 0xA5, 0x08, 0xFF,
    0xFF, 0xA4, 0x08, 0xFF,     0xFF, 0xA4, 0x07, 0xFF,     0xFF, 0xA3, 0x07, 0xFF,     0xFF, 0xA3, 0x07, 0xFF,
    0xFF, 0xA3, 0x07, 0xFF,     0xFF, 0xA2, 0x07, 0xFF,     0xFF, 0xA2, 0x07, 0xFF,     0xFF, 0xA1, 0x07, 0xFF,
    0xFF, 0xA1, 0x06, 0xFF,     0xFF, 0xA0, 0x06, 0xFF,     0xFF, 0xA0, 0x06, 0xFF,     0xFF, 0x9F, 0x06, 0xFF,
    0xFF, 0x9F, 0x06, 0xFF,     0xFF, 0x9E, 0x06, 0xFF,     0xFF, 0x9E, 0x06, 0xFF,     0xFF, 0x9E, 0x05, 0xFF,
    0xFF, 0x9D, 0x05, 0xFF,     0xFF, 0x9D, 0x05, 0xFF,     0xFF, 0x9C, 0x05, 0xFF,     0xFF, 0x9C, 0x05, 0xFF,
    0xFF, 0x9B, 0x05, 0xFF,     0xFF, 0x9B, 0x05, 0xFF,     0xFF, 0x9A, 0x04, 0xFF,     0xFF, 0x9A, 0x04, 0xFF,
    0xFF, 0x99, 0x04, 0xFF,     0xFF, 0x99, 0x04, 0xFF,     0xFF, 0x99, 0x04, 0xFF,     0xFF, 0x98, 0x04, 0xFF,
    0xFF, 0x98, 0x03, 0xFF,     0xFF, 0x97, 0x03, 0xFF,     0xFF, 0x97, 0x03, 0xFF,     0xFF, 0x96, 0x03, 0xFF,
    0xFF, 0x96, 0x03, 0xFF,     0xFF, 0x95, 0x03, 0xFF,     0xFF, 0x95, 0x03, 0xFF,     0xFF, 0x94, 0x02, 0xFF,
    0xFF, 0x94, 0x02, 0xFF,     0xFF, 0x94, 0x02, 0xFF,     0xFF, 0x93, 0x02, 0xFF,     0xFF, 0x93, 0x02, 0xFF,
    0xFF, 0x92, 0x02, 0xFF,     0xFF, 0x92, 0x02, 0xFF,     0xFF, 0x91, 0x01, 0xFF,     0xFF, 0x91, 0x01, 0xFF,
    0xFF, 0x90, 0x01, 0xFF,     0xFF, 0x90, 0x01, 0xFF,     0xFF, 0x8F, 0x01, 0xFF,     0xFF, 0x8F, 0x01, 0xFF,
    0xFF, 0x8F, 0x01, 0xFF,     0xFF, 0x8E, 0x00, 0xFF,     0xFF, 0x8E, 0x00, 0xFF,     0xFF, 0x8E, 0x00, 0xBF,
    0xFF, 0xC6, 0x13, 0x5E,     0xFF, 0xC6, 0x13, 0xFF,     0xFF, 0xC6, 0x13, 0xFF,     0xFF, 0xC5, 0x12, 0xFF,
    0xFF, 0xC5, 0x12, 0xFF,     0xFF, 0xC5, 0x12, 0xFF,     0xFF, 0xC4, 0x12, 0xFF,     0xFF, 0xC4, 0x12, 0xFF,
    0xFF, 0xC3, 0x12, 0xFF,     0xFF, 0xC3, 0x12, 0xFF,     0xFF, 0xC2, 0x11, 0xFF,     0xFF, 0xC2, 0x11, 0xFF,
    0xFF, 0xC1, 0x11, 0xFF,     0xFF, 0xC1, 0x11, 0xFF,     0xFF, 0xC0, 0x11, 0xFF,     0xFF, 0xC0, 0x11, 0xFF,
    0xFF, 0xC0, 0x11, 0xFF,     0xFF, 0xBF, 0x10, 0xFF,     0xFF, 0xBF, 0x10, 0xFF,     0xFF, 0xBE, 0x10, 0xFF,
    0xFF, 0xBE, 0x10, 0xFF,     0xFF, 0xBD, 0x10, 0xFF,     0xFF, 0xBD, 0x10, 0xFF,     0xFF, 0xBC, 0x10, 0xFF,
    0xFF, 0xBC, 0x0F, 0xFF,     0xFF, 0xBB, 0x0F, 0xFF,     0xFF, 0xBB, 0x0F, 0xFF,     0xFF, 0xBB, 0x0F, 0xFF,
    0xFF, 0xBA, 0x0F, 0xFF,     0xFF, 0xBA, 0x0F, 0xFF,     0xFF, 0xB9, 0x0E, 0xFF,     0xFF, 0xB9, 0x0E, 0xFF,
    0xFF, 0xB8, 0x0E, 0xFF,     0xFF, 0xB8, 0x0E, 0xFF,     0xFF, 0xB7, 0x0E, 0xFF,     0xFF, 0xB7, 0x0E, 0xFF,
    0xFF, 0xB6, 0x0E, 0xFF,     0xFF, 0xB6, 0x0D, 0xFF,     0xFF, 0xB6, 0x0D, 0xFF,     0xFF, 0xB5, 0x0D, 0xFF,
    0xFF, 0xB5, 0x0D, 0xFF,     0xFF, 0xB4, 0x0D, 0xFF,     0xFF, 0xB4, 0x0D, 0xFF,     0xFF, 0xB3, 0x0D, 0xFF,
    0xFF, 0xB3, 0x0C, 0xFF,     0xFF, 0xB2, 0x0C, 0xFF,     0xFF, 0xB2, 0x0C, 0xFF,     0xFF, 0xB1, 0x0C, 0xFF,
    0xFF, 0xB1, 0x0C, 0xFF,     0xFF, 0xB1, 0x0C, 0xFF,     0xFF, 0xB0, 0x0C, 0xFF,     0xFF, 0xB0, 0x0B, 0xFF,
    0xFF, 0xAF, 0x0B, 0xFF,     0xFF, 0xAF, 0x0B, 0xFF,     0xFF, 0xAE, 0x0B, 0xFF,     0xFF, 0xAE, 0x0B, 0xFF,
    0xFF, 0xAD, 0x0B, 0xFF,     0xFF, 0xAD, 0x0A, 0xFF,     0xFF, 0xAC, 0x0A, 0xFF,     0xFF, 0xAC, 0x0A, 0xFF,
    0xFF, 0xAC, 0x0A, 0xFF,     0xFF, 0xAB, 0x0A, 0xFF,     0xFF, 0xAB, 0x0A, 0xFF,     0xFF, 0xAA, 0x0A, 0xFF,
    0xFF, 0xAA, 0x09, 0xFF,     0xFF, 0xA9, 0x09, 0xFF,     0xFF, 0xA9, 0x09, 0xFF,     0xFF, 0xA8, 0x09, 0xFF,
    0xFF, 0xA8, 0x09, 0xFF,     0xFF, 0xA8, 0x09, 0xFF,     0xFF, 0xA7, 0x09, 0xFF,     0xFF, 0xA7, 0x08, 0xFF,
    0xFF, 0xA6, 0x08, 0xFF,     0xFF, 0xA6, 0x08, 0xFF,     0xFF, 0xA5, 0x08, 0xFF,     0xFF, 0xA5, 0x08, 0xFF,
    0xFF, 0xA4, 0x08, 0xFF,     0xFF, 0xA4, 0x07, 0xFF,     0xFF, 0xA3, 0x07, 0xFF,     0xFF, 0xA3, 0x07, 0xFF,
    0xFF, 0xA3, 0x07, 0xFF,     0xFF, 0xA2, 0x07, 0xFF,     0xFF, 0xA2, 0x07, 0xFF,     0xFF, 0xA1, 0x07, 0xFF,
    0xFF, 0xA1, 0x06, 0xFF,     0xFF, 0xA0, 0x06, 0xFF,     0xFF, 0xA0, 0x06, 0xFF,     0xFF, 0x9F, 0x06, 0xFF,
    0xFF, 0x9F, 0x06, 0xFF,     0xFF, 0x9E, 0x06, 0xFF,     0xFF, 0x9E, 0x06, 0xFF,     0xFF, 0x9E, 0x05, 0xFF,
    0xFF, 0x9D, 0x05, 0xFF,     0xFF, 0x9D, 0x05, 0xFF,     0xFF, 0x9C, 0x05, 0xFF,     0xFF, 0x9C, 0x05, 0xFF,
    0xFF, 0x9B, 0x05, 0xFF,     0xFF, 0x9B, 0x05, 0xFF,     0xFF, 0x9A, 0x04, 0xFF,     0xFF, 0x9A, 0x04, 0xFF,
    0xFF, 0x99, 0x04, 0xFF,     0xFF, 0x99, 0x04, 0xFF,     0xFF, 0x99, 0x04, 0xFF,     0xFF, 0x98, 0x04, 0xFF,
    0xFF, 0x98, 0x03, 0xFF,     0xFF, 0x97, 0x03, 0xFF,     0xFF, 0x97, 0x03, 0xFF,     0xFF, 0x96, 0x03, 0xFF,
    0xFF, 0x96, 0x03, 0xFF,     0xFF, 0x95, 0x03, 0xFF,     0xFF, 0x95, 0x03, 0xFF,     0xFF, 0x94, 0x02, 0xFF,
    0xFF, 0x94, 0x02, 0xFF,     0xFF, 0x94, 0x02, 0xFF,     0xFF, 0x93, 0x02, 0xFF,     0xFF, 0x93, 0x02, 0xFF,
    0xFF, 0x92, 0x02, 0xFF,     0xFF, 0x92, 0x02, 0xFF,     0xFF, 0x91, 0x01, 0xFF,     0xFF, 0x91, 0x01, 0xFF,
    0xFF, 0x90, 0x01, 0xFF,     0xFF, 0x90, 0x01, 0xFF,     0xFF, 0x8F, 0x01, 0xFF,     0xFF, 0x8F, 0x01, 0xFF,
    0xFF, 0x8F, 0x01, 0xFF,     0xFF, 0x8E, 0x00, 0xFF,     0xFF, 0x8E, 0x00, 0xFF,     0xFF, 0x8E, 0x00, 0x5F,
    0xFF, 0xAA, 0x00, 0x03,     0xFF, 0xC6, 0x13, 0xBF,     0xFF, 0xC6, 0x13, 0xFF,     0xFF, 0xC5, 0x12, 0xFF,
    0xFF, 0xC5, 0x12, 0xFF,     0xFF, 0xC5, 0x12, 0xFF,     0xFF, 0xC4, 0x12, 0xFF,     0xFF, 0xC4, 0x12, 0xFF,
    0xFF, 0xC3, 0x12, 0xFF,     0xFF, 0xC3, 0x12, 0xFF,     0xFF, 0xC2, 0x11, 0xFF,     0xFF, 0xC2, 0x11, 0xFF,
    0xFF, 0xC1, 0x11, 0xFF,     0xFF, 0xC1, 0x11, 0xFF,     0xFF, 0xC0, 0x11, 0xFF,     0xFF, 0xC0, 0x11, 0xFF,
    0xFF, 0xC0, 0x11, 0xFF,     0xFF, 0xBF, 0x10, 0xFF,     0xFF, 0xBF, 0x10, 0xFF,     0xFF, 0xBE, 0x10, 0xFF,
    0xFF, 0xBE, 0x10, 0xFF,     0xFF, 0xBD, 0x10, 0xFF,     0xFF, 0xBD, 0x10, 0xFF,     0xFF, 0xBC, 0x10, 0xFF,
    0xFF, 0xBC, 0x0F, 0xFF,     0xFF, 0xBB, 0x0F, 0xFF,     0xFF, 0xBB, 0x0F, 0xFF,     0xFF, 0xBB, 0x0F, 0xFF,
    0xFF, 0xBA, 0x0F, 0xFF,     0xFF, 0xBA, 0x0F, 0xFF,     0xFF, 0xB9, 0x0E, 0xFF,     0xFF, 0xB9, 0x0E, 0xFF,
    0xFF, 0xB8, 0x0E, 0xFF,     0xFF, 0xB8, 0x0E, 0xFF,     0xFF, 0xB7, 0x0E, 0xFF,     0xFF, 0xB7, 0x0E, 0xFF,
    0xFF, 0xB6, 0x0E, 0xFF,     0xFF, 0xB6, 0x0D, 0xFF,     0xFF, 0xB6, 0x0D, 0xFF,     0xFF, 0xB5, 0x0D, 0xFF,
    0xFF, 0xB5, 0x0D, 0xFF,     0xFF, 0xB4, 0x0D, 0xFF,     0xFF, 0xB4, 0x0D, 0xFF,     0xFF, 0xB3, 0x0D, 0xFF,
    0xFF, 0xB3, 0x0C, 0xFF,     0xFF, 0xB2, 0x0C, 0xFF,     0xFF, 0xB2, 0x0C, 0xFF,     0xFF, 0xB1, 0x0C, 0xFF,
    0xFF, 0xB1, 0x0C, 0xFF,     0xFF, 0xB1, 0x0C, 0xFF,     0xFF, 0xB0, 0x0C, 0xFF,     0xFF, 0xB0, 0x0B, 0xFF,
    0xFF, 0xAF, 0x0B, 0xFF,     0xFF, 0xAF, 0x0B, 0xFF,     0xFF, 0xAE, 0x0B, 0xFF,     0xFF, 0xAE, 0x0B, 0xFF,
    0xFF, 0xAD, 0x0B, 0xFF,     0xFF, 0xAD, 0x0A, 0xFF,     0xFF, 0xAC, 0x0A, 0xFF,     0xFF, 0xAC, 0x0A, 0xFF,
    0xFF, 0xAC, 0x0A, 0xFF,     0xFF, 0xAB, 0x0A, 0xFF,     0xFF, 0xAB, 0x0A, 0xFF,     0xFF, 0xAA, 0x0A, 0xFF,
    0xFF, 0xAA, 0x09, 0xFF,     0xFF, 0xA9, 0x09, 0xFF,     0xFF, 0xA9, 0x09, 0xFF,     0xFF, 0xA8, 0x09, 0xFF,
    0xFF, 0xA8, 0x09, 0xFF,     0xFF, 0xA8, 0x09, 0xFF,     0xFF, 0xA7, 0x09, 0xFF,     0xFF, 0xA7, 0x08, 0xFF,
    0xFF, 0xA6, 0x08, 0xFF,     0xFF, 0xA6, 0x08, 0xFF,     0xFF, 0xA5, 0x08, 0xFF,     0xFF, 0xA5, 0x08, 0xFF,
    0xFF, 0xA4, 0x08, 0xFF,     0xFF, 0xA4, 0x07, 0xFF,     0xFF, 0xA3, 0x07, 0xFF,     0xFF, 0xA3, 0x07, 0xFF,
    0xFF, 0xA3, 0x07, 0xFF,     0xFF, 0xA2, 0x07, 0xFF,     0xFF, 0xA2, 0x07, 0xFF,     0xFF, 0xA1, 0x07, 0xFF,
    0xFF, 0xA1, 0x06, 0xFF,     0xFF, 0xA0, 0x06, 0xFF,     0xFF, 0xA0, 0x06, 0xFF,     0xFF, 0x9F, 0x06, 0xFF,
    0xFF, 0x9F, 0x06, 0xFF,     0xFF, 0x9E, 0x06, 0xFF,     0xFF, 0x9E, 0x06, 0xFF,     0xFF, 0x9E, 0x05, 0xFF,
    0xFF, 0x9D, 0x05, 0xFF,     0xFF, 0x9D, 0x05, 0xFF,     0xFF, 0x9C, 0x05, 0xFF,     0xFF, 0x9C, 0x05, 0xFF,
    0xFF, 0x9B, 0x05, 0xFF,     0xFF, 0x9B, 0x05, 0xFF,     0xFF, 0x9A, 0x04, 0xFF,     0xFF, 0x9A, 0x04, 0xFF,
    0xFF, 0x99, 0x04, 0xFF,     0xFF, 0x99, 0x04, 0xFF,     0xFF, 0x99, 0x04, 0xFF,     0xFF, 0x98, 0x04, 0xFF,
    0xFF, 0x98, 0x03, 0xFF,     0xFF, 0x97, 0x03, 0xFF,     0xFF, 0x97, 0x03, 0xFF,     0xFF, 0x96, 0x03, 0xFF,
    0xFF, 0x96, 0x03, 0xFF,     0xFF, 0x95, 0x03, 0xFF,     0xFF, 0x95, 0x03, 0xFF,     0xFF, 0x94, 0x02, 0xFF,
    0xFF, 0x94, 0x02, 0xFF,     0xFF, 0x94, 0x02, 0xFF,     0xFF, 0x93, 0x02, 0xFF,     0xFF, 0x93, 0x02, 0xFF,
    0xFF, 0x92, 0x02, 0xFF,     0xFF, 0x92, 0x02, 0xFF,     0xFF, 0x91, 0x01, 0xFF,     0xFF, 0x91, 0x01, 0xFF,
    0xFF, 0x90, 0x01, 0xFF,     0xFF, 0x90, 0x01, 0xFF,     0xFF, 0x8F, 0x01, 0xFF,     0xFF, 0x8F, 0x01, 0xFF,
    0xFF, 0x8F, 0x01, 0xFF,     0xFF, 0x8E, 0x00, 0xFF,     0xFF, 0x8D, 0x00, 0xC1,     0xFF, 0xAA, 0x00, 0x03,
    0x00, 0x00, 0x00, 0x00,     0xFF, 0xC6, 0x0E, 0x12,     0xFF, 0xC6, 0x13, 0xBF,     0xFF, 0xC5, 0x12, 0xFF,
    0xFF, 0xC5, 0x12, 0xFF,     0xFF, 0xC5, 0x12, 0xFF,     0xFF, 0xC4, 0x12, 0xFF,     0xFF, 0xC4, 0x12, 0xFF,
    0xFF, 0xC3, 0x12, 0xFF,     0xFF, 0xC3, 0x12, 0xFF,     0xFF, 0xC2, 0x11, 0xFF,     0xFF, 0xC2, 0x11, 0xFF,
    0xFF, 0xC1, 0x11, 0xFF,     0xFF, 0xC1, 0x11, 0xFF,     0xFF, 0xC0, 0x11, 0xFF,     0xFF, 0xC0, 0x11, 0xFF,
    0xFF, 0xC0, 0x11, 0xFF,     0xFF, 0xBF, 0x10, 0xFF,     0xFF, 0xBF, 0x10, 0xFF,     0xFF, 0xBE, 0x10, 0xFF,
    0xFF, 0xBE, 0x10, 0xFF,     0xFF, 0xBD, 0x10, 0xFF,     0xFF, 0xBD, 0x10, 0xFF,     0xFF, 0xBC, 0x10, 0xFF,
    0xFF, 0xBC, 0x0F, 0xFF,     0xFF, 0xBB, 0x0F, 0xFF,     0xFF, 0xBB, 0x0F, 0xFF,     0xFF, 0xBB, 0x0F, 0xFF,
    0xFF, 0xBA, 0x0F, 0xFF,     0xFF, 0xBA, 0x0F, 0xFF,     0xFF, 0xB9, 0x0E, 0xFF,     0xFF, 0xB9, 0x0E, 0xFF,
    0xFF, 0xB8, 0x0E, 0xFF,     0xFF, 0xB8, 0x0E, 0xFF,     0xFF, 0xB7, 0x0E, 0xFF,     0xFF, 0xB7, 0x0E, 0xFF,
    0xFF, 0xB6, 0x0E, 0xFF,     0xFF, 0xB6, 0x0D, 0xFF,     0xFF, 0xB6, 0x0D, 0xFF,     0xFF, 0xB5, 0x0D, 0xFF,
    0xFF, 0xB5, 0x0D, 0xFF,     0xFF, 0xB4, 0x0D, 0xFF,     0xFF, 0xB4, 0x0D, 0xFF,     0xFF, 0xB3, 0x0D, 0xFF,
    0xFF, 0xB3, 0x0C, 0xFF,     0xFF, 0xB2, 0x0C, 0xFF,     0xFF, 0xB2, 0x0C, 0xFF,     0xFF, 0xB1, 0x0C, 0xFF,
    0xFF, 0xB1, 0x0C, 0xFF,     0xFF, 0xB1, 0x0C, 0xFF,     0xFF, 0xB0, 0x0C, 0xFF,     0xFF, 0xB0, 0x0B, 0xFF,
    0xFF, 0xAF, 0x0B, 0xFF,     0xFF, 0xAF, 0x0B, 0xFF,     0xFF, 0xAE, 0x0B, 0xFF,     0xFF, 0xAE, 0x0B, 0xFF,
    0xFF, 0xAD, 0x0B, 0xFF,     0xFF, 0xAD, 0x0A, 0xFF,     0xFF, 0xAC, 0x0A, 0xFF,     0xFF, 0xAC, 0x0A, 0xFF,
    0xFF, 0xAC, 0x0A, 0xFF,     0xFF, 0xAB, 0x0A, 0xFF,     0xFF, 0xAB, 0x0A, 0xFF,     0xFF, 0xAA, 0x0A, 0xFF,
    0xFF, 0xAA, 0x09, 0xFF,     0xFF, 0xA9, 0x09, 0xFF,     0xFF, 0xA9, 0x09, 0xFF,     0xFF, 0xA8, 0x09, 0xFF,
    0xFF, 0xA8, 0x09, 0xFF,     0xFF, 0xA8, 0x09, 0xFF,     0xFF, 0xA7, 0x09, 0xFF,     0xFF, 0xA7, 0x08, 0xFF,
    0xFF, 0xA6, 0x08, 0xFF,     0xFF, 0xA6, 0x08, 0xFF,     0xFF, 0xA5, 0x08, 0xFF,     0xFF, 0xA5, 0x08, 0xFF,
    0xFF, 0xA4, 0x08, 0xFF,     0xFF, 0xA4, 0x07, 0xFF,     0xFF, 0xA3, 0x07, 0xFF,     0xFF, 0xA3, 0x07, 0xFF,
    0xFF, 0xA3, 0x07, 0xFF,     0xFF, 0xA2, 0x07, 0xFF,     0xFF, 0xA2, 0x07, 0xFF,     0xFF, 0xA1, 0x07, 0xFF,
    0xFF, 0xA1, 0x06, 0xFF,     0xFF, 0xA0, 0x06, 0xFF,     0xFF, 0xA0, 0x06, 0xFF,     0xFF, 0x9F, 0x06, 0xFF,
    0xFF, 0x9F, 0x06, 0xFF,     0xFF, 0x9E, 0x06, 0xFF,     0xFF, 0x9E, 0x06, 0xFF,     0xFF, 0x9E, 0x05, 0xFF,
    0xFF, 0x9D, 0x05, 0xFF,     0xFF, 0x9D, 0x05, 0xFF,     0xFF, 0x9C, 0x05, 0xFF,     0xFF, 0x9C, 0x05, 0xFF,
    0xFF, 0x9B, 0x05, 0xFF,     0xFF, 0x9B, 0x05, 0xFF,     0xFF, 0x9A, 0x04, 0xFF,     0xFF, 0x9A, 0x04, 0xFF,
    0xFF, 0x99, 0x04, 0xFF,     0xFF, 0x99, 0x04, 0xFF,     0xFF, 0x99, 0x04, 0xFF,     0xFF, 0x98, 0x04, 0xFF,
    0xFF, 0x98, 0x03, 0xFF,     0xFF, 0x97, 0x03, 0xFF,     0xFF, 0x97, 0x03, 0xFF,     0xFF, 0x96, 0x03, 0xFF,
    0xFF, 0x96, 0x03, 0xFF,     0xFF, 0x95, 0x03, 0xFF,     0xFF, 0x95, 0x03, 0xFF,     0xFF, 0x94, 0x02, 0xFF,
    0xFF, 0x94, 0x02, 0xFF,     0xFF, 0x94, 0x02, 0xFF,     0xFF, 0x93, 0x02, 0xFF,     0xFF, 0x93, 0x02, 0xFF,
    0xFF, 0x92, 0x02, 0xFF,     0xFF, 0x92, 0x02, 0xFF,     0xFF, 0x91, 0x01, 0xFF,     0xFF, 0x91, 0x01, 0xFF,
    0xFF, 0x90, 0x01, 0xFF,     0xFF, 0x90, 0x01, 0xFF,     0xFF, 0x8F, 0x01, 0xFF,     0xFF, 0x8F, 0x01, 0xFF,
    0xFF, 0x8F, 0x01, 0xFF,     0xFF, 0x8D, 0x00, 0xC1,     0xFF, 0x94, 0x00, 0x13,     0x00, 0x00, 0x00, 0x00,
    0x00, 0x00, 0x00, 0x00,     0x00, 0x00, 0x00, 0x00,     0xFF, 0xFF, 0x00, 0x02,     0xFF, 0xC5, 0x13, 0x5D,
    0xFF, 0xC5, 0x12, 0xBD,     0xFF, 0xC5, 0x12, 0xED,     0xFF, 0xC4, 0x12, 0xFF,     0xFF, 0xC4, 0x12, 0xFF,
    0xFF, 0xC3, 0x12, 0xFF,     0xFF, 0xC3, 0x12, 0xFF,     0xFF, 0xC2, 0x11, 0xFF,     0xFF, 0xC2, 0x11, 0xFF,
    0xFF, 0xC1, 0x11, 0xFF,     0xFF, 0xC1, 0x11, 0xFF,     0xFF, 0xC0, 0x11, 0xFF,     0xFF, 0xC0, 0x11, 0xFF,
    0xFF, 0xC0, 0x11, 0xFF,     0xFF, 0xBF, 0x10, 0xFF,     0xFF, 0xBF, 0x10, 0xFF,     0xFF, 0xBE, 0x10, 0xFF,
    0xFF, 0xBE, 0x10, 0xFF,     0xFF, 0xBD, 0x10, 0xFF,     0xFF, 0xBD, 0x10, 0xFF,     0xFF, 0xBC, 0x10, 0xFF,
    0xFF, 0xBC, 0x0F, 0xFF,     0xFF, 0xBB, 0x0F, 0xFF,     0xFF, 0xBB, 0x0F, 0xFF,     0xFF, 0xBB, 0x0F, 0xFF,
    0xFF, 0xBA, 0x0F, 0xFF,     0xFF, 0xBA, 0x0F, 0xFF,     0xFF, 0xB9, 0x0E, 0xFF,     0xFF, 0xB9, 0x0E, 0xFF,
    0xFF, 0xB8, 0x0E, 0xFF,     0xFF, 0xB8, 0x0E, 0xFF,     0xFF, 0xB7, 0x0E, 0xFF,     0xFF, 0xB7, 0x0E, 0xFF,
    0xFF, 0xB6, 0x0E, 0xFF,     0xFF, 0xB6, 0x0D, 0xFF,     0xFF, 0xB6, 0x0D, 0xFF,     0xFF, 0xB5, 0x0D, 0xFF,
    0xFF, 0xB5, 0x0D, 0xFF,     0xFF, 0xB4, 0x0D, 0xFF,     0xFF, 0xB4, 0x0D, 0xFF,     0xFF, 0xB3, 0x0D, 0xFF,
    0xFF, 0xB3, 0x0C, 0xFF,     0xFF, 0xB2, 0x0C, 0xFF,     0xFF, 0xB2, 0x0C, 0xFF,     0xFF, 0xB1, 0x0C, 0xFF,
    0xFF, 0xB1, 0x0C, 0xFF,     0xFF, 0xB1, 0x0C, 0xFF,     0xFF, 0xB0, 0x0C, 0xFF,     0xFF, 0xB0, 0x0B, 0xFF,
    0xFF, 0xAF, 0x0B, 0xFF,     0xFF, 0xAF, 0x0B, 0xFF,     0xFF, 0xAE, 0x0B, 0xFF,     0xFF, 0xAE, 0x0B, 0xFF,
    0xFF, 0xAD, 0x0B, 0xFF,     0xFF, 0xAD, 0x0A, 0xFF,     0xFF, 0xAC, 0x0A, 0xFF,     0xFF, 0xAC, 0x0A, 0xFF,
    0xFF, 0xAC, 0x0A, 0xFF,     0xFF, 0xAB, 0x0A, 0xFF,     0xFF, 0xAB, 0x0A, 0xFF,     0xFF, 0xAA, 0x0A, 0xFF,
    0xFF, 0xAA, 0x09, 0xFF,     0xFF, 0xA9, 0x09, 0xFF,     0xFF, 0xA9, 0x09, 0xFF,     0xFF, 0xA8, 0x09, 0xFF,
    0xFF, 0xA8, 0x09, 0xFF,     0xFF, 0xA8, 0x09, 0xFF,     0xFF, 0xA7, 0x09, 0xFF,     0xFF, 0xA7, 0x08, 0xFF,
    0xFF, 0xA6, 0x08, 0xFF,     0xFF, 0xA6, 0x08, 0xFF,     0xFF, 0xA5, 0x08, 0xFF,     0xFF, 0xA5, 0x08, 0xFF,
    0xFF, 0xA4, 0x08, 0xFF,     0xFF, 0xA4, 0x07, 0xFF,     0xFF, 0xA3, 0x07, 0xFF,     0xFF, 0xA3, 0x07, 0xFF,
    0xFF, 0xA3, 0x07, 0xFF,     0xFF, 0xA2, 0x07, 0xFF,     0xFF, 0xA2, 0x07, 0xFF,     0xFF, 0xA1, 0x07, 0xFF,
    0xFF, 0xA1, 0x06, 0xFF,     0xFF, 0xA0, 0x06, 0xFF,     0xFF, 0xA0, 0x06, 0xFF,     0xFF, 0x9F, 0x06, 0xFF,
    0xFF, 0x9F, 0x06, 0xFF,     0xFF, 0x9E, 0x06, 0xFF,     0xFF, 0x9E, 0x06, 0xFF,     0xFF, 0x9E, 0x05, 0xFF,
    0xFF, 0x9D, 0x05, 0xFF,     0xFF, 0x9D, 0x05, 0xFF,     0xFF, 0x9C, 0x05, 0xFF,     0xFF, 0x9C, 0x05, 0xFF,
    0xFF, 0x9B, 0x05, 0xFF,     0xFF, 0x9B, 0x05, 0xFF,     0xFF, 0x9A, 0x04, 0xFF,     0xFF, 0x9A, 0x04, 0xFF,
    0xFF, 0x99, 0x04, 0xFF,     0xFF, 0x99, 0x04, 0xFF,     0xFF, 0x99, 0x04, 0xFF,     0xFF, 0x98, 0x04, 0xFF,
    0xFF, 0x98, 0x03, 0xFF,     0xFF, 0x97, 0x03, 0xFF,     0xFF, 0x97, 0x03, 0xFF,     0xFF, 0x96, 0x03, 0xFF,
    0xFF, 0x96, 0x03, 0xFF,     0xFF, 0x95, 0x03, 0xFF,     0xFF, 0x95, 0x03, 0xFF,     0xFF, 0x94, 0x02, 0xFF,
    0xFF, 0x94, 0x02, 0xFF,     0xFF, 0x94, 0x02, 0xFF,     0xFF, 0x93, 0x02, 0xFF,     0xFF, 0x93, 0x02, 0xFF,
    0xFF, 0x92, 0x02, 0xFF,     0xFF, 0x92, 0x02, 0xFF,     0xFF, 0x91, 0x01, 0xFF,     0xFF, 0x91, 0x01, 0xFF,
    0xFF, 0x90, 0x01, 0xFF,     0xFF, 0x90, 0x01, 0xFF,     0xFF, 0x8F, 0x01, 0xEF,     0xFF, 0x8F, 0x01, 0xBF,
    0xFF, 0x8F, 0x00, 0x60,     0xFF, 0xAA, 0x00, 0x03,     0x00, 0x00, 0x00, 0x00,     0x00, 0x00, 0x00, 0x00,
    0x00, 0x00, 0x00, 0x00,     0x00, 0x00, 0x00, 0x00,     0x00, 0x00, 0x00, 0x00,     0x00, 0x00, 0x00, 0x00,
    0x00, 0x00, 0x00, 0x00,     0x00, 0x00, 0x00, 0x00,     0x00, 0x00, 0x00, 0x00,     0x00, 0x00, 0x00, 0x00,
    0x00, 0x00, 0x00, 0x00,     0x00, 0x00, 0x00, 0x00,     0x00, 0x00, 0x00, 0x00,     0x00, 0x00, 0x00, 0x00,
    0x00, 0x00, 0x00, 0x00,     0x00, 0x00, 0x00, 0x00,     0x00, 0x00, 0x00, 0x00,     0x00, 0x00, 0x00, 0x00,
    0x00, 0x00, 0x00, 0x00,     0x00, 0x00, 0x00, 0x00,     0x00, 0x00, 0x00, 0x00,     0x00, 0x00, 0x00, 0x00,
    0x00, 0x00, 0x00, 0x00,     0x00, 0x00, 0x00, 0x00,     0x00, 0x00, 0x00, 0x00,     0x00, 0x00, 0x00, 0x00,
    0x00, 0x00, 0x00, 0x00,     0x00, 0x00, 0x00, 0x00,     0x00, 0x00, 0x00, 0x00,     0x00, 0x00, 0x00, 0x00,
    0x00, 0x00, 0x00, 0x00,     0x00, 0x00, 0x00, 0x00,     0x00, 0x00, 0x00, 0x00,     0x00, 0x00, 0x00, 0x00,
    0x00, 0x00, 0x00, 0x00,     0x00, 0x00, 0x00, 0x00,     0x00, 0x00, 0x00, 0x00,     0x00, 0x00, 0x00, 0x00,
    0x00, 0x00, 0x00, 0x00,     0x00, 0x00, 0x00, 0x00,     0x00, 0x00, 0x00, 0x00,     0x00, 0x00, 0x00, 0x00,
    0x00, 0x00, 0x00, 0x00,     0x00, 0x00, 0x00, 0x00,     0x00, 0x00, 0x00, 0x00,     0x00, 0x00, 0x00, 0x00,
    0x00, 0x00, 0x00, 0x00,     0x00, 0x00, 0x00, 0x00,     0x00, 0x00, 0x00, 0x00,     0x00, 0x00, 0x00, 0x00,
    0x00, 0x00, 0x00, 0x00,     0x00, 0x00, 0x00, 0x00,     0x00, 0x00, 0x00, 0x00,     0x00, 0x00, 0x00, 0x00,
    0x00, 0x00, 0x00, 0x00,     0x00, 0x00, 0x00, 0x00,     0x00, 0x00, 0x00, 0x00,     0x00, 0x00, 0x00, 0x00,
    0x00, 0x00, 0x00, 0x00,     0x00, 0x00, 0x00, 0x00,     0x00, 0x00, 0x00, 0x00,     0x00, 0x00, 0x00, 0x00,
    0x00, 0x00, 0x00, 0x00,     0x00, 0x00, 0x00, 0x00,     0x00, 0x00, 0x00, 0x00,     0x00, 0x00, 0x00, 0x00,
    0x00, 0x00, 0x00, 0x00,     0x00, 0x00, 0x00, 0x00,     0x00, 0x00, 0x00, 0x00,     0x00, 0x00, 0x00, 0x00,
    0x00, 0x00, 0x00, 0x00,     0x00, 0x00, 0x00, 0x00,     0x00, 0x00, 0x00, 0x00,     0x00, 0x00, 0x00, 0x00,
    0x00, 0x00, 0x00, 0x00,     0x00, 0x00, 0x00, 0x00,     0x00, 0x00, 0x00, 0x00,     0x00, 0x00, 0x00, 0x00,
    0x00, 0x00, 0x00, 0x00,     0x00, 0x00, 0x00, 0x00,     0x00, 0x00, 0x00, 0x00,     0x00, 0x00, 0x00, 0x00,
    0x00, 0x00, 0x00, 0x00,     0x00, 0x00, 0x00, 0x00,     0x00, 0x00, 0x00, 0x00,     0x00, 0x00, 0x00, 0x00,
    0x00, 0x00, 0x00, 0x00,     0x00, 0x00, 0x00, 0x00,     0x00, 0x00, 0x00, 0x00,     0x00, 0x00, 0x00, 0x00,
    0x00, 0x00, 0x00, 0x00,     0x00, 0x00, 0x00, 0x00,     0x00, 0x00, 0x00, 0x00,     0x00, 0x00, 0x00, 0x00,
    0x00, 0x00, 0x00, 0x00,     0x00, 0x00, 0x00, 0x00,     0x00, 0x00, 0x00, 0x00,     0x00, 0x00, 0x00, 0x00,
    0x00, 0x00, 0x00, 0x00,     0x00, 0x00, 0x00, 0x00,     0x00, 0x00, 0x00, 0x00,     0x00, 0x00, 0x00, 0x00,
    0x00, 0x00, 0x00, 0x00,     0x00, 0x00, 0x00, 0x00,     0x00, 0x00, 0x00, 0x00,     0x00, 0x00, 0x00, 0x00,
    0x00, 0x00, 0x00, 0x00,     0x00, 0x00, 0x00, 0x00,     0x00, 0x00, 0x00, 0x00,     0x00, 0x00, 0x00, 0x00,
    0x00, 0x00, 0x00, 0x00,     0x00, 0x00, 0x00, 0x00,     0x00, 0x00, 0x00, 0x00,     0x00, 0x00, 0x00, 0x00,
    0x00, 0x00, 0x00, 0x00,     0x00, 0x00, 0x00, 0x00,     0x00, 0x00, 0x00, 0x00,     0x00, 0x00, 0x00, 0x00,
    0x00, 0x00, 0x00, 0x00,     0x00, 0x00, 0x00, 0x00,     0x00, 0x00, 0x00, 0x00,     0x00, 0x00, 0x00, 0x00,
    0x00, 0x00, 0x00, 0x00,     0x00, 0x00, 0x00, 0x00,     0x00, 0x00, 0x00, 0x00,     0x00, 0x00, 0x00, 0x00,
    0x00, 0x00, 0x00, 0x00,     0x00, 0x00, 0x00, 0x00,     0x00, 0x00, 0x00, 0x00,     0x00, 0x00, 0x00, 0x00,
    0x00, 0x00, 0x00, 0x00,     0x00, 0x00, 0x00, 0x00,     0x00, 0x00, 0x00, 0x00,     0x00, 0x00, 0x00, 0x00,
    0x00, 0x00, 0x00, 0x00,     0x00, 0x00, 0x00, 0x00,     0x00, 0x00, 0x00, 0x00,     0x00, 0x00, 0x00, 0x00,
    0x00, 0x00, 0x00, 0x00,     0x00, 0x00, 0x00, 0x00,     0x00, 0x00, 0x00, 0x00,     0x00, 0x00, 0x00, 0x00,
    0x00, 0x00, 0x00, 0x00,     0x00, 0x00, 0x00, 0x00,     0x00, 0x00, 0x00, 0x00,     0x00, 0x00, 0x00, 0x00,
    0x00, 0x00, 0x00, 0x00,     0x00, 0x00, 0x00, 0x00,     0x00, 0x00, 0x00, 0x00,     0x00, 0x00, 0x00, 0x00,
    0x00, 0x00, 0x00, 0x00,     0x00, 0x00, 0x00, 0x00,     0x00, 0x00, 0x00, 0x00,     0x00, 0x00, 0x00, 0x00,
    0x00, 0x00, 0x00, 0x00,     0x00, 0x00, 0x00, 0x00,     0x00, 0x00, 0x00, 0x00,     0x00, 0x00, 0x00, 0x00,
    0x00, 0x00, 0x00, 0x00,     0x00, 0x00, 0x00, 0x00,     0x00, 0x00, 0x00, 0x00,     0x00, 0x00, 0x00, 0x00,
    0x00, 0x00, 0x00, 0x00,     0x00, 0x00, 0x00, 0x00,     0x00, 0x00, 0x00, 0x00,     0x00, 0x00, 0x00, 0x00,
    0x00, 0x00, 0x00, 0x00,     0x00, 0x00, 0x00, 0x00,     0x00, 0x00, 0x00, 0x00,     0x00, 0x00, 0x00, 0x00,
    0x00, 0x00, 0x00, 0x00,     0x00, 0x00, 0x00, 0x00,     0x00, 0x00, 0x00, 0x00,     0x00, 0x00, 0x00, 0x00,
    0x00, 0x00, 0x00, 0x00,     0x00, 0x00, 0x00, 0x00,     0x00, 0x00, 0x00, 0x00,     0x00, 0x00, 0x00, 0x00,
    0x00, 0x00, 0x00, 0x00,     0x00, 0x00, 0x00, 0x00,     0x00, 0x00, 0x00, 0x00,     0x00, 0x00, 0x00, 0x00,
    0x00, 0x00, 0x00, 0x00,     0x00, 0x00, 0x00, 0x00,     0x00, 0x00, 0x00, 0x00,     0x00, 0x00, 0x00, 0x00,
    0x00, 0x00, 0x00, 0x00,     0x00, 0x00, 0x00, 0x00,     0x00, 0x00, 0x00, 0x00,     0x00, 0x00, 0x00, 0x00,
    0x00, 0x00, 0x00, 0x00,     0x00, 0x00, 0x00, 0x00,     0x00, 0x00, 0x00, 0x00,     0x00, 0x00, 0x00, 0x00,
    0x00, 0x00, 0x00, 0x00,     0x00, 0x00, 0x00, 0x00,     0x00, 0x00, 0x00, 0x00,     0x00, 0x00, 0x00, 0x00,
    0x00, 0x00, 0x00, 0x00,     0x00, 0x00, 0x00, 0x00,     0x00, 0x00, 0x00, 0x00,     0x00, 0x00, 0x00, 0x00,
    0x00, 0x00, 0x00, 0x00,     0x00, 0x00, 0x00, 0x00,     0x00, 0x00, 0x00, 0x00,     0x00, 0x00, 0x00, 0x00,
    0x00, 0x00, 0x00, 0x00,     0x00, 0x00, 0x00, 0x00,     0x00, 0x00, 0x00, 0x00,     0x00, 0x00, 0x00, 0x00,
    0x00, 0x00, 0x00, 0x00,     0x00, 0x00, 0x00, 0x00,     0x00, 0x00, 0x00, 0x00,     0x00, 0x00, 0x00, 0x00,
    0x00, 0x00, 0x00, 0x00,     0x00, 0x00, 0x00, 0x00,     0x00, 0x00, 0x00, 0x00,     0x00, 0x00, 0x00, 0x00,
    0x00, 0x00, 0x00, 0x00,     0x00, 0x00, 0x00, 0x00,     0x00, 0x00, 0x00, 0x00,     0x00, 0x00, 0x00, 0x00,
    0x00, 0x00, 0x00, 0x00,     0x00, 0x00, 0x00, 0x00,     0x00, 0x00, 0x00, 0x00,     0x00, 0x00, 0x00, 0x00,
    0x00, 0x00, 0x00, 0x00,     0x00, 0x00, 0x00, 0x00,     0x00, 0x00, 0x00, 0x00,     0x00, 0x00, 0x00, 0x00,
    0x00, 0x00, 0x00, 0x00,     0x00, 0x00, 0x00, 0x00,     0x00, 0x00, 0x00, 0x00,     0x00, 0x00, 0x00, 0x00,
    0x00, 0x00, 0x00, 0x00,     0x00, 0x00, 0x00, 0x00,     0x00, 0x00, 0x00, 0x00,     0x00, 0x00, 0x00, 0x00,
    0x00, 0x00, 0x00, 0x00,     0x00, 0x00, 0x00, 0x00,     0x00, 0x00, 0x00, 0x00,     0x00, 0x00, 0x00, 0x00,
    0x00, 0x00, 0x00, 0x00,     0x00, 0x00, 0x00, 0x00,     0x00, 0x00, 0x00, 0x00,     0x00, 0x00, 0x00, 0x00,
    0x00, 0x00, 0x00, 0x00,     0x00, 0x00, 0x00, 0x00,     0x00, 0x00, 0x00, 0x00,     0x00, 0x00, 0x00, 0x00,
    0x00, 0x00, 0x00, 0x00,     0x00, 0x00, 0x00, 0x00,     0x00, 0x00, 0x00, 0x00,     0x00, 0x00, 0x00, 0x00,
    0x00, 0x00, 0x00, 0x00,     0x00, 0x00, 0x00, 0x00,     0x00, 0x00, 0x00, 0x00,     0x00, 0x00, 0x00, 0x00,
    0x00, 0x00, 0x00, 0x00,     0x00, 0x00, 0x00, 0x00,     0x00, 0x00, 0x00, 0x00,     0x00, 0x00, 0x00, 0x00,
    0x00, 0x00, 0x00, 0x00,     0x00, 0x00, 0x00, 0x00,     0x00, 0x00, 0x00, 0x00,     0x00, 0x00, 0x00, 0x00,
    0x00, 0x00, 0x00, 0x00,     0x00, 0x00, 0x00, 0x00,     0x00, 0x00, 0x00, 0x00,     0x00, 0x00, 0x00, 0x00,
    0x00, 0x00, 0x00, 0x00,     0x00, 0x00, 0x00, 0x00,     0x00, 0x00, 0x00, 0x00,     0x00, 0x00, 0x00, 0x00,
    0x00, 0x00, 0x00, 0x00,     0x00, 0x00, 0x00, 0x00,     0x00, 0x00, 0x00, 0x00,     0x00, 0x00, 0x00, 0x00,
    0x00, 0x00, 0x00, 0x00,     0x00, 0x00, 0x00, 0x00,     0x00, 0x00, 0x00, 0x00,     0x00, 0x00, 0x00, 0x00,
    0x00, 0x00, 0x00, 0x00,     0x00, 0x00, 0x00, 0x00,     0x00, 0x00, 0x00, 0x00,     0x00, 0x00, 0x00, 0x00,
    0x00, 0x00, 0x00, 0x00,     0x00, 0x00, 0x00, 0x00,     0x00, 0x00, 0x00, 0x00,     0x00, 0x00, 0x00, 0x00,
    0x00, 0x00, 0x00, 0x00,     0x00, 0x00, 0x00, 0x00,     0x00, 0x00, 0x00, 0x00,     0x00, 0x00, 0x00, 0x00,
    0x00, 0x00, 0x00, 0x00,     0x00, 0x00, 0x00, 0x00,     0x00, 0x00, 0x00, 0x00,     0x00, 0x00, 0x00, 0x00,
    0x00, 0x00, 0x00, 0x00,     0x00, 0x00, 0x00, 0x00,     0x00, 0x00, 0x00, 0x00,     0x00, 0x00, 0x00, 0x00,
    0x00, 0x00, 0x00, 0x00,     0x00, 0x00, 0x00, 0x00,     0x00, 0x00, 0x00, 0x00,     0x00, 0x00, 0x00, 0x00,
    0x00, 0x00, 0x00, 0x00,     0x00, 0x00, 0x00, 0x00,     0x00, 0x00, 0x00, 0x00,     0x00, 0x00, 0x00, 0x00,
    0x00, 0x00, 0x00, 0x00,     0x00, 0x00, 0x00, 0x00,     0x00, 0x00, 0x00, 0x00,     0x00, 0x00, 0x00, 0x00,
    0x00, 0x00, 0x00, 0x00,     0x00, 0x00, 0x00, 0x00,     0x00, 0x00, 0x00, 0x00,     0x00, 0x00, 0x00, 0x00,
    0x00, 0x00, 0x00, 0x00,     0x00, 0x00, 0x00, 0x00,     0x00, 0x00, 0x00, 0x00,     0x00, 0x00, 0x00, 0x00,
    0x00, 0x00, 0x00, 0x00,     0x00, 0x00, 0x00, 0x00,     0x00, 0x00, 0x00, 0x00,     0x00, 0x00, 0x00, 0x00,
    0x00, 0x00, 0x00, 0x00,     0x00, 0x00, 0x00, 0x00,     0x00, 0x00, 0x00, 0x00,     0x00, 0x00, 0x00, 0x00,
    0x00, 0x00, 0x00, 0x00,     0x00, 0x00, 0x00, 0x00,     0x00, 0x00, 0x00, 0x00,     0x00, 0x00, 0x00, 0x00,
    0x00, 0x00, 0x00, 0x00,     0x00, 0x00, 0x00, 0x00,     0x00, 0x00, 0x00, 0x00,     0x00, 0x00, 0x00, 0x00,
    0x00, 0x00, 0x00, 0x00,     0x00, 0x00, 0x00, 0x00,     0x00, 0x00, 0x00, 0x00,     0x00, 0x00, 0x00, 0x00,
    0x00, 0x00, 0x00, 0x00,     0x00, 0x00, 0x00, 0x00,     0x00, 0x00, 0x00, 0x00,     0x00, 0x00, 0x00, 0x00,
    0x00, 0x00, 0x00, 0x00,     0x00, 0x00, 0x00, 0x00,     0x00, 0x00, 0x00, 0x00,     0x00, 0x00, 0x00, 0x00,
    0x00, 0x00, 0x00, 0x00,     0x00, 0x00, 0x00, 0x00,     0x00, 0x00, 0x00, 0x00,     0x00, 0x00, 0x00, 0x00,
    0x00, 0x00, 0x00, 0x00,     0x00, 0x00, 0x00, 0x00,     0x00, 0x00, 0x00, 0x00,     0x00, 0x00, 0x00, 0x00,
    0x00, 0x00, 0x00, 0x00,     0x00, 0x00, 0x00, 0x00,     0x00, 0x00, 0x00, 0x00,     0x00, 0x00, 0x00, 0x00,
    0x00, 0x00, 0x00, 0x00,     0x00, 0x00, 0x00, 0x00,     0x00, 0x00, 0x00, 0x00,     0x00, 0x00, 0x00, 0x00,
    0x00, 0x00, 0x00, 0x00,     0x00, 0x00, 0x00, 0x00,     0x00, 0x00, 0x00, 0x00,     0x00, 0x00, 0x00, 0x00,
    0x00, 0x00, 0x00, 0x00,     0x00, 0x00, 0x00, 0x00,     0x00, 0x00, 0x00, 0x00,     0x00, 0x00, 0x00, 0x00,
    0x00, 0x00, 0x00, 0x00,     0x00, 0x00, 0x00, 0x00,     0x00, 0x00, 0x00, 0x00,     0x00, 0x00, 0x00, 0x00,
    0x00, 0x00, 0x00, 0x00,     0x00, 0x00, 0x00, 0x00,     0x00, 0x00, 0x00, 0x00,     0x00, 0x00, 0x00, 0x00,
    0x00, 0x00, 0x00, 0x00,     0x00, 0x00, 0x00, 0x00,     0x00, 0x00, 0x00, 0x00,     0x00, 0x00, 0x00, 0x00,
    0x00, 0x00, 0x00, 0x00,     0x00, 0x00, 0x00, 0x00,     0x00, 0x00, 0x00, 0x00,     0x00, 0x00, 0x00, 0x00,
    0x00, 0x00, 0x00, 0x00,     0x00, 0x00, 0x00, 0x00,     0x00, 0x00, 0x00, 0x00,     0x00, 0x00, 0x00, 0x00,
    0x00, 0x00, 0x00, 0x00,     0x00, 0x00, 0x00, 0x00,     0x00, 0x00, 0x00, 0x00,     0x00, 0x00, 0x00, 0x00,
    0x00, 0x00, 0x00, 0x00,     0x00, 0x00, 0x00, 0x00,     0x00, 0x00, 0x00, 0x00,     0x00, 0x00, 0x00, 0x00,
    0x00, 0x00, 0x00, 0x00,     0x00, 0x00, 0x00, 0x00,     0x00, 0x00, 0x00, 0x00,     0x00, 0x00, 0x00, 0x00,
    0x00, 0x00, 0x00, 0x00,     0x00, 0x00, 0x00, 0x00,     0x00, 0x00, 0x00, 0x00,     0x00, 0x00, 0x00, 0x00,
    0x00, 0x00, 0x00, 0x00,     0x00, 0x00, 0x00, 0x00,     0x00, 0x00, 0x00, 0x00,     0x00, 0x00, 0x00, 0x00,
    0x00, 0x00, 0x00, 0x00,     0x00, 0x00, 0x00, 0x00,     0x00, 0x00, 0x00, 0x00,     0x00, 0x00, 0x00, 0x00,
    0x00, 0x00, 0x00, 0x00,     0x00, 0x00, 0x00, 0x00,     0x00, 0x00, 0x00, 0x00,     0x00, 0x00, 0x00, 0x00,
    0x00, 0x00, 0x00, 0x00,     0x00, 0x00, 0x00, 0x00,     0x00, 0x00, 0x00, 0x00,     0x00, 0x00, 0x00, 0x00,
    0x00, 0x00, 0x00, 0x00,     0x00, 0x00, 0x00, 0x00,     0x00, 0x00, 0x00, 0x00,     0x00, 0x00, 0x00, 0x00,
    0x00, 0x00, 0x00, 0x00,     0x00, 0x00, 0x00, 0x00,     0x00, 0x00, 0x00, 0x00,     0x00, 0x00, 0x00, 0x00,
    0x00, 0x00, 0x00, 0x00,     0x00, 0x00, 0x00, 0x00,     0x00, 0x00, 0x00, 0x00,     0x00, 0x00, 0x00, 0x00,
    0x00, 0x00, 0x00, 0x00,     0x00, 0x00, 0x00, 0x00,     0x00, 0x00, 0x00, 0x00,     0x00, 0x00, 0x00, 0x00,
    0x00, 0x00, 0x00, 0x00,     0x00, 0x00, 0x00, 0x00,     0x00, 0x00, 0x00, 0x00,     0x00, 0x00, 0x00, 0x00,
    0x00, 0x00, 0x00, 0x00,     0x00, 0x00, 0x00, 0x00,     0x00, 0x00, 0x00, 0x00,     0x00, 0x00, 0x00, 0x00,
    0x00, 0x00, 0x00, 0x00,     0x00, 0x00, 0x00, 0x00,     0x00, 0x00, 0x00, 0x00,     0x00, 0x00, 0x00, 0x00,
    0x00, 0x00, 0x00, 0x00,     0x00, 0x00, 0x00, 0x00,     0x00, 0x00, 0x00, 0x00,     0x00, 0x00, 0x00, 0x00,
    0x00, 0x00, 0x00, 0x00,     0x00, 0x00, 0x00, 0x00,     0x00, 0x00, 0x00, 0x00,     0x00, 0x00, 0x00, 0x00,
    0x00, 0x00, 0x00, 0x00,     0x00, 0x00, 0x00, 0x00,     0x00, 0x00, 0x00, 0x00,     0x00, 0x00, 0x00, 0x00,
    0x00, 0x00, 0x00, 0x00,     0x00, 0x00, 0x00, 0x00,     0x00, 0x00, 0x00, 0x00,     0x00, 0x00, 0x00, 0x00,
    0x00, 0x00, 0x00, 0x00,     0x00, 0x00, 0x00, 0x00,     0x00, 0x00, 0x00, 0x00,     0x00, 0x00, 0x00, 0x00,
    0x00, 0x00, 0x00, 0x00,     0x00, 0x00, 0x00, 0x00,     0x00, 0x00, 0x00, 0x00,     0x00, 0x00, 0x00, 0x00,
    0x00, 0x00, 0x00, 0x00,     0x00, 0x00, 0x00, 0x00,     0x00, 0x00, 0x00, 0x00,     0x00, 0x00, 0x00, 0x00,
    0x00, 0x00, 0x00, 0x00,     0x00, 0x00, 0x00, 0x00,     0x00, 0x00, 0x00, 0x00,     0x00, 0x00, 0x00, 0x00,
    0x00, 0x00, 0x00, 0x00,     0x00, 0x00, 0x00, 0x00,     0x00, 0x00, 0x00, 0x00,     0x00, 0x00, 0x00, 0x00,
    0x00, 0x00, 0x00, 0x00,     0x00, 0x00, 0x00, 0x00,     0x00, 0x00, 0x00, 0x00,     0x00, 0x00, 0x00, 0x00,
    0x00, 0x00, 0x00, 0x00,     0x00, 0x00, 0x00, 0x00,     0x00, 0x00, 0x00, 0x00,     0x00, 0x00, 0x00, 0x00,
    0x00, 0x00, 0x00, 0x00,     0x00, 0x00, 0x00, 0x00,     0x00, 0x00, 0x00, 0x00,     0x00, 0x00, 0x00, 0x00,
    0x00, 0x00, 0x00, 0x00,     0x00, 0x00, 0x00, 0x00,     0x00, 0x00, 0x00, 0x00,     0x00, 0x00, 0x00, 0x00,
    0x00, 0x00, 0x00, 0x00,     0x00, 0x00, 0x00, 0x00,     0x00, 0x00, 0x00, 0x00,     0x00, 0x00, 0x00, 0x00,
    0x00, 0x00, 0x00, 0x00,     0x00, 0x00, 0x00, 0x00,     0x00, 0x00, 0x00, 0x00,     0x00, 0x00, 0x00, 0x00,
    0x00, 0x00, 0x00, 0x00,     0x00, 0x00, 0x00, 0x00,     0x00, 0x00, 0x00, 0x00,     0x00, 0x00, 0x00, 0x00,
    0x00, 0x00, 0x00, 0x00,     0x00, 0x00, 0x00, 0x00,     0x00, 0x00, 0x00, 0x00,     0x00, 0x00, 0x00, 0x00,
    0x00, 0x00, 0x00, 0x00,     0x00, 0x00, 0x00, 0x00,     0x00, 0x00, 0x00, 0x00,     0x00, 0x00, 0x00, 0x00,
    0x00, 0x00, 0x00, 0x00,     0x00, 0x00, 0x00, 0x00,     0x00, 0x00, 0x00, 0x00,     0x00, 0x00, 0x00, 0x00,
    0x00, 0x00, 0x00, 0x00,     0x00, 0x00, 0x00, 0x00,     0x00, 0x00, 0x00, 0x00,     0x00, 0x00, 0x00, 0x00,
    0x00, 0x00, 0x00, 0x00,     0x00, 0x00, 0x00, 0x00,     0x00, 0x00, 0x00, 0x00,     0x00, 0x00, 0x00, 0x00,
    0x00, 0x00, 0x00, 0x00,     0x00, 0x00, 0x00, 0x00,     0x00, 0x00, 0x00, 0x00,     0x00, 0x00, 0x00, 0x00,
    0x00, 0x00, 0x00, 0x00,     0x00, 0x00, 0x00, 0x00,     0x00, 0x00, 0x00, 0x00,     0x00, 0x00, 0x00, 0x00,
    0x00, 0x00, 0x00, 0x00,     0x00, 0x00, 0x00, 0x00,     0x00, 0x00, 0x00, 0x00,     0x00, 0x00, 0x00, 0x00,
    0x00, 0x00, 0x00, 0x00,     0x00, 0x00, 0x00, 0x00,     0x00, 0x00, 0x00, 0x00,     0x00, 0x00, 0x00, 0x00,
    0x00, 0x00, 0x00, 0x00,     0x00, 0x00, 0x00, 0x00,     0x00, 0x00, 0x00, 0x00,     0x00, 0x00, 0x00, 0x00,
    0x00, 0x00, 0x00, 0x00,     0x00, 0x00, 0x00, 0x00,     0x00, 0x00, 0x00, 0x00,     0x00, 0x00, 0x00, 0x00,
    0x00, 0x00, 0x00, 0x00,     0x00, 0x00, 0x00, 0x00,     0x00, 0x00, 0x00, 0x00,     0x00, 0x00, 0x00, 0x00,
    0x00, 0x00, 0x00, 0x00,     0x00, 0x00, 0x00, 0x00,     0x00, 0x00, 0x00, 0x00,     0x00, 0x00, 0x00, 0x00,
    0x00, 0x00, 0x00, 0x00,     0x00, 0x00, 0x00, 0x00,     0x00, 0x00, 0x00, 0x00,     0x00, 0x00, 0x00, 0x00,
    0x00, 0x00, 0x00, 0x00,     0x00, 0x00, 0x00, 0x00,     0x00, 0x00, 0x00, 0x00,     0x00, 0x00, 0x00, 0x00,
    0x00, 0x00, 0x00, 0x00,     0x00, 0x00, 0x00, 0x00,     0x00, 0x00, 0x00, 0x00,     0x00, 0x00, 0x00, 0x00,
    0x00, 0x00, 0x00, 0x00,     0x00, 0x00, 0x00, 0x00,     0x00, 0x00, 0x00, 0x00,     0x00, 0x00, 0x00, 0x00,
    0x00, 0x00, 0x00, 0x00,     0x00, 0x00, 0x00, 0x00,     0x00, 0x00, 0x00, 0x00,     0x00, 0x00, 0x00, 0x00,
    0x00, 0x00, 0x00, 0x00,     0x00, 0x00, 0x00, 0x00,     0x00, 0x00, 0x00, 0x00,     0x00, 0x00, 0x00, 0x00,
    0x00, 0x00, 0x00, 0x00,     0x00, 0x00, 0x00, 0x00,     0x00, 0x00, 0x00, 0x00,     0x00, 0x00, 0x00, 0x00,
    0x00, 0x00, 0x00, 0x00,     0x00, 0x00, 0x00, 0x00,     0x00, 0x00, 0x00, 0x00,     0x00, 0x00, 0x00, 0x00,
    0x00, 0x00, 0x00, 0x00,     0x00, 0x00, 0x00, 0x00,     0x00, 0x00, 0x00, 0x00,     0x00, 0x00, 0x00, 0x00,
    0x00, 0x00, 0x00, 0x00,     0x00, 0x00, 0x00, 0x00,     0x00, 0x00, 0x00, 0x00,     0x00, 0x00, 0x00, 0x00,
    0x00, 0x00, 0x00, 0x00,     0x00, 0x00, 0x00, 0x00,     0x00, 0x00, 0x00, 0x00,     0x00, 0x00, 0x00, 0x00,
    0x00, 0x00, 0x00, 0x00,     0x00, 0x00, 0x00, 0x00,     0x00, 0x00, 0x00, 0x00,     0x00, 0x00, 0x00, 0x00,
    0x00, 0x00, 0x00, 0x00,     0x00, 0x00, 0x00, 0x00,     0x00, 0x00, 0x00, 0x00,     0x00, 0x00, 0x00, 0x00,
    0x00, 0x00, 0x00, 0x00,     0x00, 0x00, 0x00, 0x00,     0x00, 0x00, 0x00, 0x00,     0x00, 0x00, 0x00, 0x00,
    0x00, 0x00, 0x00, 0x00,     0x00, 0x00, 0x00, 0x00,     0x00, 0x00, 0x00, 0x00,     0x00, 0x00, 0x00, 0x00,
    0x00, 0x00, 0x00, 0x00,     0x00, 0x00, 0x00, 0x00,     0x00, 0x00, 0x00, 0x00,     0x00, 0x00, 0x00, 0x00,
    0x00, 0x00, 0x00, 0x00,     0x00, 0x00, 0x00, 0x00,     0x00, 0x00, 0x00, 0x00,     0x00, 0x00, 0x00, 0x00,
    0x00, 0x00, 0x00, 0x00,     0x00, 0x00, 0x00, 0x00,     0x00, 0x00, 0x00, 0x00,     0x00, 0x00, 0x00, 0x00,
    0x00, 0x00, 0x00, 0x00,     0x00, 0x00, 0x00, 0x00,     0x00, 0x00, 0x00, 0x00,     0x00, 0x00, 0x00, 0x00,
    0x00, 0x00, 0x00, 0x00,     0x00, 0x00, 0x00, 0x00,     0x00, 0x00, 0x00, 0x00,     0x00, 0x00, 0x00, 0x00,
    0x00, 0x00, 0x00, 0x00,     0x00, 0x00, 0x00, 0x00,     0x00, 0x00, 0x00, 0x00,     0x00, 0x00, 0x00, 0x00,
    0x00, 0x00, 0x00, 0x00,     0x00, 0x00, 0x00, 0x00,     0x00, 0x00, 0x00, 0x00,     0x00, 0x00, 0x00, 0x00,
    0x00, 0x00, 0x00, 0x00,     0x00, 0x00, 0x00, 0x00,     0x00, 0x00, 0x00, 0x00,     0x00, 0x00, 0x00, 0x00,
    0x00, 0x00, 0x00, 0x00,     0x00, 0x00, 0x00, 0x00,     0x00, 0x00, 0x00, 0x00,     0x00, 0x00, 0x00, 0x00,
    0x00, 0x00, 0x00, 0x00,     0x00, 0x00, 0x00, 0x00,     0x00, 0x00, 0x00, 0x00,     0x00, 0x00, 0x00, 0x00,
    0x00, 0x00, 0x00, 0x00,     0x00, 0x00, 0x00, 0x00,     0x00, 0x00, 0x00, 0x00,     0x00, 0x00, 0x00, 0x00,
    0x00, 0x00, 0x00, 0x00,     0x00, 0x00, 0x00, 0x00,     0x00, 0x00, 0x00, 0x00,     0x00, 0x00, 0x00, 0x00,
    0x00, 0x00, 0x00, 0x00,     0x00, 0x00, 0x00, 0x00,     0x00, 0x00, 0x00, 0x00,     0x00, 0x00, 0x00, 0x00,
    0x00, 0x00, 0x00, 0x00,     0x00, 0x00, 0x00, 0x00,     0x00, 0x00, 0x00, 0x00,     0x00, 0x00, 0x00, 0x00,
    0x00, 0x00, 0x00, 0x00,     0x00, 0x00, 0x00, 0x00,     0x00, 0x00, 0x00, 0x00,     0x00, 0x00, 0x00, 0x00,
    0x00, 0x00, 0x00, 0x00,     0x00, 0x00, 0x00, 0x00,     0x00, 0x00, 0x00, 0x00,     0x00, 0x00, 0x00, 0x00,
    0x00, 0x00, 0x00, 0x00,     0x00, 0x00, 0x00, 0x00,     0x00, 0x00, 0x00, 0x00,     0x00, 0x00, 0x00, 0x00,
    0x00, 0x00, 0x00, 0x00,     0x00, 0x00, 0x00, 0x00,     0x00, 0x00, 0x00, 0x00,     0x00, 0x00, 0x00, 0x00,
    0x00, 0x00, 0x00, 0x00,     0x00, 0x00, 0x00, 0x00,     0x00, 0x00, 0x00, 0x00,     0x00, 0x00, 0x00, 0x00,
    0x00, 0x00, 0x00, 0x00,     0x00, 0x00, 0x00, 0x00,     0x00, 0x00, 0x00, 0x00,     0x00, 0x00, 0x00, 0x00,
    0x00, 0x00, 0x00, 0x00,     0x00, 0x00, 0x00, 0x00,     0x00, 0x00, 0x00, 0x00,     0x00, 0x00, 0x00, 0x00,
    0x00, 0x00, 0x00, 0x00,     0x00, 0x00, 0x00, 0x00,     0x00, 0x00, 0x00, 0x00,     0x00, 0x00, 0x00, 0x00,
    0x00, 0x00, 0x00, 0x00,     0x00, 0x00, 0x00, 0x00,     0x00, 0x00, 0x00, 0x00,     0x00, 0x00, 0x00, 0x00,
    0x00, 0x00, 0x00, 0x00,     0x00, 0x00, 0x00, 0x00,     0x00, 0x00, 0x00, 0x00,     0x00, 0x00, 0x00, 0x00,
    0x00, 0x00, 0x00, 0x00,     0x00, 0x00, 0x00, 0x00,     0x00, 0x00, 0x00, 0x00,     0x00, 0x00, 0x00, 0x00,
    0x00, 0x00, 0x00, 0x00,     0x00, 0x00, 0x00, 0x00,     0x00, 0x00, 0x00, 0x00,     0x00, 0x00, 0x00, 0x00,
    0x00, 0x00, 0x00, 0x00,     0x00, 0x00, 0x00, 0x00,     0x00, 0x00, 0x00, 0x00,     0x00, 0x00, 0x00, 0x00,
    0x00, 0x00, 0x00, 0x00,     0x00, 0x00, 0x00, 0x00,     0x00, 0x00, 0x00, 0x00,     0x00, 0x00, 0x00, 0x00,
    0x00, 0x00, 0x00, 0x00,     0x00, 0x00, 0x00, 0x00,     0x00, 0x00, 0x00, 0x00,     0x00, 0x00, 0x00, 0x00,
    0x00, 0x00, 0x00, 0x00,     0x00, 0x00, 0x00, 0x00,     0x00, 0x00, 0x00, 0x00,     0x00, 0x00, 0x00, 0x00,
    0x00, 0x00, 0x00, 0x00,     0x00, 0x00, 0x00, 0x00,     0x00, 0x00, 0x00, 0x00,     0x00, 0x00, 0x00, 0x00,
    0x00, 0x00, 0x00, 0x00,     0x00, 0x00, 0x00, 0x00,     0x00, 0x00, 0x00, 0x00,     0x00, 0x00, 0x00, 0x00,
    0x00, 0x00, 0x00, 0x00,     0x00, 0x00, 0x00, 0x00,     0x00, 0x00, 0x00, 0x00,     0x00, 0x00, 0x00, 0x00,
    0x00, 0x00, 0x00, 0x00,     0x00, 0x00, 0x00, 0x00,     0x00, 0x00, 0x00, 0x00,     0x00, 0x00, 0x00, 0x00,
    0x00, 0x00, 0x00, 0x00,     0x00, 0x00, 0x00, 0x00,     0x00, 0x00, 0x00, 0x00,     0x00, 0x00, 0x00, 0x00,
    0x00, 0x00, 0x00, 0x00,     0x00, 0x00, 0x00, 0x00,     0x00, 0x00, 0x00, 0x00,     0x00, 0x00, 0x00, 0x00,
    0x00, 0x00, 0x00, 0x00,     0x00, 0x00, 0x00, 0x00,     0x00, 0x00, 0x00, 0x00,     0x00, 0x00, 0x00, 0x00,
    0x00, 0x00, 0x00, 0x00,     0x00, 0x00, 0x00, 0x00,     0x00, 0x00, 0x00, 0x00,     0x00, 0x00, 0x00, 0x00,
    0x00, 0x00, 0x00, 0x00,     0x00, 0x00, 0x00, 0x00,     0x00, 0x00, 0x00, 0x00,     0x00, 0x00, 0x00, 0x00,
    0x00, 0x00, 0x00, 0x00,     0x00, 0x00, 0x00, 0x00,     0x00, 0x00, 0x00, 0x00,     0x00, 0x00, 0x00, 0x00,
    0x00, 0x00, 0x00, 0x00,     0x00, 0x00, 0x00, 0x00,     0x00, 0x00, 0x00, 0x00,     0x00, 0x00, 0x00, 0x00,
    0x00, 0x00, 0x00, 0x00,     0x00, 0x00, 0x00, 0x00,     0x00, 0x00, 0x00, 0x00,     0x00, 0x00, 0x00, 0x00,
    0x00, 0x00, 0x00, 0x00,     0x00, 0x00, 0x00, 0x00,     0x00, 0x00, 0x00, 0x00,     0x00, 0x00, 0x00, 0x00,
    0x00, 0x00, 0x00, 0x00,     0x00, 0x00, 0x00, 0x00,     0x00, 0x00, 0x00, 0x00,     0x00, 0x00, 0x00, 0x00,
    0x00, 0x00, 0x00, 0x00,     0x00, 0x00, 0x00, 0x00,     0x00, 0x00, 0x00, 0x00,     0x00, 0x00, 0x00, 0x00,
    0x00, 0x00, 0x00, 0x00,     0x00, 0x00, 0x00, 0x00,     0x00, 0x00, 0x00, 0x00,     0x00, 0x00, 0x00, 0x00,
    0x00, 0x00, 0x00, 0x00,     0x00, 0x00, 0x00, 0x00,     0x00, 0x00, 0x00, 0x00,     0x00, 0x00, 0x00, 0x00,
    0x00, 0x00, 0x00, 0x00,     0x00, 0x00, 0x00, 0x00,     0x00, 0x00, 0x00, 0x00,     0x00, 0x00, 0x00, 0x00,
    0x00, 0x00, 0x00, 0x00,     0x00, 0x00, 0x00, 0x00,     0x00, 0x00, 0x00, 0x00,     0x00, 0x00, 0x00, 0x00,
    0x00, 0x00, 0x00, 0x00,     0x00, 0x00, 0x00, 0x00,     0x00, 0x00, 0x00, 0x00,     0x00, 0x00, 0x00, 0x00,
    0x00, 0x00, 0x00, 0x00,     0x00, 0x00, 0x00, 0x00,     0x00, 0x00, 0x00, 0x00,     0x00, 0x00, 0x00, 0x00,
    0x00, 0x00, 0x00, 0x00,     0x00, 0x00, 0x00, 0x00,     0x00, 0x00, 0x00, 0x00,     0x00, 0x00, 0x00, 0x00,
    0x00, 0x00, 0x00, 0x00,     0x00, 0x00, 0x00, 0x00,     0x00, 0x00, 0x00, 0x00,     0x00, 0x00, 0x00, 0x00,
    0x00, 0x00, 0x00, 0x00,     0x00, 0x00, 0x00, 0x00,     0x00, 0x00, 0x00, 0x00,     0x00, 0x00, 0x00, 0x00,
    0x00, 0x00, 0x00, 0x00,     0x00, 0x00, 0x00, 0x00,     0x00, 0x00, 0x00, 0x00,     0x00, 0x00, 0x00, 0x00,
    0x00, 0x00, 0x00, 0x00,     0x00, 0x00, 0x00, 0x00,     0x00, 0x00, 0x00, 0x00,     0x00, 0x00, 0x00, 0x00,
    0x00, 0x00, 0x00, 0x00,     0x00, 0x00, 0x00, 0x00,     0x00, 0x00, 0x00, 0x00,     0x00, 0x00, 0x00, 0x00,
    0x00, 0x00, 0x00, 0x00,     0x00, 0x00, 0x00, 0x00,     0x00, 0x00, 0x00, 0x00,     0x00, 0x00, 0x00, 0x00,
    0x00, 0x00, 0x00, 0x00,     0x00, 0x00, 0x00, 0x00,     0x00, 0x00, 0x00, 0x00,     0x00, 0x00, 0x00, 0x00,
    0x00, 0x00, 0x00, 0x00,     0x00, 0x00, 0x00, 0x00,     0x00, 0x00, 0x00, 0x00,     0x00, 0x00, 0x00, 0x00,
    0x00, 0x00, 0x00, 0x00,     0x00, 0x00, 0x00, 0x00,     0x00, 0x00, 0x00, 0x00,     0x00, 0x00, 0x00, 0x00,
    0x00, 0x00, 0x00, 0x00,     0x00, 0x00, 0x00, 0x00,     0x00, 0x00, 0x00, 0x00,     0x00, 0x00, 0x00, 0x00,
    0x00, 0x00, 0x00, 0x00,     0x00, 0x00, 0x00, 0x00,     0x00, 0x00, 0x00, 0x00,     0x00, 0x00, 0x00, 0x00,
    0x00, 0x00, 0x00, 0x00,     0x00, 0x00, 0x00, 0x00,     0x00, 0x00, 0x00, 0x00,     0x00, 0x00, 0x00, 0x00,
    0x00, 0x00, 0x00, 0x00,     0x00, 0x00, 0x00, 0x00,     0x00, 0x00, 0x00, 0x00,     0x00, 0x00, 0x00, 0x00,
    0x00, 0x00, 0x00, 0x00,     0x00, 0x00, 0x00, 0x00,     0x00, 0x00, 0x00, 0x00,     0x00, 0x00, 0x00, 0x00,
    0x00, 0x00, 0x00, 0x00,     0x00, 0x00, 0x00, 0x00,     0x00, 0x00, 0x00, 0x00,     0x00, 0x00, 0x00, 0x00,
    0x00, 0x00, 0x00, 0x00,     0x00, 0x00, 0x00, 0x00,     0x00, 0x00, 0x00, 0x00,     0x00, 0x00, 0x00, 0x00,
    0x00, 0x00, 0x00, 0x00,     0x00, 0x00, 0x00, 0x00,     0x00, 0x00, 0x00, 0x00,     0x00, 0x00, 0x00, 0x00,
    0x00, 0x00, 0x00, 0x00,     0x00, 0x00, 0x00, 0x00,     0x00, 0x00, 0x00, 0x00,     0x00, 0x00, 0x00, 0x00,
    0x00, 0x00, 0x00, 0x00,     0x00, 0x00, 0x00, 0x00,     0x00, 0x00, 0x00, 0x00,     0x00, 0x00, 0x00, 0x00,
    0x00, 0x00, 0x00, 0x00,     0x00, 0x00, 0x00, 0x00,     0x00, 0x00, 0x00, 0x00,     0x00, 0x00, 0x00, 0x00,
    0x00, 0x00, 0x00, 0x00,     0x00, 0x00, 0x00, 0x00,     0x00, 0x00, 0x00, 0x00,     0x00, 0x00, 0x00, 0x00,
    0x00, 0x00, 0x00, 0x00,     0x00, 0x00, 0x00, 0x00,     0x00, 0x00, 0x00, 0x00,     0x00, 0x00, 0x00, 0x00,
    0x00, 0x00, 0x00, 0x00,     0x00, 0x00, 0x00, 0x00,     0x00, 0x00, 0x00, 0x00,     0x00, 0x00, 0x00, 0x00,
    0x00, 0x00, 0x00, 0x00,     0x00, 0x00, 0x00, 0x00,     0x00, 0x00, 0x00, 0x00,     0x00, 0x00, 0x00, 0x00,
    0x00, 0x00, 0x00, 0x00,     0x00, 0x00, 0x00, 0x00,     0x00, 0x00, 0x00, 0x00,     0x00, 0x00, 0x00, 0x00,
    0x00, 0x00, 0x00, 0x00,     0x00, 0x00, 0x00, 0x00,     0x00, 0x00, 0x00, 0x00,     0x00, 0x00, 0x00, 0x00,
    0x00, 0x00, 0x00, 0x00,     0x00, 0x00, 0x00, 0x00,     0x00, 0x00, 0x00, 0x00,     0x00, 0x00, 0x00, 0x00,
    0x00, 0x00, 0x00, 0x00,     0x00, 0x00, 0x00, 0x00,     0x00, 0x00, 0x00, 0x00,     0x00, 0x00, 0x00, 0x00,
    0x00, 0x00, 0x00, 0x00,     0x00, 0x00, 0x00, 0x00,     0x00, 0x00, 0x00, 0x00,     0x00, 0x00, 0x00, 0x00,
    0x00, 0x00, 0x00, 0x00,     0x00, 0x00, 0x00, 0x00,     0x00, 0x00, 0x00, 0x00,     0x00, 0x00, 0x00, 0x00,
    0x00, 0x00, 0x00, 0x00,     0x00, 0x00, 0x00, 0x00,     0x00, 0x00, 0x00, 0x00,     0x00, 0x00, 0x00, 0x00,
    0x00, 0x00, 0x00, 0x00,     0x00, 0x00, 0x00, 0x00,     0x00, 0x00, 0x00, 0x00,     0x00, 0x00, 0x00, 0x00,
    0x00, 0x00, 0x00, 0x00,     0x00, 0x00, 0x00, 0x00,     0x00, 0x00, 0x00, 0x00,     0x00, 0x00, 0x00, 0x00,
    0x00, 0x00, 0x00, 0x00,     0x00, 0x00, 0x00, 0x00,     0x00, 0x00, 0x00, 0x00,     0x00, 0x00, 0x00, 0x00,
    0x00, 0x00, 0x00, 0x00,     0x00, 0x00, 0x00, 0x00,     0x00, 0x00, 0x00, 0x00,     0x00, 0x00, 0x00, 0x00,
    0x00, 0x00, 0x00, 0x00,     0x00, 0x00, 0x00, 0x00,     0x00, 0x00, 0x00, 0x00,     0x00, 0x00, 0x00, 0x00,
    0x00, 0x00, 0x00, 0x00,     0x00, 0x00, 0x00, 0x00,     0x00, 0x00, 0x00, 0x00,     0x00, 0x00, 0x00, 0x00,
    0x00, 0x00, 0x00, 0x00,     0x00, 0x00, 0x00, 0x00,     0x00, 0x00, 0x00, 0x00,     0x00, 0x00, 0x00, 0x00,
    0x00, 0x00, 0x00, 0x00,     0x00, 0x00, 0x00, 0x00,     0x00, 0x00, 0x00, 0x00,     0x00, 0x00, 0x00, 0x00,
    0x00, 0x00, 0x00, 0x00,     0x00, 0x00, 0x00, 0x00,     0x00, 0x00, 0x00, 0x00,     0x00, 0x00, 0x00, 0x00,
    0x00, 0x00, 0x00, 0x00,     0x00, 0x00, 0x00, 0x00,     0x00, 0x00, 0x00, 0x00,     0x00, 0x00, 0x00, 0x00,
    0x00, 0x00, 0x00, 0x00,     0x00, 0x00, 0x00, 0x00,     0x00, 0x00, 0x00, 0x00,     0x00, 0x00, 0x00, 0x00,
    0x00, 0x00, 0x00, 0x00,     0x00, 0x00, 0x00, 0x00,     0x00, 0x00, 0x00, 0x00,     0x00, 0x00, 0x00, 0x00,
    0x00, 0x00, 0x00, 0x00,     0x00, 0x00, 0x00, 0x00,     0x00, 0x00, 0x00, 0x00,     0x00, 0x00, 0x00, 0x00,
    0x00, 0x00, 0x00, 0x00,     0x00, 0x00, 0x00, 0x00,     0x00, 0x00, 0x00, 0x00,     0x00, 0x00, 0x00, 0x00,
    0x00, 0x00, 0x00, 0x00,     0x00, 0x00, 0x00, 0x00,     0x00, 0x00, 0x00, 0x00,     0x00, 0x00, 0x00, 0x00,
    0x00, 0x00, 0x00, 0x00,     0x00, 0x00, 0x00, 0x00,     0x00, 0x00, 0x00, 0x00,     0x00, 0x00, 0x00, 0x00,
    0x00, 0x00, 0x00, 0x00,     0x00, 0x00, 0x00, 0x00,     0x00, 0x00, 0x00, 0x00,     0x00, 0x00, 0x00, 0x00,
    0x00, 0x00, 0x00, 0x00,     0x00, 0x00, 0x00, 0x00,     0x00, 0x00, 0x00, 0x00,     0x00, 0x00, 0x00, 0x00,
    0x00, 0x00, 0x00, 0x00,     0x00, 0x00, 0x00, 0x00,     0x00, 0x00, 0x00, 0x00,     0x00, 0x00, 0x00, 0x00,
    0x00, 0x00, 0x00, 0x00,     0x00, 0x00, 0x00, 0x00,     0x00, 0x00, 0x00, 0x00,     0x00, 0x00, 0x00, 0x00,
    0x00, 0x00, 0x00, 0x00,     0x00, 0x00, 0x00, 0x00,     0x00, 0x00, 0x00, 0x00,     0x00, 0x00, 0x00, 0x00,
    0x00, 0x00, 0x00, 0x00,     0x00, 0x00, 0x00, 0x00,     0x00, 0x00, 0x00, 0x00,     0x00, 0x00, 0x00, 0x00,
    0x00, 0x00, 0x00, 0x00,     0x00, 0x00, 0x00, 0x00,     0x00, 0x00, 0x00, 0x00,     0x00, 0x00, 0x00, 0x00,
    0x00, 0x00, 0x00, 0x00,     0x00, 0x00, 0x00, 0x00,     0x00, 0x00, 0x00, 0x00,     0x00, 0x00, 0x00, 0x00,
    0x00, 0x00, 0x00, 0x00,     0x00, 0x00, 0x00, 0x00,     0x00, 0x00, 0x00, 0x00,     0x00, 0x00, 0x00, 0x00,
    0x00, 0x00, 0x00, 0x00,     0x00, 0x00, 0x00, 0x00,     0x00, 0x00, 0x00, 0x00,     0x00, 0x00, 0x00, 0x00,
    0x00, 0x00, 0x00, 0x00,     0x00, 0x00, 0x00, 0x00,     0x00, 0x00, 0x00, 0x00,     0x00, 0x00, 0x00, 0x00,
    0x00, 0x00, 0x00, 0x00,     0x00, 0x00, 0x00, 0x00,     0x00, 0x00, 0x00, 0x00,     0x00, 0x00, 0x00, 0x00,
    0x00, 0x00, 0x00, 0x00,     0x00, 0x00, 0x00, 0x00,     0x00, 0x00, 0x00, 0x00,     0x00, 0x00, 0x00, 0x00,
    0x00, 0x00, 0x00, 0x00,     0x00, 0x00, 0x00, 0x00,     0x00, 0x00, 0x00, 0x00,     0x00, 0x00, 0x00, 0x00,
    0x00, 0x00, 0x00, 0x00,     0x00, 0x00, 0x00, 0x00,     0x00, 0x00, 0x00, 0x00,     0x00, 0x00, 0x00, 0x00,
    0x00, 0x00, 0x00, 0x00,     0x00, 0x00, 0x00, 0x00,     0x00, 0x00, 0x00, 0x00,     0x00, 0x00, 0x00, 0x00,
    0x00, 0x00, 0x00, 0x00,     0x00, 0x00, 0x00, 0x00,     0x00, 0x00, 0x00, 0x00,     0x00, 0x00, 0x00, 0x00,
    0x00, 0x00, 0x00, 0x00,     0x00, 0x00, 0x00, 0x00,     0x00, 0x00, 0x00, 0x00,     0x00, 0x00, 0x00, 0x00,
    0x00, 0x00, 0x00, 0x00,     0x00, 0x00, 0x00, 0x00,     0x00, 0x00, 0x00, 0x00,     0x00, 0x00, 0x00, 0x00,
    0x00, 0x00, 0x00, 0x00,     0x00, 0x00, 0x00, 0x00,     0x00, 0x00, 0x00, 0x00,     0x00, 0x00, 0x00, 0x00,
    0x00, 0x00, 0x00, 0x00,     0x00, 0x00, 0x00, 0x00,     0x00, 0x00, 0x00, 0x00,     0x00, 0x00, 0x00, 0x00,
    0x00, 0x00, 0x00, 0x00,     0x00, 0x00, 0x00, 0x00,     0x00, 0x00, 0x00, 0x00,     0x00, 0x00, 0x00, 0x00,
    0x00, 0x00, 0x00, 0x00,     0x00, 0x00, 0x00, 0x00,     0x00, 0x00, 0x00, 0x00,     0x00, 0x00, 0x00, 0x00,
    0x00, 0x00, 0x00, 0x00,     0x00, 0x00, 0x00, 0x00,     0x00, 0x00, 0x00, 0x00,     0x00, 0x00, 0x00, 0x00,
    0x00, 0x00, 0x00, 0x00,     0x00, 0x00, 0x00, 0x00,     0x00, 0x00, 0x00, 0x00,     0x00, 0x00, 0x00, 0x00,
    0x00, 0x00, 0x00, 0x00,     0x00, 0x00, 0x00, 0x00,     0x00, 0x00, 0x00, 0x00,     0x00, 0x00, 0x00, 0x00,
    0x00, 0x00, 0x00, 0x00,     0x00, 0x00, 0x00, 0x00,     0x00, 0x00, 0x00, 0x00,     0x00, 0x00, 0x00, 0x00,
    0x00, 0x00, 0x00, 0x00,     0x00, 0x00, 0x00, 0x00,     0x00, 0x00, 0x00, 0x00,     0x00, 0x00, 0x00, 0x00,
    0x00, 0x00, 0x00, 0x00,     0x00, 0x00, 0x00, 0x00,     0x00, 0x00, 0x00, 0x00,     0x00, 0x00, 0x00, 0x00,
    0x00, 0x00, 0x00, 0x00,     0x00, 0x00, 0x00, 0x00,     0x00, 0x00, 0x00, 0x00,     0x00, 0x00, 0x00, 0x00,
    0x00, 0x00, 0x00, 0x00,     0x00, 0x00, 0x00, 0x00,     0x00, 0x00, 0x00, 0x00,     0x00, 0x00, 0x00, 0x00,
    0x00, 0x00, 0x00, 0x00,     0x00, 0x00, 0x00, 0x00,     0x00, 0x00, 0x00, 0x00,     0x00, 0x00, 0x00, 0x00
};

const uint32_t icon-folder_width  = 128;
const uint32_t icon-folder_height = 128;
const uint32_t icon-folder_size   = sizeof(icon-folder);
